School Id,School Name,Address,City,State,Zip Code,Men Arrested,Women Arrested,Total,People arrested using Weapons,People arrested using Drugs,People arrested using Liquor,Suspensions Per 100 Students Year 1 %,Suspensions Per 100 Students Year 2 %,Suspensions Per 100 Students Avg %,Misconducts To Suspensions Year 1 %,Misconducts To Suspensions Year 2 %,Misconducts To Suspensions Avg %
E00254,LMU - LOYOLA LAW SCHOOL,919 SOUTH ALBANY STREET,LOS ANGELES,CA,90015,5678,8122,13800,10,65,20,,,8.1,,,18.8
E00341,STANFORD UNIVERSITY - STANFORD LAW SCHOO,559 NATHAN ABBOTT WAY,STANFORD,CA,94305,43,93,136,13,45,75,1.2,1.4,8.1,5.1,35.3,18.8
E00374,UNIV OF CALIFORNIA LOS ANG SCH MED,FIN AID OFFICE 12-109 CHS,LOS ANGELES,CA,90095,16,18,34,15,39,12,20.6,5.7,8.1,18.9,6.3,18.8
E00375,UNIV OF CALIFORNIA LOS ANG DENTAL,A3042 DENTAL BLDG,LOS ANGELES,CA,90095,2,133,135,8,22,62,6.4,3.4,8.1,16,12.5,18.8
E00480,WHITTIER COLLEGE - COLLEGE OF LAW,3333 HARBOR BOULEVARD,COSTA MESA,CA,92626,2762,3521,6283,9,23,53,,,8.1,,,18.8
E00554,ANTIOCH UNIV/LOS ANGELES,400 CORPORATE POINTE,CULVER CITY,CA,90230,5280,5669,10949,11,19,85,,,8.1,,,18.8
E00556,ANTIOCH UNIV/SANTA BARBARA,801 GARDEN STR SUITE 101,SANTA BARBARA,CA,93101,5280,5669,10949,20,55,48,3.2,5.7,8.1,8.6,14.4,18.8
E00727,INSTITUTE FOR BUSINESS & TECHNOLOGY - NA,11080 WHITE ROCK ROAD,RANCHO CORDOVA,CA,95670,126,169,295,14,62,66,17.2,11.9,8.1,34.3,38.7,18.8
E00914,PLATT COLLEGE,3700 INLAND EMPIRE BLVD STE400,ONTARIO,CA,91764,45,28,73,7,44,99,15.5,12.5,8.1,37.8,37.4,18.8
E00959,PLATT COLLEGE - ANAHEIM,1551 SOUTH DOUGLASS ROAD,ANAHEIM,CA,92806,183,145,328,15,77,38,,,8.1,,,18.8
E00961,TRINITY INTERNATIONAL UNIV-CA,2200 N. GRAND AVE,SANTA ANA,CA,92705,46,33,79,19,40,33,1.2,3.8,8.1,31.3,28,18.8
E01182,KAPLAN COLLEGE - PALM SPRINGS,2475 EAST TAHQUITZ CANYON WAY,PALM SPRINGS,CA,92262,349,1194,1543,8,22,62,26.3,32.1,8.1,33.7,60.1,18.8
E01191,KAPLAN COLLEGE - BAKERSFIELD,1914 WIBLE ROAD,BAKERSFIELD,CA,93304,20,26,46,9,23,53,8.2,7.6,8.1,6.9,9.1,18.8
E01197,KAPLAN COLLEGE - FRESNO,44 SHAW AVENUE,CLOVIS,CA,93612,13724,15657,29381,11,19,85,0.4,0.5,8.1,1.5,2.2,18.8
E01285,KAPLAN COLLEGE - RIVERSIDE,4040 VINE STREET,RIVERSIDE,CA,92507,13724,15657,29381,20,55,48,4.9,4.5,8.1,13.1,17.4,18.8
E01713,CAREER CARE INSTITUTE - VENTURA,2151 ALESSANDRO DRIVE,VENTURA,CA,93001,13724,15657,29381,14,62,66,13.9,12.2,8.1,21.8,18.8,18.8
E01826,UNITED EDUCATION INSTITUTE - ONTARIO,4730 ONTARIO MILLS PARKWAY,ONTARIO,CA,91764,5833,8566,14399,7,44,99,17,7.3,8.1,37.8,39.6,18.8
E01827,UNITED EDUCATION INSTITUTE - ENCINO,5445 BALBOA BOULEVARD,ENCINO,CA,91316,1070,1063,2133,10,65,20,0,0.2,8.1,0,8.3,18.8
E01841,KAPLAN COLLEGE - CHULA VISTA,"CHULA VISTA CENTER, SUITE 144",CHULA VISTA,CA,91910,1070,1063,2133,13,45,75,0.1,0.1,8.1,3.4,7.7,18.8
E01882,EVEREST COLLEGE - SANTA ANA,500 WEST SANTA ANA BOULEVARD,SANTA ANA,CA,92701,138,239,377,15,39,12,1.5,9.8,8.1,43.8,52.2,18.8
E01886,UNITED EDUCATION INSTITUTE - CHULA VISTA,310 THIRD AVENUE,CHULA VISTA,CA,91910,59,17,76,8,22,62,1.9,2.3,8.1,60,31.8,18.8
E01887,UNITED EDUCATION INSTITUTE - EL MONTE,3401 RIO HONDO AVENUE,EL MONTE,CA,91731,3232,6743,9975,19,40,33,,,8.1,,,18.8
E01888,UNITED EDUCATION INSTITUTE - ANAHEIM,401 CARL KARCHER WAY,ANAHEIM,CA,92801,3232,6743,9975,8,22,62,,,8.1,,,18.8
E01928,UNITED EDUCATION INSTITUTE - UEI COLLEGE,2085 MONTIEL ROAD,SAN MARCOS,CA,92069,3232,6743,9975,9,23,53,,,8.1,,,18.8
E01947,CAREER CARE INSTITUTE - MORENO VALLEY,22500 TOWN CIRCLE SUITE 2205,MORENO VALLEY,CA,92553,3232,6743,9975,11,19,85,0.2,1.4,8.1,13.3,34.2,18.8
E01977,UEI COLLEGE-RIVERSIDE,1860 UNIVERSITY AVENUE,RIVERSIDE,CA,92507,3232,6743,9975,8,22,62,1,0,8.1,9.1,0,18.8
E02024,MEDIATECH INSTITUTE - OCEANSIDE,302 OCEANSIDE BOULEVARD,OCEANSIDE,CA,92054,3232,6743,9975,9,23,53,38.9,74.1,8.1,23,30.7,18.8
E02028,UNITED EDUCATION INSTITUTE - UEI COLLEGE,4994 CLAREMONT AVENUE,STOCKTON,CA,95207,3232,6743,9975,11,19,85,1.9,0.5,8.1,26.7,7.7,18.8
E02077,WESTMED COLLEGE - MERCED,"330 E. YOSEMITE AVE, STE. 201",MERCED,CA,95340,9055,11393,20448,20,55,48,2.3,0.2,8.1,24.6,9.1,18.8
E02091,NCP COLLEGE OF NURSING - HAYWARD CAMPUS,21615 HESPERIAN BOULEVARD,HAYWARD,CA,94541,1138,1970,3108,14,62,66,,,8.1,,,18.8
E02113,PAUL MITCHELL THE SCHOOL-COSTA MESA,3309 HYLAND AVENUE SUITE J,COSTA MESA,CA,92626,14,150,164,7,44,99,,,8.1,,,18.8
E02116,PAUL MITCHELL THE SCHOOL - SAN DIEGO,410 A STREET,SAN DIEGO,CA,92101,213,151,364,10,65,20,1.2,1.6,8.1,15.9,12,18.8
E02133,PLATT COLLEGE - RIVERSIDE,"6465 SYCAMORE CANYON BLVD, STE. 100",RIVERSIDE,CA,92507,2832,3395,6227,13,45,75,4.4,1.8,8.1,32.7,14.3,18.8
E02208,ADVANCE BEAUTY COLLEGE - LAGUNA HILLS,23565 MOULTON PARKWAY STES A AND B,LAGUNA HILLS,CA,92653,2832,3395,6227,15,39,12,,,8.1,,,18.8
E40398,HUSSIAN SCHOOL OF ART-RELATIVITY CAMPUS,1201 W. 5TH STREET,LOS ANGELES,CA,90017,2832,3395,6227,9,23,53,2.4,7.7,8.1,15.1,8.5,18.8
E40424,UEI COLLEGE - BAKERSFIELD,3737 ROSEDALE HIGHWAY,BAKERSFIELD,CA,93308,46,0,46,11,19,85,1.5,0.7,8.1,8.2,6.7,18.8
G01120,AMER BAPT SEM OF THE WEST-BERKELEY,2606 DWIGHT WAY,BERKELEY,CA,94704,463,954,1417,20,55,48,1.5,1.5,8.1,14.3,20.5,18.8
G01165,CHURCH DIV SCH OF THE PACIFIC,2451 RIDGE RD,BERKELEY,CA,94709,5573,6096,11669,14,62,66,3.8,1,8.1,43.4,6.1,18.8
G01169,CLAREMONT GRADUATE UNIVERSITY,170 E 10TH ST,CLAREMONT,CA,91711,42,184,226,7,44,99,1.5,7.3,8.1,10.2,31.4,18.8
G01200,FULLER THEOLOGICAL SEMINARY,135 N OAKLAND,PASADENA,CA,91182,392,1096,1488,10,65,20,,,8.1,,,18.8
G01207,GRADUATE THEOLOGICAL UNION,2400 RIDGE ROAD,BERKELEY,CA,94709,6144,6942,13086,13,45,75,21.1,10.2,8.1,45.8,28.6,18.8
G01256,PACIFIC SCHOOL OF RELIGION,1798 SCENIC AVE,BERKELEY,CA,94709,6144,6942,13086,15,39,12,0,0,8.1,0,0,18.8
G01279,SAN FRANCISCO THEOLOGICAL SEMINARY,105 SEMINARY ROAD,SAN ANSELMO,CA,94960,2973,5568,8541,8,22,62,0.9,2,8.1,9.3,47.1,18.8
G01288,CLAREMONT SCHOOL OF THEOLOGY,1325 N COLLEGE AVE,CLAREMONT,CA,91711,2973,5568,8541,9,23,53,20.3,9.8,8.1,19.3,8.4,18.8
G01295,SOUTHWESTERN LAW SCHOOL,3050 WILSHIRE BOULEVARD,LOS ANGELES,CA,90010,2973,5568,8541,11,19,85,0,0.1,8.1,0,20,18.8
G03947,UC-HASTINGS COLLEGE OF THE LAW,200 MCALLISTER ST,SAN FRANCISCO,CA,94102,2973,5568,8541,5,29,63,14.1,17.7,8.1,11.8,65.7,18.8
G04080,STARR KING SCHOOL FOR THE MINISTRY,2441 LE CONTE AVENUE,BERKELEY,CA,94709,2973,5568,8541,14,28,54,,,8.1,,,18.8
G06976,UNIVERSITY OF SAN DIEGO - SCHOOL OF LAW,5998 ALCALA PARK,SAN DIEGO,CA,92110,742,1233,1975,16,32,52,,,8.1,,,18.8
G08846,WRIGHT INSTITUTE,2728 DURANT AVE,BERKELEY,CA,94704,742,1233,1975,10,43,76,0,0,8.1,0,0,18.8
G10013,ALLIANT INTERNATIONAL UNIVERSITY - LOS A,1000 SOUTH FREMONT AVENUE,ALHAMBRA,CA,91803,447,503,950,13,45,75,,,8.1,,,18.8
G10333,JESUIT SCHOOL OF THEOLOGY - BERKELEY,1735 LEROY AVENUE,BERKELEY,CA,94709,1518,737,2255,15,39,12,0.3,0.7,8.1,10.3,8.2,18.8
G10441,PARDEE RAND GRADUATE SCHOOL,1776 MAIN STREET,SANTA MONICA,CA,90407,1715,2411,4126,8,22,62,0.8,0,8.1,16.7,0,18.8
G11792,FRANCISCAN SCHOOL OF THEOLOGY,4050 MISSION AVENUE,OCEANSIDE,CA,92057,1715,2411,4126,60,22,19,,,8.1,,,18.8
G11881,ALLIANT INTERNATIONAL UNIVERSITY - SAN F,ONE BEACH STREET,SAN FRANCISCO,CA,94133,1715,2411,4126,16,25,56,,,8.1,,,18.8
G13103,CALIFORNIA WESTERN SCHOOL OF LAW,225 CEDAR STREET,SAN DIEGO,CA,92101,1715,2411,4126,13,66,25,,,8.1,,,18.8
G20961,FIELDING GRADUATE UNIVERSITY,2112 SANTA BARBARA STREET,SANTA BARBARA,CA,93105,11161,9783,20944,60,22,19,6.1,11.1,8.1,23.7,12.2,18.8
G21206,SAYBROOK GRADUATE SCHOOL,747 FRONT STREET,SAN FRANCISCO,CA,94111,1109,2400,3509,4,87,50,2.2,3.5,8.1,17.9,27,18.8
G22220,AMERICAN FILM INSTITUTE,2021 N WESTERN AVE,LOS ANGELES,CA,90027,1109,2400,3509,12,30,97,,,8.1,,,18.8
G22249,STANFORD UNIVERSITY - GRADUATE SCHOOL OF,"655 KNIGHT WAY, MCCLELLAND BUILDING",STANFORD,CA,94305,1109,2400,3509,23,56,74,59.5,26.4,8.1,7,46.7,18.8
G22372,PHILLIPS GRADUATE INSTITUTE,19900 PLUMMER STREET,CHATSWORTH,CA,91311,1109,2400,3509,19,28,48,0.7,0.4,8.1,100,100,18.8
G22676,INSTITUTE OF TRANSPERSONAL PSYCHLGY,1069 EAST MEADOW CIRCLE,PALO ALTO,CA,94303,1109,2400,3509,21,36,57,14.2,12.3,8.1,45.8,45.4,18.8
G22768,WESTMINSTER SEMINARY CALIFORNIA,1725 BEAR VALLEY PKY,ESCONDIDO,CA,92027,1109,2400,3509,16,44,23,0.8,3.2,8.1,2.9,13.3,18.8
G24552,STANFORD UNIVERSITY - SCHOOL OF MEDICINE,1265 WELCH ROAD,STANFORD,CA,94305,1109,2400,3509,8,63,25,,,8.1,,,18.8
G25111,ALLIANT INTERNATIONAL UNIVERSITY - FRESN,5130 EAST CLINTON WAY,FRESNO,CA,93727,1109,2400,3509,16,25,56,0.4,0.6,8.1,7.9,18.2,18.8
G31268,PACIFICA GRADUATE INSTITUTE,249 LAMBERT ROAD,CARPINTERIA,CA,93013,3526,5702,9228,13,66,25,,,8.1,,,18.8
G32883,ACAD CHINESE CULTURE & HEALTH SCIS,1601 CLAY STREET,OAKLAND,CA,94512,3244,6038,9282,60,22,19,6.7,4,8.1,37,21.4,18.8
G35924,IRELL & MANELLA GRADUATE SCHOOL OF BIOLO,1500 EAST DUARTE ROAD,DUARTE,CA,91010,3244,6038,9282,4,87,50,3.9,1.9,8.1,80,30.8,18.8
G38533,KECK GRADUATE INSTITUTE OF APPLIED LIFE,535 WATSON DRIVE,CLAREMONT,CA,91711,7851,12173,20024,12,30,97,3.8,3.2,8.1,34.3,78.5,18.8
G41004,TAFT UNIVERSITY SYSTEM (THE),3700 SOUTH SUSAN STREET,SANTA ANA,CA,92704,7851,12173,20024,23,56,74,15.1,13.3,8.1,22.7,20.3,18.8
G41555,"ACADEMY FOR JEWISH RELIGION, CALIFORNIA",574 HILGARD AVENUE,LOS ANGELES,CA,90024,13124,10593,23717,19,28,48,7.8,4.8,8.1,35.3,20.6,18.8
G42174,HIGH TECH HIGH GRADUATE SCHOOL OF EDUCAT,2861 WOMBLE ROAD,SAN DIEGO,CA,92106,8042,9178,17220,21,36,57,3.4,1.5,8.1,13.6,10.7,18.8
1111,ALLAN HANCOCK COLLEGE,800 SO COLLEGE DRIVE,SANTA MARIA,CA,93454,5173,9462,14635,16,44,23,6.1,8.2,8.1,16.6,42.9,18.8
1113,ANTELOPE VALLEY COLLEGE,3041 WEST AVE K,LANCASTER,CA,93536,10052,14084,24136,12,30,97,1.4,1.7,8.1,15.2,18.4,18.8
1116,ART CENTER COLLEGE OF DESIGN,1700 LIDA STREET,PASADENA,CA,91103,17338,21610,38948,23,56,74,2.1,1.6,8.1,22.7,18.2,18.8
1117,AZUSA PACIFIC UNIVERSITY,901 EAST ALOSTA AVENUE,AZUSA,CA,91702,17338,21610,38948,19,28,48,3.6,5.2,8.1,7.7,37.1,18.8
1118,BAKERSFIELD COLLEGE,1801 PANORAMA DRIVE,BAKERSFIELD,CA,93305,17338,21610,38948,21,36,57,0.6,1.5,8.1,2.9,6.7,18.8
1119,BARSTOW COMMUNITY COLLEGE,2700 BARSTOW ROAD,BARSTOW,CA,92311,17338,21610,38948,16,44,23,6,5.7,8.1,27.5,25.4,18.8
1122,BIOLA UNIVERSITY,13800 BIOLA AVE,LA MIRADA,CA,90639,17338,21610,38948,5,29,63,16.5,6,8.1,43.3,36.2,18.8
1124,CABRILLO COLLEGE,6500 SOQUEL DRIVE,APTOS,CA,95003,5972,9556,15528,14,28,54,3.9,2.8,8.1,4.4,3.6,18.8
1125,CALIFORNIA BAPTIST UNIVERSITY,8432 MAGNOLIA AVE,RIVERSIDE,CA,92504,5972,9556,15528,16,32,52,9,24.5,8.1,16.9,25.1,18.8
1127,CALIFORNIA COLLEGE OF THE ARTS,1111 EIGHTH STREET,SAN FRANCISCO,CA,94107,5972,9556,15528,10,43,76,,,8.1,,,18.8
1131,CALIFORNIA INSTITUTE OF TECHNOLOGY,1201 E CALIFORNIA BLVD,PASADENA,CA,91125,16147,21299,37446,12,30,97,14.8,16,8.1,35.1,51.4,18.8
1132,CALIFORNIA INSTITUTE OF THE ARTS,24700 MCBEAN PARKWAY,VALENCIA,CA,91355,11563,16117,27680,23,56,74,1.6,0.7,8.1,83.3,33.3,18.8
1133,CALIFORNIA LUTHERAN UNIVERSITY,60 WEST OLSEN ROAD,THOUSAND OAKS,CA,91360,18784,22764,41548,4,87,50,5.5,2.4,8.1,27.3,9.6,18.8
1134,CALIFORNIA MARITIME ACADEMY,POST OFFICE BOX 1392,VALLEJO,CA,94590,13121,17163,30284,12,30,97,13,3.9,8.1,40.4,23.8,18.8
1137,CALIF STATE UNIV-FULLERTON,800 N STATE CLG BLVD FIN AID,FULLERTON,CA,92831,18966,19223,38189,23,56,74,5,2.9,8.1,47.1,47.5,18.8
1138,"CALIFORNIA STATE UNIVERSITY, EAST BAY",25800 CARLOS BEE BLVD,HAYWARD,CA,94542,18966,19223,38189,19,28,48,,,8.1,,,18.8
1139,CALIF STATE UNIV-LONG BEACH,1250 BELLFLOWER BOULEVARD,LONG BEACH,CA,90840,14893,20293,35186,21,36,57,,,8.1,,,18.8
1140,CALIF STATE UNIV-LOS ANGELES,5151 STATE UNIV DR,LOS ANGELES,CA,90032,14893,20293,35186,16,44,23,9.7,6.4,8.1,14.4,22.3,18.8
1141,"CALIF STATE UNIV, DOMINGUEZ HILLS",1000 E VICTORIA STREET,CARSON,CA,90747,14806,16030,30836,60,22,19,3.5,2.9,8.1,15.9,17.4,18.8
1142,CALIF STATE UNIV SAN BERNARDINO,5500 UNIVERSITY PKWY,SAN BERNARDINO,CA,92407,14806,16030,30836,4,87,50,,,8.1,,,18.8
1143,CAL POLY STATE UNIVERSITY,FINANCIAL AID OFFICE,SAN LUIS OBISPO,CA,93407,19683,22225,41908,12,30,97,0.4,0,8.1,1.1,0,18.8
1144,CALIF STATE POLYTECHNIC UNIV POMONA,3801 W TEMPLE AVE,POMONA,CA,91768,10483,10902,21385,23,56,74,0.6,1.5,8.1,30,58.3,18.8
1146,CALIF STATE UNIV - CHICO,400 WEST FIRST STREET,CHICO,CA,95929,17822,15084,32906,16,25,56,0.5,1.6,8.1,12.5,26.9,18.8
1147,CALIF STATE UNIV - FRESNO,5150 N MAPLE AVE MS JA64,FRESNO,CA,93740,1150,1957,3107,13,66,25,7.8,6.2,8.1,18,14.5,18.8
1149,HUMBOLDT STATE UNIVERSITY,1 HARPST ST,ARCATA,CA,95521,1150,1957,3107,60,22,19,2.2,1.3,8.1,7.9,7.1,18.8
1150,CALIF STATE UNIV-SACRAMENTO,6000 J ST,SACRAMENTO,CA,95819,1150,1957,3107,4,87,50,3.9,4.5,8.1,84,64.8,18.8
1151,SAN DIEGO STATE UNIVERSITY,5500 CAMPANILE DRIVE,SAN DIEGO,CA,92182,1150,1957,3107,12,30,97,,,8.1,,,18.8
1153,CALIF STATE UNIV-NORTHRIDGE,18111 NORDHOFF ST,NORTHRIDGE,CA,91330,11326,12171,23497,23,56,74,,,8.1,,,18.8
1154,SAN FRANCISCO STATE UNIVERSITY,1600 HOLLOWAY AVE,SAN FRANCISCO,CA,94132,8644,9224,17868,19,28,48,3.5,10.1,8.1,15.5,22.2,18.8
1155,SAN JOSE STATE UNIVERSITY,ONE WASHINGTON SQUARE,SAN JOSE,CA,95192,109,187,296,21,36,57,,,8.1,,,18.8
1156,SONOMA STATE UNIVERSITY,1801 E COTATI AVE,ROHNERT PARK,CA,94928,1,53,54,16,44,23,0.4,1.4,8.1,14.3,17.5,18.8
1157,CALIF STATE UNIV-STANISLAUS,ONE UNIVERSITY CIRCLE,TURLOCK,CA,95382,15,3,18,8,22,62,0.1,0.1,8.1,3.3,4.2,18.8
1161,CERRITOS COLLEGE,11110 ALONDRA BLVD,NORWALK,CA,90650,216,164,380,9,23,53,,,8.1,,,18.8
1162,CHABOT COLLEGE,25555 HESPERIAN BOULEVARD,HAYWARD,CA,94545,65,145,210,11,19,85,,,8.1,,,18.8
1163,CHAFFEY COLLEGE,5885 HAVEN AVENUE,RANCHO CUCAMONGA,CA,91737,65,145,210,20,55,48,7.4,2.8,8.1,5.3,3.2,18.8
1164,CHAPMAN UNIVERSITY,ONE UNIVERSITY DRIVE,ORANGE,CA,92866,608,840,1448,14,62,66,0.7,0.2,8.1,10.7,25,18.8
1166,CITRUS COLLEGE,1000 W FOOTHILL BLVD,GLENDORA,CA,91741,917,158,1075,7,44,99,0,0,8.1,0,0,18.8
1170,CLAREMONT MCKENNA COLLEGE,890 COLUMBIA AVE,CLAREMONT,CA,91711,264,364,628,10,65,20,0.9,1.1,8.1,4.1,12.5,18.8
1171,HARVEY MUDD COLLEGE,301 PLATT BOULEVARD,CLAREMONT,CA,91711,2389,4088,6477,5,29,63,47.4,27.8,8.1,31.8,18.5,18.8
1172,PITZER COLLEGE,1050 N. MILLS AVE,CLAREMONT,CA,91711,9474,8963,18437,14,28,54,8,21.8,8.1,18.4,20.7,18.8
1173,POMONA COLLEGE,550 N COLLEGE AVE,CLAREMONT,CA,91711,2,151,153,16,32,52,2.3,0.4,8.1,11.1,2.3,18.8
1174,SCRIPPS COLLEGE,1030 COLUMBIA AVE,CLAREMONT,CA,91711,93,263,356,10,43,76,0.7,1.1,8.1,22.2,30,18.8
1176,WEST HILLS COMMUNITY COLLEGE,300 CHERRY LANE,COALINGA,CA,93210,93,263,356,11,19,85,15.7,51.4,8.1,31.5,30.7,18.8
1177,COGSWELL POLYTECHNICAL COLLEGE,1175 BORDEAUX DR,SUNNYVALE,CA,94089,252,55,307,23,56,74,1.8,0.8,8.1,75,66.7,18.8
1178,COLLEGE OF MARIN,835 COLLEGE AVENUE,KENTFIELD,CA,94904,223,208,431,4,87,50,1.4,1.8,8.1,86.7,22.1,18.8
1179,NOTRE DAME DE NAMUR UNIVERSITY,1500 RALSTON AVE,BELMONT,CA,94002,285,95,380,12,30,97,,,8.1,,,18.8
1181,COLLEGE OF SAN MATEO,1700 W HILLSDALE BLVD,SAN MATEO,CA,94402,179,10,189,23,56,74,,1.2,8.1,,75,18.8
B07022,THE CHICAGO SCHOOL OF PROF PSYCHOLOGY,325 NORTH WELLS STREET,CHICAGO,IL,60610,1717,3706,5423,19,28,48,1.8,2.6,8.1,9,60,18.8
E00377,UNIVERSITY OF CHICAGO GRADUATE,"970 EAST 58TH STREET, RM 411",CHICAGO,IL,60637,1717,3706,5423,13,45,75,2.8,1.7,8.1,7.8,10.9,18.8
E00512,"UNIV OF CHICAGO, BOOTH SCH OF BUS",5807 S. WOODLAWN,CHICAGO,IL,60637,1,14,15,15,39,12,4.2,2,8.1,31.3,35.6,18.8
E00606,SO IL UNIV-SCHL OF DENTAL MEDICINE,2800 COLLEGE AVENUE,ALTON,IL,62002,4420,5523,9943,8,22,62,,,8.1,,,18.8
E00773,CHICAGO KENT COLLEGE OF LAW,565 W ADAMS STREET,CHICAGO,IL,60661,2389,4088,6477,9,23,53,,,8.1,,,18.8
E00784,EDUCATORS OF BEAUTY,128 S. 5TH STREET,ROCKFORD,IL,61104,2174,3097,5271,11,19,85,8,7.8,8.1,44.8,94.1,18.8
E00983,PACIFIC COLLEGE OF ORIENTAL MEDICINE - C,65 E. WACKER PLACE,CHICAGO,IL,60601,4420,5523,9943,12,30,97,1.7,1.9,8.1,23.8,41.2,18.8
E01240,HAIR PROFESSIONALS ACADEMY OF COSMETOLOG,1100 NORTH SHERMAN,NAPERVILLE,IL,60563,4420,5523,9943,23,56,74,1.2,0,8.1,75,0,18.8
E01244,RASMUSSEN COLLEGE - ROCKFORD,"6000 EAST STATE STREET, 4TH FLOOR",ROCKFORD,IL,61108,2174,3097,5271,19,28,48,6.8,10.4,8.1,14.6,36.8,18.8
E01510,RASMUSSEN COLLEGE - AURORA,"2363 SEQUOIA DRIVE, SUITE 131",AURORA,IL,60506,2174,3097,5271,21,36,57,78.4,23.3,8.1,32,5,18.8
E01649,RASMUSSEN COLLEGE - ROMEOVILLE,1400 WEST NORMANTOWN ROAD,ROMEOVILLE,IL,60446,2174,3097,5271,13,45,75,4.6,11.9,8.1,10.5,9,18.8
E01717,CORTIVA INSTITUTE - CHICAGO,241 COMMERCE DRIVE,CRYSTAL LAKE,IL,60014,268,317,585,16,44,23,,,8.1,,,18.8
E01865,RASMUSSEN COLLEGE - MOKENA,8650 WEST SPRING LAKE ROAD,MOKENA,IL,60448,31,230,261,12,30,97,,,8.1,,,18.8
E02023,VATTEROTT COLLEGE - FAIRVIEW HEIGHTS,110 COMMERCE LANE,FAIRVIEW HEIGHTS,IL,62208,2,19,21,23,56,74,0.4,0.7,8.1,10,15.4,18.8
E02206,PAUL MITCHELL THE SCHOOL ESCANABA - PAUL,106 YORKTOWN CENTER,LOMBARD,IL,60148,2646,2692,5338,19,28,48,,,8.1,,,18.8
E40390,PAUL MITCHELL THE SCHOOL TINLEY PARK,18454 WEST CREEK DRIVE,TINLEY PARK,IL,60477,11,293,304,21,36,57,2,7.8,8.1,9.6,13.3,18.8
G01661,CHICAGO THEOLOGICAL SEMINARY,5757 S. UNIVERSITY AVENUE,CHICAGO,IL,60637,11,293,304,12,30,97,,,8.1,,,18.8
G01682,GARRETT-EVANGELICAL THEOLOGICAL SEM,2121 SHERIDAN RD,EVANSTON,IL,60201,0,99,99,10,65,20,,,8.1,,,18.8
G01698,JOHN MARSHALL LAW SCHOOL,315 S PLYMOUTH CT,CHICAGO,IL,60604,1,46,47,13,45,75,1.1,1.2,8.1,10.9,13,18.8
G01712,LUTHERAN SCHOOL OF THEOL AT CHICAGO,1100 EAST 55TH STREET,CHICAGO,IL,60615,0,79,79,15,39,12,13.9,10.1,8.1,13.3,15.6,18.8
G01721,MCCORMICK THEOLOGICAL SEMINARY,5460 S. UNIVERSITY AVENUE,CHICAGO,IL,60615,1,105,106,8,22,62,,0.5,8.1,,100,18.8
G01723,MEADVILLE LOMBARD THEOLOGICAL SCHOOL,5701 SOUTH WOODLAWN AVENUE,CHICAGO,IL,60637,3,41,44,5,29,63,15.2,12.6,8.1,54.5,54.6,18.8
G01736,NORTHERN BAPTIST THEOL SEMINARY,660 E BUTTERFIELD RD,LOMBARD,IL,60148,1,79,80,14,28,54,3.3,5.2,8.1,33.1,22.1,18.8
G01765,UNIVERSITY OF ST MARY OF THE LAKE,1000 E MAPLE AVENUE,MUNDELEIN,IL,60060,0,58,58,16,32,52,0.9,0.6,8.1,2.4,2.9,18.8
G09232,CATHOLIC THEOLOGICAL UNION,5401 SOUTH CORNELL AVENUE,CHICAGO,IL,60615,787,1295,2082,10,43,76,26.1,16.6,8.1,55.4,23.8,18.8
G10141,UNIV OF CHICAGO PRITZKER SCH OF MED,924 E 57TH ST SUITE 104,CHICAGO,IL,60637,787,1295,2082,7,44,99,0,0.3,8.1,0,15.4,18.8
G20681,ADLER UNIVERSITY,17 N. DEARBORN,CHICAGO,IL,60602,787,1295,2082,15,77,38,,,8.1,,,18.8
G20754,DEVRY UNIVERSITY - DOWNERS,3005 HIGHLAND PARKWAY,DOWNERS GROVE,IL,60515,236,139,375,19,40,33,10.2,9.1,8.1,10.1,30.7,18.8
G23192,LAKE FOREST GRAD SCHL OF MGMT,1905 WEST FIELD COURT,LAKE FOREST,IL,60045,0,10,10,12,30,97,,,8.1,,,18.8
G25737,INSTITUTE FOR CLINICAL SOCIAL WORK,401 SOUTH STATE STREET,CHICAGO,IL,60605,1229,1703,2932,23,56,74,83.6,49.4,8.1,12.3,14.3,18.8
G35103,ERIKSON INSTITUTE,451 NORTH LASALLE STREET,CHICAGO,IL,60654,282,1136,1418,19,28,48,1.5,1.8,8.1,36.4,43.5,18.8
G36843,NORTHSHORE UNIVERSITY HEALTHSYSTEM SCHOO,2650 RIDGE AVENUE,EVANSTON,IL,60201,1479,3288,4767,13,45,75,0.1,0,8.1,3.8,0,18.8
1628,AMERICAN ACADEMY OF ART,332 S MICHIGAN AVE,CHICAGO,IL,60604,121,132,253,15,39,12,6.2,6.7,8.1,22.6,28.9,18.8
1633,AUGUSTANA COLLEGE,639 38TH ST,ROCK ISLAND,IL,61201,8810,6581,15391,8,22,62,0.6,1.1,8.1,12.3,31.7,18.8
1634,AURORA UNIVERSITY,347 S GLADSTONE AVE,AURORA,IL,60506,8810,6581,15391,21,36,57,,,8.1,,,18.8
1636,SOUTHWESTERN ILLINOIS COLLEGE,2500 CARLYLE AVE,BELLEVILLE,IL,62221,1519,2470,3989,16,44,23,0.6,1.4,8.1,9.1,29.2,18.8
1638,BLACK HAWK COLLEGE,6600 34TH AVENUE,MOLINE,IL,61265,1519,2470,3989,8,63,25,62.6,85.3,8.1,34.6,42.4,18.8
1639,BLACKBURN COLLEGE,700 COLLEGE AVENUE,CARLINVILLE,IL,62626,1695,3855,5550,16,25,56,3.5,1.7,8.1,34.6,23.5,18.8
1640,PRAIRIE STATE COLLEGE,202 SOUTH HALSTED,CHICAGO HEIGHTS,IL,60411,1695,3855,5550,13,66,25,,,8.1,,,18.8
1641,BRADLEY UNIVERSITY,1501 W BRADLEY AVE,PEORIA,IL,61625,1355,2110,3465,60,22,19,25.7,49,8.1,16,18.4,18.8
1643,SPOON RIVER COLLEGE,23235 N COUNTY 22,CANTON,IL,61520,1355,2110,3465,12,30,97,0.2,0.5,8.1,7.7,28.6,18.8
1647,CITY COLLEGES OF CHICAGO,226 W JACKSON BLVD 11TH FLOOR,CHICAGO,IL,60606,3849,5618,9467,23,56,74,9,14.2,8.1,47.8,23,18.8
1648,TRUMAN COLLEGE,1145 W WILSON AVE,CHICAGO,IL,60640,3849,5618,9467,4,87,50,,,8.1,,,18.8
1649,RICHARD J DALEY COLLEGE,7500 S PULASKI RD,CHICAGO,IL,60652,3414,4951,8365,5,29,63,2.3,2.3,8.1,8.2,17,18.8
1650,CITY COLLEGES OF CHICAGO-MALCOLM X,1900 W VAN BUREN,CHICAGO,IL,60612,3414,4951,8365,14,28,54,,,8.1,,,18.8
1652,HAROLD WASHINGTON COLLEGE,30 E LAKE ST,CHICAGO,IL,60601,3777,5316,9093,16,32,52,1.2,1.6,8.1,19.5,10.7,18.8
1653,OLIVE-HARVEY COLLEGE,10001 SOUTH WOODLAWN AVE,CHICAGO,IL,60628,4492,6278,10770,10,43,76,1.7,1.9,8.1,92.3,68.4,18.8
1654,KENNEDY KING COLLEGE,6800 S WENTWORTH AVE,CHICAGO,IL,60621,4492,6278,10770,22,44,69,0.2,0.1,8.1,12.5,14.3,18.8
1655,WRIGHT COLLEGE,4300 N NARRAGANSETT AVE,CHICAGO,IL,60634,1739,3500,5239,11,16,47,2.4,2.3,8.1,13.3,20.6,18.8
1657,MIDWESTERN UNIVERSITY,555 31ST ST,DOWNERS GROVE,IL,60515,468,541,1009,9,23,99,0,0,8.1,0,0,18.8
1659,ROSALIND FRANKLIN UNIVERSITY OF MEDICINE,3333 GREEN BAY ROAD-FAO,NORTH CHICAGO,IL,60064,390,132,522,15,68,15,0.6,4,8.1,100,63.6,18.8
1663,SPERTUS COLLEGE,610 SOUTH MICHIGAN AVENUE,CHICAGO,IL,60605,1202,1490,2692,17,34,65,7.1,7.7,8.1,53.7,33.3,18.8
1664,UNIVERSITY OF ST FRANCIS,500 N WILCOX STREET,JOLIET,IL,60435,1202,1490,2692,16,25,56,,,8.1,,,18.8
1665,COLUMBIA COLLEGE,600 S MICHIGAN AVE,CHICAGO,IL,60605,273,266,539,13,66,25,0.4,1.5,8.1,6.3,25.9,18.8
1666,CONCORDIA UNIVERSITY,7400 AUGUSTA STREET,RIVER FOREST,IL,60305,3407,5113,8520,60,22,19,1,3.6,8.1,20,28.6,18.8
1669,DANVILLE AREA COMMUNITY COLLEGE,2000 EAST MAIN STREET,DANVILLE,IL,61832,4799,5537,10336,4,87,50,0.5,0.2,8.1,42.9,6.3,18.8
1671,DEPAUL UNIVERSITY,1 EAST JACKSON,CHICAGO,IL,60604,1299,1999,3298,12,30,97,,,8.1,,,18.8
1674,EASTERN ILLINOIS UNIVERSITY,600 LINCOLN AVENUE,CHARLESTON,IL,61920,316,379,695,19,28,48,1,1.1,8.1,2.9,45.5,18.8
1675,ELGIN COMMUNITY COLLEGE,1700 SPARTAN DR,ELGIN,IL,60123,13,230,243,13,45,75,6.1,1.6,8.1,22.5,4.9,18.8
1676,ELMHURST COLLEGE,190 PROSPECT AVENUE,ELMHURST,IL,60126,51,280,331,15,39,12,0.4,3.6,8.1,15.4,35.8,18.8
1678,EUREKA COLLEGE,300 COLLEGE AVE,EUREKA,IL,61530,156,181,337,8,22,62,1.4,7.2,8.1,8.7,28.2,18.8
1681,HIGHLAND COMMUNITY COLLEGE,2998 W PEARL CITY RD,FREEPORT,IL,61032,18,17,35,5,29,63,1.4,0.8,8.1,17.2,13.8,18.8
1684,GREENVILLE COLLEGE,P.O. BOX 159,GREENVILLE,IL,62246,1986,3952,5938,14,28,54,0,0,8.1,0,0,18.8
1685,HEBREW THEOLOGICAL COLLEGE,7135 NORTH CARPENTER ROAD,SKOKIE,IL,60077,4,50,54,16,32,52,0,0,8.1,0,0,18.8
1688,ILLINOIS COLLEGE,1101 WEST COLLEGE,JACKSONVILLE,IL,62650,628,693,1321,10,43,76,1.4,1,8.1,32,27.3,18.8
1689,ILLINOIS COLLEGE OF OPTOMETRY,3241 S MICHIGAN ST,CHICAGO,IL,60616,5,221,226,20,55,48,20.6,9.3,8.1,31.8,12.2,18.8
1691,ILLINOIS INSTITUTE OF TECHNOLOGY,3300 S FEDERAL ST,CHICAGO,IL,60616,3,60,63,14,62,66,9.6,62.3,8.1,45.7,40,18.8
1692,ILLINOIS STATE UNIVERSITY,302 HOVEY HALL CAMPUS BOX 1000,NORMAL,IL,61790,1,87,88,10,43,76,,,8.1,,,18.8
1693,NORTHEASTERN ILLINOIS UNIV,5500 NO ST LOUIS,CHICAGO,IL,60625,26,128,154,11,19,85,1.6,1.8,8.1,26.4,57.1,18.8
1694,CHICAGO STATE UNIVERSITY,9501 SOUTH KING DR,CHICAGO,IL,60628,69,457,526,23,56,74,0,0.2,8.1,0,28.6,18.8
1696,ILLINOIS WESLEYAN UNIVERSITY,1312 N. PARK STREET,BLOOMINGTON,IL,61701,703,1101,1804,4,87,50,,,8.1,,,18.8
1699,JOLIET JUNIOR COLLEGE,1215 HOUBOLT ROAD,JOLIET,IL,60431,1019,1195,2214,12,30,97,,,8.1,,,18.8
1700,JUDSON UNIVERSITY,1151 NO STATE STREET,ELGIN,IL,60123,13694,15354,29048,23,56,74,13.4,31.3,8.1,40.8,64.8,18.8
1701,KASKASKIA COLLEGE,27210 COLLEGE RD,CENTRALIA,IL,62801,2212,3742,5954,8,22,62,19.6,26.4,8.1,27.1,21,18.8
1703,KENDALL COLLEGE,900 N. NORTH BRANCH STREET,CHICAGO,IL,60622,175,472,647,9,23,53,0.2,0.1,8.1,20,5.9,18.8
1704,KNOX COLLEGE,**,GALESBURG,IL,61401,815,1027,1842,11,19,85,,,8.1,,,18.8
1705,ILLINOIS VALLEY COMMUNITY COLLEGE,815 N ORLANDO SMITH AVENUE,OGLESBY,IL,61348,4377,5327,9704,8,22,62,1.5,1.1,8.1,5.9,2.7,18.8
1706,LAKE FOREST COLLEGE,555 N SHERIDAN RD,LAKE FOREST,IL,60045,4377,5327,9704,9,23,53,10.4,20.3,8.1,28.4,31.3,18.8
1707,LEWIS UNIVERSITY,ONE UNIVERSITY PARKWAY,ROMEOVILLE,IL,60446,459,496,955,11,19,85,21.7,30.3,8.1,10.9,47.4,18.8
1708,LINCOLN CHRISTIAN UNIVERSITY,100 CAMPUS VIEW DRIVE,LINCOLN,IL,62656,524,771,1295,15,39,12,74.2,69.9,8.1,30.8,17.2,18.8
1709,LINCOLN COLLEGE,300 KEOKUK ST,LINCOLN,IL,62656,5127,2665,7792,9,23,53,,,8.1,,,18.8
1710,LOYOLA UNIVERSITY CHICAGO,1032 WEST SHERIDAN ROAD,CHICAGO,IL,60626,5127,2665,7792,11,19,85,,,8.1,,,18.8
1716,MACCORMAC COLLEGE,29 EAST MADISON,CHICAGO,IL,60602,201,499,700,20,55,48,4.4,3.4,8.1,50,57.6,18.8
1717,MACMURRAY COLLEGE,447 E COLLEGE AVE,JACKSONVILLE,IL,62650,9139,11621,20760,14,62,66,0.2,0.8,8.1,0.7,3.4,18.8
1722,MCKENDREE UNIVERSITY,701 COLLEGE ROAD,LEBANON,IL,62254,1389,1921,3310,11,44,22,2.5,1.5,8.1,18.6,13.9,18.8
1724,MILLIKIN UNIVERSITY,1184 WEST MAIN,DECATUR,IL,62522,17,99,116,12,63,33,56.8,75.9,8.1,42.6,6.1,18.8
1725,MONMOUTH COLLEGE,700 EAST BROADWAY,MONMOUTH,IL,61462,29,59,88,11,19,85,4.1,9.2,8.1,37.1,8.6,18.8
1727,MOODY BIBLE INSTITUTE,820 NORTH LASALLE BOULEVARD,CHICAGO,IL,60610,1531,2044,3575,20,55,48,2.2,2.2,8.1,12.7,26.5,18.8
1728,MORTON COLLEGE,3801 SOUTH CENTRAL,CICERO,IL,60804,619,585,1204,14,62,66,11,10.8,8.1,33.7,42.8,18.8
1732,NATIONAL UNIV OF HEALTH SCIENCES,200 E ROOSEVELT RD,LOMBARD,IL,60148,829,1187,2016,11,44,22,1.9,0,8.1,4.2,0,18.8
1733,NATIONAL-LOUIS UNIVERSITY,122 SOUTH MICHIGAN AVENUE,CHICAGO,IL,60603,6790,8154,14944,12,63,33,,,8.1,,,18.8
1734,NORTH CENTRAL COLLEGE,30 N BRAINARD PO BOX 3063,NAPERVILLE,IL,60540,517,757,1274,23,25,45,10.6,5.9,8.1,38.2,41.7,18.8
1735,NORTH PARK UNIVERSITY,FIN AID OFF-3225 W FOSTER AVE,CHICAGO,IL,60625,517,757,1274,19,66,19,0.8,0,8.1,33.3,0,18.8
1737,NORTHERN ILLINOIS UNIVERSITY,ALTGELD HALL - ROOM 300A,DEKALB,IL,60115,1266,2040,3306,21,22,11,9.5,6.8,8.1,83.3,78.3,18.8
1739,NORTHWESTERN UNIV,1801 HINMAN AVE 2ND FLOOR,EVANSTON,IL,60208,1895,2577,4472,13,30,25,1.3,8.4,8.1,14.8,47.9,18.8
1741,OLIVET NAZARENE UNIVERSITY,ONE UNIVERSITY AVENUE,BOURBONNAIS,IL,60914,330,945,1275,16,56,30,2.5,0.5,8.1,6.5,1.8,18.8
1742,IL EASTERN COMM COLGS-OLNEY CENTRAL,305 NORTH WEST STREET,OLNEY,IL,62450,1859,2205,4064,15,87,50,0,0,8.1,0,0,18.8
1745,QUINCY UNIVERSITY,1800 COLLEGE AVENUE,QUINCY,IL,62301,571,826,1397,23,56,74,5.7,4.6,8.1,9.9,18,18.8
1746,ROBERT MORRIS UNIVERSITY ILLINOIS,401 SOUTH STATE STREET,CHICAGO,IL,60605,6837,8127,14964,19,28,48,0,0,8.1,0,0,18.8
1747,ROCK VALLEY COLLEGE,3301 N MULFORD RD,ROCKFORD,IL,61114,698,902,1600,21,36,57,3.6,4.3,8.1,5.9,4.1,18.8
1748,ROCKFORD UNIVERSITY,5050 E STATE ST,ROCKFORD,IL,61108,212,189,401,16,44,23,0,0.7,8.1,0,2.8,18.8
1749,ROOSEVELT UNIVERSITY,430 S MICHIGAN AVE,CHICAGO,IL,60605,212,189,401,8,22,62,1.5,0.4,8.1,9.6,8,18.8
1750,DOMINICAN UNIVERSITY,7900 WEST DIVISION STREET,RIVER FOREST,IL,60305,2366,2875,5241,9,23,53,,,8.1,,,18.8
1752,SAUK VALLEY COMMUNITY COLLEGE,173 ILLINOIS RT 2,DIXON,IL,61021,45,271,316,16,25,56,7,2.2,8.1,45.5,9.6,18.8
1753,SCHOOL OF ART INSTITUTE OF CHICAGO,36 S WABASH AVE,CHICAGO,IL,60603,45,271,316,13,66,25,,,8.1,,,18.8
1756,SHIMER COLLEGE,3424 SOUTH STATE STREET,CHICAGO,IL,60616,3634,4280,7914,60,22,19,5,2.4,8.1,12.3,21.6,18.8
1757,SOUTHEASTERN ILLINOIS COLLEGE,3575 COLLEGE ROAD,HARRISBURG,IL,62946,703,1101,1804,4,87,50,0.8,0.7,8.1,4.6,7.6,18.8
E00505,ST JOSEPH'S COLLEGE-SUFFOLK CAMPUS,155 ROE BLVD,PATCHOGUE,NY,11772,1341,200,1541,16,44,23,,,8.1,,,18.8
E00546,NY INSTITUTE OF TECHNOLOGY-OSTEOPATHIC M,NORTHERN BOULEVARD,OLD WESTBURY,NY,11568,2079,5177,7256,5,29,63,,,8.1,,,18.8
E00911,PACIFIC COLLEGE OF ORIENTAL MEDICINE - N,915 BROADWAY,NEW YORK,NY,10010,2079,5177,7256,14,28,54,12.6,10.4,8.1,42.1,58.2,18.8
E00922,ITT TECHNICAL INSTITUTE,13 AIRLINE DRIVE,ALBANY,NY,12205,2079,5177,7256,16,32,52,1.1,2.4,8.1,26.8,37.1,18.8
E01255,LINCOLN TECHNICAL INSTITUTE - WHITESTONE,15-30 PETRACCA PLACE,WHITESTONE,NY,11357,2079,5177,7256,10,43,76,2.9,4.1,8.1,0.3,0.5,18.8
E01670,RIDLEY - LOWELL BUSINESS & TECHNICAL INS,26 SOUTH HAMILTON STREET,POUGHKEEPSIE,NY,12601,2079,5177,7256,12,30,97,0,2.5,8.1,0,62.5,18.8
E01719,CONTINENTAL SCHOOL OF BEAUTY CULTURE - B,326 KENMORE AVENUE,BUFFALO,NY,14223,1682,2311,3993,15,39,12,9.1,5.5,8.1,10.9,21.7,18.8
E01739,MAKE-UP DESIGNORY -,375 W. BROADWAY,NEW YORK,NY,10012,312,134,446,9,23,53,0,1.7,8.1,0,44.4,18.8
E01740,ALLEN SCHOOL - BROOKLYN,188 MONTAGUE STREET,BROOKLYN,NY,11201,76,353,429,11,19,85,,,8.1,,,18.8
E01868,FINGER LAKES SCHOOL OF MASSAGE (THE) -,272 NORTH BEDFORD ROAD,MOUNT KISCO,NY,10549,589,893,1482,20,55,48,5.3,0.9,8.1,4.8,1.5,18.8
E01897,CONTINENTAL SCHOOL OF BEAUTY CULTURE - M,2803 BREWERTON ROAD,MATTYDALE,NY,13211,589,893,1482,14,62,66,20.4,9.7,8.1,78.7,57.1,18.8
E01999,CONTINENTAL SCHOOL OF BEAUTY CULTURE -,215 MAIN STREET,BATAVIA,NY,14020,208,206,414,11,44,22,,,8.1,,,18.8
E02126,"JOHN PAOLO'S XTREME BEAUTY INSTITUTE, GO",4948 COMMERCIAL DRIVE,NEW YORK MILLS,NY,13417,385,437,822,12,63,33,3.3,1.6,8.1,8.1,75,18.8
E02188,NEW YORK MEDICAL CAREER TRAINING CENTER,500 8TH AVENUE,NEW YORK,NY,10018,1073,1213,2286,60,22,19,1.6,1,8.1,9.1,6.1,18.8
G02669,BANK STREET COLLEGE OF EDUCATION,610 W 112TH ST,NEW YORK,NY,10025,27,346,373,13,66,25,,,8.1,,,18.8
G02674,NEW YORK THEOLOGICAL SEMINARY,475 RIVERSIDE DRIVE,NEW YORK,NY,10115,19,87,106,60,22,19,,,8.1,,,18.8
G02677,BROOKLYN LAW SCHOOL,250 JORALEMON STREET,BROOKLYN,NY,11201,87,174,261,4,87,50,1.9,0.5,8.1,68.8,37.5,18.8
G02700,COLGATE ROCHESTER CROZER DIVINITY S,1100 S GOODMAN STREET,ROCHESTER,NY,14620,170,323,493,12,30,97,,,8.1,,,18.8
G02726,GENERAL THEOLOGICAL SEMINARY,175 NINTH AVENUE,NEW YORK,NY,10011,51,241,292,19,28,48,8.6,1.1,8.1,26.9,40.9,18.8
G02749,NEW YORK COLLEGE OF PODIATRIC MED,53 EAST 124TH STREET,NEW YORK,NY,10035,481,1028,1509,13,45,75,7.7,11.3,8.1,4.1,22,18.8
G02783,NEW YORK LAW SCHOOL,57 WORTH ST,NEW YORK,NY,10013,481,1028,1509,15,39,12,,,8.1,,,18.8
G02784,NEW YORK MEDICAL COLLEGE,ADMINISTRATION BLDG,VALHALLA,NY,10595,1130,22,1152,8,22,62,,,8.1,,,18.8
G02807,ROCKEFELLER UNIVERSITY,1230 YORK AVENUE,NEW YORK,NY,10021,4,60,64,16,32,52,,,8.1,,,18.8
G02822,CHRIST THE KING SEMINARY,711 KNOX ROAD,EAST AURORA,NY,14052,0,179,179,10,43,76,,,8.1,,,18.8
G02833,ST VLADIMIR ORTHODOX THEOL SEM,575 SCARSDALE RD,CRESTWOOD,NY,10707,56,206,262,11,19,85,4,5.7,8.1,57.1,12.4,18.8
G02886,ALBANY LAW SCHOOL,80 NEW SCOTLAND AVE,ALBANY,NY,12208,66,584,650,23,56,74,4.6,1.9,8.1,27.8,13.3,18.8
G02887,ALBANY MEDICAL COLLEGE,47 NEW SCOTLAND ADM R214/MC-1,ALBANY,NY,12208,1022,1310,2332,4,87,50,9.5,6.7,8.1,24,1.8,18.8
G02890,UNION THEOLOGICAL SEMINARY,3041 BROADWAY,NEW YORK,NY,10027,1022,1310,2332,12,30,97,3,4.8,8.1,9.1,6.3,18.8
G03979,COLUMBIA UNIV TEACHERS COLLEGE,525 WEST 120TH STREET BOX 309,NEW YORK,NY,10027,1,2547,2548,15,39,12,3.7,2.8,8.1,23.7,33.3,18.8
G04054,HEBREW UNION COL-JEWISH INST OF REL,ONE WEST 4TH STREET,NEW YORK,NY,10012,282,13,295,8,22,62,2.7,10.4,8.1,5.9,33.5,18.8
G04762,WEILL CORNELL MEDICAL COLLEGE AND GRADUA,1300 YORK AVENUE,NEW YORK,NY,10021,1564,2839,4403,9,23,53,3,1,8.1,28.1,16.1,18.8
G07026,MOUNT SINAI SCHOOL OF MEDICINE,ONE GUSTAVE L LEVY PLACE,NEW YORK,NY,10029,1564,2839,4403,11,19,85,15.8,7.5,8.1,47.9,51.6,18.8
G09895,YESHIVA UNIVERSITY - BRONX CAMPUS,1300 MORRIS PARK AVENUE,BRONX,NY,10461,1564,2839,4403,20,55,48,,,8.1,,,18.8
G24601,UNIV OF ROCHESTER SCHL OF MEDICINE,601 ELMWOOD AVE BOX 601,ROCHESTER,NY,14642,25,0,25,14,62,66,14.8,10.1,8.1,79.3,78.9,18.8
G31913,CUNY SCHOOL OF LAW @ QUEENS COLLEGE,65-21 MAIN STREET,FLUSHING,NY,11367,44,0,44,7,44,99,4.6,1,8.1,15.4,2.2,18.8
G32163,UNIFICATION THEOLOGICAL SEMINARY,30 SEMINARY DRIVE,BARRYTOWN,NY,12507,52,202,254,14,28,54,28.4,28.7,8.1,18,21.1,18.8
G34194,NORTHEASTERN SEMINARY,2265 WESTSIDE DRIVE,ROCHESTER,NY,14624,4,110,114,16,32,52,21.8,7.2,8.1,38.3,27.5,18.8
G34433,NEW YORK COLLEGE OF TRADITIONAL CHINESE,155 FIRST STREET,MINEOLA,NY,11501,237,758,995,10,43,76,0.3,1,8.1,9.3,9,18.8
G38813,CLARKSON UNIVERSITY - CAPITAL REGION CAM,80 NOTT TERRACE,SCHENECTADY,NY,12308,190,291,481,7,44,99,,,8.1,,,18.8
G41798,SOTHEBY'S INSTITUTE OF ART - NY,"570 LEXINGTON AVENUE, 6TH FLOOR",NEW YORK,NY,10022,431,924,1355,15,77,38,,,8.1,,,18.8
G42076,AMERICAN ACADEMY OF PERSONAL TRAINING,138 WEST 14TH STREET,NEW YORK,NY,10011,431,924,1355,19,40,33,,,8.1,,,18.8
G42238,ELECTRICAL TRAINING CENTER (THE),65 ELM STREET,COPIAGUE,NY,11726,3,111,114,10,65,20,14.7,15.2,8.1,7.2,10.1,18.8
2665,VAUGHN COLLEGE OF AERONAUTICS AND TECHNO,86-01 23RD AVENUE,EAST ELMHURST,NY,11369,5,180,185,5,29,63,,,8.1,,,18.8
2666,ADELPHI UNIVERSITY,SOUTH AVENUE,GARDEN CITY,NY,11530,599,576,1175,14,28,54,40.4,41.7,8.1,43.6,34.6,18.8
2668,ALFRED UNIVERSITY,STUDENT FIN AID OFC/SAXON DR,ALFRED,NY,14802,2558,3368,5926,16,32,52,29.8,26.2,8.1,52.8,36.6,18.8
2671,BARD COLLEGE,ANNANDALE RD,ANNANDALE-ON-HUDSON,NY,12504,64,253,317,10,43,76,1.6,2.1,8.1,26.5,19.3,18.8
2678,BRYANT & STRATTON COLLEGE,465 MAIN STREET SUITE 400,BUFFALO,NY,14203,67,272,339,11,19,85,2,2.4,8.1,6.2,14.1,18.8
2681,CANISIUS COLLEGE,2001 MAIN STREET,BUFFALO,NY,14208,139,350,489,23,56,74,9.3,19.6,8.1,29.6,24.7,18.8
2685,CAZENOVIA COLLEGE,22 SULLIVAN STREET,CAZENOVIA,NY,13035,139,461,600,7,44,99,12.8,3.9,8.1,18,5.4,18.8
2686,CITY UNIV OF NEW YORK-CENTRAL,535 EAST 80TH ST,NEW YORK,NY,10021,79,297,376,15,77,38,23.7,19.7,8.1,5.5,5.1,18.8
2687,CUNY-BROOKLYN COLLEGE,BEDFORD AVE AVE H,BROOKLYN,NY,11210,1724,2176,3900,19,40,33,0.5,0.7,8.1,6.1,6.6,18.8
2688,CITY COLLEGE-CUNY,138TH ST & CONVENT AVE,NEW YORK,NY,10031,4,206,210,8,22,62,1.4,1.4,8.1,42.9,5.3,18.8
2689,CUNY-HUNTER COLLEGE,695 PARK AVE,NEW YORK,NY,10021,4,206,210,9,23,53,3.2,1.1,8.1,84.4,20.5,18.8
2690,QUEENS COLLEGE-CUNY,65-30 KISSENA BLVD,FLUSHING,NY,11367,70,447,517,4,87,50,5.2,16,8.1,66.7,67.1,18.8
2691,CUNY- BOROUGH OF MANHATTAN CMTY CLG,199 CHAMBERS STREET,NEW YORK,NY,10007,1663,2521,4184,12,30,97,0,0,8.1,0,0,18.8
2692,CUNY BRONX COMMUNITY COLLEGE,UNIVERSITY AVE & WEST 181 ST,BRONX,NY,10453,1663,2521,4184,15,39,12,3.2,11.5,8.1,13.6,19.5,18.8
2693,CUNY-JOHN JAY CLG CRIMINAL JUSTICE,445 WEST 59TH STREET,NEW YORK,NY,10019,275,797,1072,8,22,62,11,9.7,8.1,81.4,68.7,18.8
2694,KINGSBOROUGH COMMUNITY COLLEGE,2001 ORIENTAL BOULEVARD,BROOKLYN,NY,11235,641,0,641,9,23,53,1.1,1.4,8.1,5.5,19.3,18.8
2696,NY CITY COLLEGE OF TECHNOLOGY-CUNY,300 JAY ST /RM NG-13/NAMM HALL,BROOKLYN,NY,11201,21,36,57,9,23,53,1.8,1,8.1,3.7,10,18.8
2697,QUEENSBOROUGH COMMUNITY COLLEGE,222-05 56TH AVENUE FIN AID OFF,BAYSIDE,NY,11364,57,27,84,11,19,85,4.3,1.1,8.1,51.6,26,18.8
2698,CUNY THE COLLEGE OF STATEN ISLAND,2800 VICTORY BLVD. 2A-104,STATEN ISLAND,NY,10314,6,323,329,20,55,48,,,8.1,,,18.8
2699,CLARKSON UNIVERSITY,PO BOX 5615,POTSDAM,NY,13699,19,40,59,14,62,66,,,8.1,,,18.8
2701,COLGATE UNIVERSITY,13 OAK DRIVE,HAMILTON,NY,13346,2710,1200,3910,11,44,22,4.3,4.7,8.1,37,21.4,18.8
2703,COLLEGE OF MOUNT SAINT VINCENT,6301 RIVERDALE AVE,RIVERDALE,NY,10471,770,1043,1813,23,25,45,,,8.1,,,18.8
2704,COLLEGE OF NEW ROCHELLE,CASTLE PLACE,NEW ROCHELLE,NY,10805,14,75,89,19,66,19,1,3.2,8.1,50,54.2,18.8
2705,COLLEGE OF SAINT ROSE,432 WESTERN AVE,ALBANY,NY,12203,44,40,84,21,22,11,0.2,0.7,8.1,2.5,13.3,18.8
2707,COLUMBIA UNIVERSITY IN THE CITY OF NEW Y,210 KENT HALL,NEW YORK,NY,10027,1273,1588,2861,13,30,25,0.5,0.3,8.1,18.2,20,18.8
2708,BARNARD COLLEGE-COLUMBIA UNIV,3009 BROADWAY,NEW YORK,NY,10027,329,866,1195,16,56,30,0.2,0,8.1,4,0,18.8
2709,CONCORDIA COLLEGE,171 WHITE PLAINS ROAD,BRONXVILLE,NY,10708,13893,14193,28086,10,65,20,,,8.1,,,18.8
2710,COOPER UNION,30 COOPER SQUARE,NEW YORK,NY,10003,637,1140,1777,13,45,75,1.4,6.2,8.1,5.9,8.7,18.8
2711,CORNELL UNIVERSITY,203 DAY HALL,ITHACA,NY,14853,11,122,133,15,39,12,2.6,5.5,8.1,1.7,5,18.8
2712,D'YOUVILLE COLLEGE,320 PORTER AVE,BUFFALO,NY,14201,373,783,1156,8,22,62,1.3,1.6,8.1,6.4,10.5,18.8
2713,DOMINICAN COLLEGE,470 WESTERN HIGHWAY,ORANGEBURG,NY,10962,6,89,95,5,29,63,0,0,8.1,0,0,18.8
2718,ELMIRA COLLEGE,1 PARK PLACE,ELMIRA,NY,14901,3,34,37,14,28,54,3.1,1,8.1,18.2,20,18.8
2722,FORDHAM UNIVERSITY,441 E FORDHAM ROAD,BRONX,NY,10458,4,255,259,14,28,54,1.2,0,8.1,18.2,0,18.8
2727,PACE UNIVERSITY - WHITE PLAINS,78 N. BROADWAY,WHITE PLAINS,NY,10603,660,312,972,16,32,52,2.8,6,8.1,6.1,12,18.8
2728,HAMILTON COLLEGE,198 COLLEGE HILL ROAD,CLINTON,NY,13323,11223,10681,21904,10,43,76,4.8,9.2,8.1,13.3,8.4,18.8
2729,HARTWICK COLLEGE,**,ONEONTA,NY,13820,5963,6059,12022,12,30,97,1.7,1.4,8.1,18.2,12.8,18.8
2731,HOBART & WILLIAM SMITH COLLEGES,337 PULTENEY,GENEVA,NY,14456,494,543,1037,23,56,74,7.8,12.9,8.1,41.1,24.5,18.8
2732,HOFSTRA UNIVERSITY,126 HOFSTRA UNIVERSITY,HEMPSTEAD,NY,11549,494,543,1037,4,87,50,4.1,5.1,8.1,61,53.6,18.8
2734,HOUGHTON COLLEGE,1 WILLARD AVE.,HOUGHTON,NY,14744,494,543,1037,12,30,97,3.2,9.6,8.1,15.3,19.5,18.8
2735,HILBERT COLLEGE,5200 SO PARK AVE,HAMBURG,NY,14075,9199,9234,18433,10,65,20,2.7,1.7,8.1,72.7,83.3,18.8
2737,IONA COLLEGE,715 NORTH AVENUE,NEW ROCHELLE,NY,10801,637,1140,1777,13,45,75,0.3,3,8.1,11.1,41.7,18.8
2739,ITHACA COLLEGE,FINANCIAL AID- 330 EGBERT HALL,ITHACA,NY,14850,275,797,1072,15,39,12,0,0.5,8.1,0,11.4,18.8
2740,JEWISH THEOLOGICAL SEMINARY OF AMER,3080 BROADWAY,NEW YORK,NY,10027,1657,2315,3972,8,22,62,,,8.1,,,18.8
2742,THE JUILLIARD SCHOOL,60 LINCOLN CENTER PLAZA,NEW YORK,NY,10023,1657,2315,3972,9,23,53,2.1,3.3,8.1,100,82.4,18.8
2744,KEUKA COLLEGE,141 CENTRAL AVENUE,KEUKA PARK,NY,14478,32,267,299,22,44,69,,,8.1,,,18.8
2748,LEMOYNE COLLEGE,1419 SALT SPRING ROAD,SYRACUSE,NY,13214,1435,1424,2859,11,16,47,0.6,6,8.1,10.5,54.8,18.8
2751,LONG ISLAND UNIVERSITY,UNIVERSITY CENTER,BROOKVILLE,NY,11548,9199,9234,18433,9,23,99,2.4,1.3,8.1,33.8,42.4,18.8
2758,MANHATTAN COLLEGE,4513 MANHATTAN COLLEGE PKWY,RIVERDALE,NY,10471,415,961,1376,15,68,15,0,2.8,8.1,0,17.7,18.8
2759,MANHATTAN SCHOOL OF MUSIC,120 CLAREMONT AVE,NEW YORK,NY,10027,4896,6538,11434,17,34,65,0.7,0.2,8.1,15.8,6.7,18.8
2760,MANHATTANVILLE COLLEGE,2900 PURCHASE STREET,PURCHASE,NY,10577,6885,10525,17410,16,25,56,0,0.4,8.1,0,25,18.8
2763,MARIA COLLEGE,700 NEW SCOTLAND AVENUE,ALBANY,NY,12208,373,783,1156,13,66,25,1.4,4.6,8.1,28.6,24.6,18.8
2765,MARIST COLLEGE,3399 NORTH ROAD,POUGHKEEPSIE,NY,12601,8123,11397,19520,60,22,19,,,8.1,,,18.8
2769,MARYMOUNT MANHATTAN COLLEGE,221 EAST 71 STREET,NEW YORK,NY,10021,7110,8383,15493,20,55,48,1.6,0.3,8.1,5.2,6.3,18.8
2772,MERCY COLLEGE,555 BROADWAY,DOBBS FERRY,NY,10522,128,233,361,14,62,66,16.5,18.8,8.1,54.2,65.9,18.8
2775,MOLLOY COLLEGE,1000 HEMPSTEAD AVE,ROCKVILLE CENTRE,NY,11570,2941,5570,8511,11,44,22,102.1,193.4,8.1,23.9,21.9,18.8
2777,MEDAILLE COLLEGE,18 AGASSIZ CIRCLE,BUFFALO,NY,14214,5,19,24,14,62,66,3,1.5,8.1,24.8,14.8,18.8
2778,MOUNT SAINT MARY COLLEGE,FIN AID OFF-330 POWELL AVE,NEWBURGH,NY,12550,849,2060,2909,11,44,22,63.3,54.7,8.1,49.4,72.4,18.8
2779,NAZARETH COLLEGE OF ROCHESTER,4245 EAST AVE,ROCHESTER,NY,14618,723,2044,2767,12,63,33,72.1,88.1,8.1,13.7,16.5,18.8
2780,THE NEW SCHOOL,66 W 12TH STREET,NEW YORK,NY,10011,723,2044,2767,23,25,45,5.3,8.9,8.1,18.5,25.2,18.8
2782,NEW YORK INSTITUTE OF TECHNOLOGY,2 NORTHERN BOULEVARD,OLD WESTBURY,NY,11568,34,0,34,19,66,19,1,3.3,8.1,28.6,13.6,18.8
2785,NEW YORK UNIVERSITY,70 WASHINGTON SQUARE SOUTH,NEW YORK,NY,10012,689,1372,2061,15,39,12,,,8.1,,,18.8
2788,NIAGARA UNIVERSITY,**,NIAGARA UNIVERSITY,NY,14109,4406,5140,9546,8,22,62,16.5,19.8,8.1,95.4,94,18.8
2790,NYACK COLLEGE,1 SOUTH BLVD,NYACK,NY,10960,17,110,127,5,29,63,1.1,0.9,8.1,31.6,25,18.8
2791,PACE UNIVERSITY - NEW YORK,ONE PACE PLAZA,NEW YORK,NY,10038,78,249,327,15,39,12,0.4,1.7,8.1,5.3,15,18.8
B42154,GRACE SCHOOL OF THEOLOGY,3705 COLLEGE PARK DR,CONROE,TX,77384,1823,2721,4544,9,23,53,,,8.1,,,18.8
E00673,REMINGTON COLLEGE - FT. WORTH CAMPUS,300 EAST LOOP 820,FT. WORTH,TX,76112,1823,2721,4544,20,47,81,8.9,11.1,8.1,8.9,17.5,18.8
E00711,INTERACTIVE LEARNING SYSTEMS,6200 HILLCROFT AVENUE SUITE 200,HOUSTON,TX,77081,2265,2849,5114,22,53,54,,,8.1,,,18.8
E00819,SOUTHERN CAREERS INSTITUTE-PHARR,1414 NORTH JACKSON ROAD,PHARR,TX,78577,3783,6153,9936,6,41,22,1.7,8.4,8.1,11.9,12.1,18.8
E00820,SOUTHERN CAREERS INSTITUTE - CORPUS CHRI,2422 AIRLINE ROAD,CORPUS CHRISTI,TX,78414,1936,3205,5141,41,88,25,2.7,2,8.1,20.3,7.9,18.8
E00821,SOUTHERN CAREERS INSTITUTE - SAN ANTONIO,238 SOUTHWEST MILITARY DRIVE,SAN ANTONIO,TX,78221,3572,4911,8483,12,45,33,,,8.1,,,18.8
E00978,KAPLAN COLLEGE - BEAUMONT,PARKDALE MALL,BEAUMONT,TX,77706,131,73,204,16,58,82,0.6,1.1,8.1,9.1,15,18.8
E01008,VIRGINIA COLLEGE - VIRGINIA COLLEGE AT A,6301 EAST HIGHWAY 290,AUSTIN,TX,78723,11,225,236,7,16,65,2.2,4.2,8.1,21.2,33.8,18.8
E01009,KAPLAN COLLEGE - LAREDO,6410 MCPHERSON ROAD,LAREDO,TX,78041,835,807,1642,18,87,42,15.5,2.2,8.1,19.1,28.6,18.8
E01021,KAPLAN COLLEGE - CAREER CENTERS OF TEXAS,1620 SOUTH PADRE ISLAND DRIVE,CORPUS CHRISTI,TX,78416,596,659,1255,20,60,74,1,2.5,8.1,52.9,57.9,18.8
E01023,KAPLAN COLLEGE - BROWNSVILLE,1900 N. EXPRESSWAY,BROWNSVILLE,TX,78521,18699,22875,41574,11,44,22,0.6,0.9,8.1,10.3,46.2,18.8
E01027,KAPLAN COLLEGE - MCALLEN,1500 SOUTH JACKSON ROAD,MCALLEN,TX,78503,69,90,159,14,62,66,19.6,23.6,8.1,14.4,11.8,18.8
E01030,INTERACTIVE LEARNING SYSTEMS,256 NORTH SAM HOUSTON PARKWAY,HOUSTON,TX,77060,1,42,43,11,44,22,0.4,0,8.1,7.7,0,18.8
E01051,AMERICAN INTERCONTINENTAL UNIV - HOUSTON,9999 RICHMOND ROAD,HOUSTON,TX,77042,128,558,686,12,63,33,,,8.1,,,18.8
E01057,KAPLAN COLLEGE - LUBBOCK,1421 9TH STREET,LUBBOCK,TX,79401,109,24,133,23,25,45,4.9,4.2,8.1,32.1,51.7,18.8
E01104,KAPLAN COLLEGE - CAREER CENTERS OF TEXAS,2001 BEACH STREET,FORT WORTH,TX,76103,758,814,1572,19,66,19,,,8.1,,,18.8
E01173,REMINGTON COLLEGE - NORTH HOUSTON CAMPUS,11310 GREENS CROSSING BOULEVARD,HOUSTON,TX,77067,7373,9414,16787,15,39,12,4.6,0.8,8.1,45.6,28.6,18.8
E01195,TEXAS SCHOOL OF BUSINESS - FRIENDSWOOD C,BAYWOOD PLAZA,FRIENDSWOOD,TX,77546,1774,2676,4450,20,47,81,7.6,9.5,8.1,23.6,57.1,18.8
E01258,INTERNATIONAL ACADEMY OF DESIGN & TECHNO,4511 HORIZON HILL BOULEVARD,SAN ANTONIO,TX,78229,9697,10083,19780,22,53,54,0.2,6.7,8.1,33.3,47.4,18.8
E01300,SOUTH TEXAS VOCATIONAL TECHNICAL INSTITU,2144 CENTRAL BOULEVARD,BROWNSVILLE,TX,78520,263,627,890,6,41,22,1.6,1.6,8.1,12,7.3,18.8
E01301,SOUTHWEST SCHOOL OF BUSINESS AND TECHNIC,3900 NORTH 23RD STREET,MCALLEN,TX,78501,21,233,254,41,88,25,1.5,0.5,8.1,52.4,15.4,18.8
E01320,EVEREST COLLEGE - DALLAS,6080 NORTH CENTRAL EXPRESSWAY,DALLAS,TX,75206,2156,2065,4221,12,30,97,,,8.1,,,18.8
E01322,EVEREST INSTITUTE - BISSONNET,9700 BISSONNET STREET,HOUSTON,TX,77036,4582,5971,10553,23,56,74,2.5,10.9,8.1,11.1,37.5,18.8
E01338,EVEREST COLLEGE - ARLINGTON,"300 SIX FLAGS DRIVE, SUITE 100",ARLINGTON,TX,76011,2273,3362,5635,4,87,50,9.1,18.5,8.1,27.8,27.7,18.8
E01340,EVEREST INSTITUTE - HOUSTON GREENSPOINT,255 NORTHPOINT DRIVE,HOUSTON,TX,77060,10376,9186,19562,12,30,97,,,8.1,,,18.8
E01341,EVEREST INSTITUTE - HOUSTON HOBBY,7151 OFFICE CITY DRIVE,HOUSTON,TX,77087,1391,2217,3608,10,65,20,,,8.1,,,18.8
E01343,EVEREST INSTITUTE- AUSTIN,9100 US HIGHWAY 290 EAST,AUSTIN,TX,78754,69,90,159,13,45,75,,,8.1,,,18.8
E01378,INSTITUTE FOR BUSINESS & TECHNOLOGY - LA,5819 NORTHWEST LOOP 410,SAN ANTONIO,TX,78230,553,793,1346,9,23,53,4.2,2.7,8.1,15.5,12.2,18.8
E01598,MEDIATECH INSTITUTE - AUSTIN,200 ACADEMY SUITE A,AUSTIN,TX,78704,553,793,1346,11,19,85,1.7,3,8.1,19.1,10,18.8
E01599,MEDIATECH INSTITUTE - HOUSTON,3324 WALNUT BEND LANE,HOUSTON,TX,77042,1391,2217,3608,20,55,48,9.1,2.4,8.1,43.2,27.9,18.8
E01600,FORTIS COLLEGE - FORTIS INSTITUTE,401 EAST PALACE PARKWAY,GRAND PRAIRIE,TX,75050,553,793,1346,14,62,66,,,8.1,,,18.8
E01618,COMPUTER CAREER CENTER - AMARILLO CAMPUS,701 SOUTH TAYLOR STREET B-190,AMARILLO,TX,79101,903,1656,2559,7,44,99,,,8.1,,,18.8
E01648,COMPUTER CAREER CENTER - LUBBOCK CAMPUS,"4620 50TH STREET, SUITE 9",LUBBOCK,TX,79414,1,37,38,14,28,54,1.4,1.1,8.1,8.8,6.8,18.8
E01653,SOUTH TEXAS VOCATIONAL TECHNICAL INSTITU,2000 S. PADRE ISLAND DRIVE,CORPUS CHRISTI,TX,78416,4192,5426,9618,16,44,23,10.5,16.6,8.1,56.8,55.9,18.8
E01688,SOUTHERN CAREERS INSTITUTE - BROWNSVILLE,"1424 W. PRICE ROAD, STE. K",BROWNSVILLE,TX,78520,4617,7044,11661,5,29,63,0,1.4,8.1,0.5,29.7,18.8
E01689,SOUTHERN CAREERS INSTITUTE - HARLINGEN,603 ED CAREY DRIVE,HARLINGEN,TX,78550,15,261,276,14,28,54,4.1,2.9,8.1,16.4,17.5,18.8
E01845,KAPLAN COLLEGE - ARLINGTON,2241 S. WATSON ROAD,ARLINGTON,TX,76010,2045,3274,5319,16,32,52,4.5,2.7,8.1,51.9,31.2,18.8
E01874,EVEREST COLLEGE - FORT WORTH SOUTH,"4200 SOUTH FREEWAY, SUITE 1940",FORT WORTH,TX,76115,178,138,316,10,43,76,1,2.2,8.1,50,77.8,18.8
E02074,UTAH COLLEGE OF MASSAGE THERAPY - TEXAS,1055 S. SHERMAN STREET,RICHARDSON,TX,75801,43,102,145,12,30,97,3.2,5.2,8.1,38.8,67.5,18.8
E02094,VISTA COLLEGE - BEAUMONT,"3871 STAGG DRIVE, SUITE 186",BEAUMONT,TX,77701,1383,749,2132,16,32,52,1.2,1.4,8.1,1.6,7.7,18.8
E02095,VISTA COLLEGE - LONGVIEW,1905 WEST LOOP 281,LONGVIEW,TX,75604,1235,1152,2387,10,43,76,9.4,18.3,8.1,24.1,44.1,18.8
E02098,TEXAS BARBER COLLEGES & HAIRSTYLING SCHO,9888 FERGUSON,DALLAS,TX,75228,4745,6107,10852,11,19,85,0.4,0.2,8.1,7.1,9.1,18.8
E02099,TEXAS BARBER COLLEGES & HAIRSTYLING SCHO,5148 SOUTH LANCASTER,DALLAS,TX,75241,4745,6107,10852,23,56,74,0.7,0.3,8.1,17.1,13.6,18.8
E02100,TEXAS BARBER COLLEGES & HAIRSTYLING SCHO,610 C WEST CAVALCADE,HOUSTON,TX,77009,200,1349,1549,4,87,50,1.6,2.4,8.1,2.7,33.3,18.8
E02134,UTAH COLLEGE OF MASSAGE THERAPY - TEXAS,13163 NORTHWEST FREEWAY STE. A,HOUSTON,TX,77040,600,708,1308,12,30,97,,,8.1,,,18.8
E02135,SOUTH UNIVERSITY - AUSTIN,7700 WEST PARMER LANE,AUSTIN,TX,78729,704,1144,1848,20,47,81,,,8.1,,,18.8
E02158,VISTA COLLEGE - KILLEEN,1001 SOUTH FORT HOOD STREET,KILLEEN,TX,76541,s,7628,7628,22,53,54,6.4,2.2,8.1,19.5,3.1,18.8
E02174,SOUTHERN CAREERS INSTITUTE - SAN ANTONIO,6963 NW LOOP 410,SAN ANTONIO,TX,78238,5140,7358,12498,6,41,22,6.9,8.2,8.1,18.3,24.6,18.8
E02177,PCI HEALTH TRAINING CENTER - RICHARDSON,1300 INTERNATIONAL PARKWAY,RICHARDSON,TX,75081,5140,7358,12498,41,88,25,,,8.1,,,18.8
E02191,MYCOMPUTERCAREER.COM - DALLAS,545 EAST JOHN CARPENTER FREEWAY,IRVING,TX,75062,3004,5998,9002,12,45,33,,,8.1,,,18.8
E02192,MYCOMPUTERCAREER.COM - HOUSTON,5177 RICHMOND AVENUE,HOUSTON,TX,77056,12578,16186,28764,16,58,82,,,8.1,,,18.8
E40388,VISTA COLLEGE - COLLEGE STATION,2704 TEXAS AVENUE SOUTH,COLLEGE STATION,TX,77840,339,230,569,8,22,62,1.9,0.8,8.1,35,16.7,18.8
E40436,FLORIDA CAREER COLLEGE - UEI COLLEGE - H,70-A FARM TO MARKET ROAD 1960 WEST,HOUSTON,TX,77090,880,140,1020,9,23,53,0.3,0.6,8.1,1.8,28.6,18.8
G03544,AUSTIN PRESBYTERIAN THEOLOGICAL SEM,100 E 27TH ST,AUSTIN,TX,78705,43,53,96,11,19,85,14.6,8.9,8.1,48.9,26.9,18.8
G03562,DALLAS THEOLOGICAL SEM,3909 SWISS AVENUE,DALLAS,TX,75204,2,45,47,20,55,48,5,7.4,8.1,30.9,45.5,18.8
G03566,EPISCOPAL THEOLOGICAL SEMINARY OF THE SO,501 E 32ND STREET,AUSTIN,TX,78705,448,487,935,14,62,66,2.1,0.7,8.1,62.5,6,18.8
G03595,OBLATE SCHOOL OF THEOLOGY,285 OBLATE DR,SAN ANTONIO,TX,78216,6,79,85,7,44,99,0.7,0,8.1,100,0,18.8
G04977,SOUTH TEXAS COLLEGE OF LAW,1303 SAN JACINTO STREET,HOUSTON,TX,77002,6,79,85,15,77,38,,,8.1,,,18.8
G23202,HOUSTON GRADUATE SCHOOL OF THEOLOGY,4300-C WEST BELLFORT STREET,HOUSTON,TX,77035,6,79,85,19,40,33,1.3,1.4,8.1,11,10.3,18.8
G41527,ASTRODOME CAREER CENTERS,"2646 SOUTH LOOP WEST, SUITE 415",HOUSTON,TX,77054,614,845,1459,11,44,22,2.8,2.3,8.1,15.6,15.2,18.8
3537,ABILENE CHRISTIAN UNIVERSITY,1600 CAMPUS COURT,ABILENE,TX,79699,797,1274,2071,12,63,33,1.2,,8.1,100,,18.8
3539,ALVIN COMMUNITY COLLEGE,3110 MUSTANG RD,ALVIN,TX,77511,1878,2713,4591,23,25,45,10,12.8,8.1,30.2,54.8,18.8
3540,AMARILLO COLLEGE,2201 SOUTH WASHINGTON,AMARILLO,TX,79109,1878,2713,4591,19,66,19,0.6,1,8.1,10.5,18.2,18.8
3541,ANGELO STATE UNIVERSITY,2601 WEST AVENUE N,SAN ANGELO,TX,76909,550,309,859,15,39,12,0.6,3.8,8.1,15.4,37.9,18.8
3543,AUSTIN COLLEGE,900 NORTH GRAND,SHERMAN,TX,75090,550,309,859,10,43,76,0.3,0.5,8.1,5.7,12.1,18.8
3545,BAYLOR UNIVERSITY,PO BOX 97028,WACO,TX,76798,979,1133,2112,12,30,97,1.9,2.6,8.1,20,6.1,18.8
3546,COASTAL BEND COLLEGE,3800 CHARCO ROAD,BEEVILLE,TX,78102,1888,2780,4668,23,56,74,0.7,1.9,8.1,7.4,14.9,18.8
3549,BLINN COLLEGE,902 COLLEGE AVE,BRENHAM,TX,77833,1589,2425,4014,4,87,50,7.1,9.2,8.1,55.9,28.6,18.8
3553,CISCO JUNIOR COLLEGE,101 COLLEGE HEIGHTS,CISCO,TX,76437,1589,2425,4014,12,30,97,0.5,0.5,8.1,6.7,6.8,18.8
3554,CLARENDON COLLEGE,1122 COLLEGE DRIVE,CLARENDON,TX,79226,1132,2028,3160,10,65,20,,,8.1,,,18.8
3556,COMMONWEALTH INST OF FUNERAL SVC,415 BARREN SPRINGS DRIVE,HOUSTON,TX,77090,3482,5424,8906,12,30,97,0.8,1,8.1,7.1,9.4,18.8
3557,CONCORDIA UNIVERSITY TEXAS,11400 CONCORDIA UNIVERSITY DRIVE,AUSTIN,TX,78726,3482,5424,8906,20,47,81,4.2,3.8,8.1,38.7,15.4,18.8
3558,NORTH CENTRAL TEXAS COLLEGE,1525 W CALIFORNIA STREET,GAINESVILLE,TX,76240,23742,32780,56522,22,53,54,0.5,0.7,8.1,8.3,6.2,18.8
3560,DALLAS BAPTIST UNIVERSITY,3000 MOUNTAIN CREEK PARKWAY,DALLAS,TX,75211,23742,32780,56522,6,41,22,,,8.1,,,18.8
3563,DEL MAR COLLEGE,101 BALDWIN,CORPUS CHRISTI,TX,78404,5687,8575,14262,41,88,25,1.3,0.5,8.1,32.4,17.9,18.8
3564,EAST TEXAS BAPTIST UNIVERSITY,1209 NORTH GROVE STREET,MARSHALL,TX,75670,1507,2645,4152,12,45,33,12.2,7.6,8.1,13.7,16.9,18.8
3565,TEXAS A&M UNIVERSITY - COMMERCE,EAST TEXAS STATION,COMMERCE,TX,75429,21695,21009,42704,16,58,82,,,8.1,,,18.8
3568,FRANK PHILLIPS COLLEGE,BOX 5118,BORGER,TX,79008,1629,2415,4044,4,87,50,1.5,2.5,8.1,6.2,7.7,18.8
3570,GRAYSON COUNTY COLLEGE,6101 GRAYSON DRIVE,DENISON,TX,75020,625,538,1163,5,29,63,0.5,0.8,8.1,13.8,23.3,18.8
3571,HARDIN-SIMMONS UNIVERSITY,BOX 16050,ABILENE,TX,79698,444,579,1023,14,28,54,0.6,0.8,8.1,2.9,5.8,18.8
3572,TRINITY VALLEY COMMUNITY COLLEGE,100 CARDINAL DRIVE,ATHENS,TX,75751,3452,5214,8666,16,32,52,,,8.1,,,18.8
3573,HILL COLLEGE,112 LAMAR DRIVE,HILLSBORO,TX,76645,29,30,59,10,43,76,3.6,10.5,8.1,5.8,8.9,18.8
3574,HOWARD COUNTY JUNIOR COLLEGE DISTRICT,1001 BIRDWELL LANE,BIG SPRING,TX,79720,253,329,582,22,44,69,12.2,10.8,8.1,48.1,53.7,18.8
3575,HOWARD PAYNE UNIVERSITY,1000 FISK AVENUE,BROWNWOOD,TX,76801,418,445,863,11,16,47,5.9,3.4,8.1,50.8,51.5,18.8
3576,HOUSTON BAPTIST UNIVERSITY,7502 FONDREN ROAD,HOUSTON,TX,77074,58,68,126,9,23,99,0.9,1.7,8.1,5.8,50,18.8
3577,HUSTON - TILLOTSON UNIVERSITY,900 CHICON,AUSTIN,TX,78702,2397,3269,5666,15,68,15,2.5,3.8,8.1,23.3,19.9,18.8
3578,UNIVERSITY OF THE INCARNATE WORD,4301 BROADWAY,SAN ANTONIO,TX,78209,5939,9026,14965,17,34,65,,,8.1,,,18.8
3579,JACKSONVILLE COLLEGE,105 B.J. ALBRITTON DRIVE,JACKSONVILLE,TX,75766,723,1595,2318,16,25,56,1.8,3.3,8.1,13.5,16.8,18.8
3580,KILGORE COLLEGE,1100 BROADWAY ST,KILGORE,TX,75662,703,1099,1802,14,62,66,188.7,132.7,8.1,36.9,42.6,18.8
3581,LAMAR UNIVERSITY-BEAUMONT,4400 MARTIN LUTHER KING PARKWAY,BEAUMONT,TX,77710,11,142,153,7,44,99,124,102.4,8.1,15.4,12.7,18.8
3582,LAREDO COMMUNITY COLLEGE,WEST END WASHINGTON ST,LAREDO,TX,78040,3906,4843,8749,14,28,54,2.3,3.3,8.1,7.2,28.6,18.8
3583,LEE COLLEGE,511 S WHITING,BAYTOWN,TX,77520,2922,4270,7192,16,44,23,3.6,1.8,8.1,27.6,22.2,18.8
3584,LETOURNEAU UNIVERSITY,2100 S MOBBERLY AVE POB 7001,LONGVIEW,TX,75607,3013,3189,6202,5,29,63,77.6,67.6,8.1,16.2,26.2,18.8
3586,LUBBOCK CHRISTIAN UNIVERSITY,5601 19TH STREET,LUBBOCK,TX,79407,1297,1498,2795,14,28,54,2.7,0.8,8.1,30.3,18.8,18.8
3588,UNIVERSITY OF MARY HARDIN-BAYLOR,900 COLLEGE STREET,BELTON,TX,76513,843,29,872,16,32,52,1.7,1.6,8.1,15.3,15.7,18.8
3590,MCLENNAN COMMUNITY COLLEGE,1400 COLLEGE DRIVE,WACO,TX,76708,58,9,67,10,43,76,4.6,4.6,8.1,42.4,39.4,18.8
3591,MCMURRY UNIVERSITY,S 14TH & SAYLES BLVD,ABILENE,TX,79697,705,1253,1958,20,47,81,30.6,30.9,8.1,69.4,55.8,18.8
3592,MIDWESTERN STATE UNIVERSITY,3410 TAFT BLVD,WICHITA FALLS,TX,76308,1666,2347,4013,22,53,54,,,8.1,,,18.8
3593,NAVARRO COLLEGE,3200 W 7TH AVE,CORSICANA,TX,75110,1536,2362,3898,6,41,22,51.3,41.8,8.1,49.1,22.1,18.8
3594,UNIVERSITY OF NORTH TEXAS,1147 UNION CIRCLE,DENTON,TX,76203,2878,5427,8305,41,88,25,6.8,2.1,8.1,100,87.5,18.8
3596,ODESSA COLLEGE,201 W UNIVERSITY,ODESSA,TX,79764,591,480,1071,12,45,33,60.8,55.5,8.1,81.6,86.2,18.8
3598,OUR LADY OF THE LAKE UNIVERSITY,411 SW 24TH STREET,SAN ANTONIO,TX,78207,68,224,292,16,58,82,14.1,13.3,8.1,38.2,26.2,18.8
3599,UNIVERSITY OF TEXAS - RIO GRANDE VALLEY,1201 WEST UNIVERSITY DRIVE,EDINBURG,TX,78539,2,34,36,7,16,65,,,8.1,,,18.8
3600,PANOLA COLLEGE,1109 WEST PANOLA AVE,CARTHAGE,TX,75633,2358,3072,5430,18,87,42,32.1,18.6,8.1,37.3,24.4,18.8
3601,PARIS JR COLLEGE,2400 CLARKSVILLE,PARIS,TX,75460,2521,3522,6043,5,29,63,4.4,6.9,8.1,28.2,37.5,18.8
3602,PAUL QUINN COLLEGE,3837 SIMPSON STUART RD,DALLAS,TX,75241,1,25,26,14,28,54,0,0,8.1,0,0,18.8
3603,RANGER COLLEGE,COLLEGE CIRCLE,RANGER,TX,76470,33,169,202,16,32,52,5.1,15.1,8.1,10.3,52,18.8
E00555,ANTIOCH UNIV/SEATTLE,2626 SIXTH AVENUE,SEATTLE,WA,98121,1,46,47,16,25,56,4.3,5.2,8.1,35.1,40,18.8
E01257,INTERNATIONAL ACADEMY OF DESIGN & TECH,645 ANDOVER PARK WEST,SEATTLE,WA,98188,658,532,1190,13,66,25,0,0,8.1,0,0,18.8
E01311,EVEREST COLLEGE - EVERETT,906 SE EVERETT MALL PARKWAY,EVERETT,WA,98208,2,58,60,60,22,19,3.9,3.5,8.1,28.3,39.4,18.8
E01312,EVEREST COLLEGE - TACOMA,2156 PACIFIC AVENUE,TACOMA,WA,98402,6083,7315,13398,4,87,50,0.4,4.1,8.1,4.3,35.5,18.8
E40419,BEAUTY INSTITUTE SCHWARZKOPF PROFESSIONA,1411 RAILROAD AVENUE,BELLINGHAM,WA,98225,6083,7315,13398,12,30,97,,,8.1,,,18.8
G31108,BAKKE GRADUATE UNIVERSITY,1013 EIGHTH AVENUE,SEATTLE,WA,98104,1208,1195,2403,23,56,74,,,8.1,,,18.8
G32803,SEATTLE INST OF ORIENTAL MEDICINE,916 NE 65TH STREET SUITE B,SEATTLE,WA,98115,956,1114,2070,11,19,85,,,8.1,,,18.8
G34664,SEATTLE SCHOOL OF THEOLOGY AND PSYCHOLOG,2501 ELLIOT AVENUE,SEATTLE,WA,98121,5786,6207,11993,23,56,74,10.1,7.8,8.1,39.5,42.7,18.8
G41305,PACIFIC NORTHWEST UNIV OF HEALTH SCIENCE,111 UNIVERSITY PARKWAY,YAKIMA,WA,98901,1386,1874,3260,4,87,50,0.2,0.1,8.1,25,8.3,18.8
G41612,PINCHOT UNIVERSITY,220 SECOND AVENUE SOUTH,SEATTLE,WA,98104,1386,1874,3260,12,30,97,0.7,1.2,8.1,8.1,10,18.8
3769,BELLEVUE COLLEGE,3000 LANDERHOLM CIRCLE SE,BELLEVUE,WA,98007,833,1514,2347,23,56,74,0,0.9,8.1,0,14.3,18.8
3770,BIG BEND COMMUNITY COLLEGE,7662 CHANUTE ST,MOSES LAKE,WA,98837,5,109,114,19,28,48,1.4,0.3,8.1,18.6,8.8,18.8
3771,CENTRAL WASHINGTON UNIVERSITY,400 E UNIVERSITY WAY,ELLENSBURG,WA,98926,4485,5992,10477,13,45,75,,,8.1,,,18.8
3772,CENTRALIA COLLEGE,600 CENTRALIA COLLEGE BOULEVARD,CENTRALIA,WA,98531,1339,2311,3650,15,39,12,,,8.1,,,18.8
3773,CLARK COLLEGE,1800 EAST MCLOUGHLIN,VANCOUVER,WA,98663,3059,3363,6422,8,22,62,0.8,0.3,8.1,14.7,10.5,18.8
3774,COLUMBIA BASIN COLLEGE,2600 N 20TH AVENUE,PASCO,WA,99301,262,462,724,10,65,20,0,0,8.1,0,0,18.8
3775,EASTERN WASHINGTON UNIVERSITY,102 SUTTON HALL,CHENEY,WA,99004,227,6,233,5,29,63,,,8.1,,,18.8
3776,EVERETT COMMUNITY COLLEGE,2000 TOWER STREET,EVERETT,WA,98201,5537,6824,12361,14,28,54,,,8.1,,,18.8
3777,HERITAGE UNIVERSITY,3240 FORT ROAD,TOPPENISH,WA,98948,3998,4573,8571,16,32,52,0,0.4,8.1,0,42.9,18.8
3778,GONZAGA UNIVERSITY,502 EAST BOONE AVENUE,SPOKANE,WA,99258,3355,4150,7505,10,43,76,0,0.7,8.1,0,16.7,18.8
3779,GRAYS HARBOR COLLEGE,1620 EDWARD P. SMITH DR.,ABERDEEN,WA,98520,31,87,118,11,19,85,16.7,6.8,8.1,20,24,18.8
3780,GREEN RIVER COMMUNITY COLLEGE,12401 SO EAST 320TH STREET,AUBURN,WA,98092,1828,2362,4190,23,56,74,15,9.5,8.1,26.7,23.8,18.8
3781,HIGHLINE COMMUNITY COLLEGE,2400 S 240TH ST PO BOX 98000,DES MOINES,WA,98198,1828,2362,4190,4,87,50,7.3,24.4,8.1,11.6,22.6,18.8
3782,LOWER COLUMBIA COLLEGE,1600 MAPLE ST/PO BOX 3010,LONGVIEW,WA,98632,2135,3424,5559,12,30,97,,,8.1,,,18.8
3783,NORTHWEST UNIVERSITY,PO BOX 579,KIRKLAND,WA,98083,2135,3424,5559,23,56,74,,,8.1,,,18.8
3784,OLYMPIC COLLEGE,1600 CHESTER AVE,BREMERTON,WA,98337,3,75,78,12,30,97,,,8.1,,,18.8
3785,PACIFIC LUTHERAN UNIVERSITY,**,TACOMA,WA,98447,3250,4241,7491,20,47,81,0.3,0,8.1,16.7,0,18.8
3786,PENINSULA COLLEGE,1502 E LAURIDSEN,PORT ANGELES,WA,98362,3250,4241,7491,22,53,54,4.6,3.8,8.1,12,28.4,18.8
3787,SEATTLE CENTRAL COMMUNITY COLLEGE,1701 BROADWAY,SEATTLE,WA,98122,910,894,1804,6,41,22,0.1,0.2,8.1,4.3,6.5,18.8
3788,SEATTLE PACIFIC UNIVERSITY,3307 THIRD AVE WEST,SEATTLE,WA,98119,4092,4061,8153,41,88,25,,,8.1,,,18.8
3790,SEATTLE UNIVERSITY,900 BROADWAY,SEATTLE,WA,98122,1,47,48,12,45,33,1.3,0,8.1,36.4,0,18.8
3791,SHORELINE COMMUNITY COLLEGE,16101 GREENWOOD AVE NORTH,SEATTLE,WA,98133,344,875,1219,16,58,82,3.9,5.7,8.1,10.7,14.8,18.8
3792,SKAGIT VALLEY COLLEGE,2405 COLLEGE WAY,MOUNT VERNON,WA,98273,2668,3892,6560,4,87,50,4.5,2.9,8.1,21.6,11.3,18.8
3793,SPOKANE COMMUNITY COLLEGE,1810 NORTH GREEN STREET,SPOKANE,WA,99207,79,43,122,16,32,52,0,0,8.1,0,0,18.8
3794,ST MARTIN'S UNIVERSITY,5300 PACIFIC AVE SE,LACEY,WA,98503,207,1057,1264,10,43,76,59.5,70.9,8.1,14.2,30.4,18.8
3796,TACOMA COMMUNITY COLLEGE,6501 S. 19TH ST. BLDG 18,TACOMA,WA,98466,207,1057,1264,11,19,85,4.9,2.7,8.1,30.2,16.1,18.8
3797,UNIVERSITY OF PUGET SOUND,1500 NORTH WARNER,TACOMA,WA,98416,15,197,212,23,56,74,4.8,9.7,8.1,8,16.6,18.8
3798,UNIVERSITY OF WASHINGTON,3917 UNIVERSITY WAY NE,SEATTLE,WA,98195,1591,1681,3272,4,87,50,6.3,2.4,8.1,15.4,5.1,18.8
3799,WALLA WALLA UNIVERSITY,204 S. COLLEGE AVE,COLLEGE PLACE,WA,99324,1536,2362,3898,12,30,97,,0.2,8.1,,100,18.8
3800,WASHINGTON STATE UNIVERSITY,1 SOUTHEAST STADIUM WAY,PULLMAN,WA,99164,2878,5427,8305,23,56,74,1.5,0.8,8.1,33.3,13.6,18.8
3801,WENATCHEE VALLEY COLLEGE,1300 FIFTH ST,WENATCHEE,WA,98801,591,480,1071,19,28,48,1,1.1,8.1,45.5,55.6,18.8
3802,WESTERN WASHINGTON UNIVERSITY,516 HIGH STREET,BELLINGHAM,WA,98225,68,224,292,16,25,56,1.1,0.3,8.1,29.8,19,18.8
3803,WHITMAN COLLEGE,345 BOYER,WALLA WALLA,WA,99362,2,34,36,13,66,25,2,3.5,8.1,20,45,18.8
3804,WHITWORTH UNIVERSITY,300 W. HAWTHORNE BLVD,SPOKANE,WA,99251,2358,3072,5430,60,22,19,1.5,1.4,8.1,11.4,9.6,18.8
3805,YAKIMA VALLEY COMMUNITY COLLEGE,16TH AVE & NOB HILL BOULEVARD,YAKIMA,WA,98907,1489,2042,3531,4,87,50,0,0,8.1,0,0,18.8
5000,PIERCE COLLEGE,9401 FARWEST DRIVE S.W.,LAKEWOOD,WA,98498,1062,1907,2969,12,30,97,5.2,1.6,8.1,30.2,27.8,18.8
5001,EDMONDS COMMUNITY COLLEGE,20000 68TH AVE WEST,LYNNWOOD,WA,98036,2,27,29,23,56,74,0.2,0.2,8.1,20,20,18.8
5006,WALLA WALLA COMMUNITY COLLEGE,500 TAUSICK WAY,WALLA WALLA,WA,99362,21,56,77,19,28,48,1.5,0.9,8.1,11.5,15.3,18.8
5372,SOUTH PUGET SOUND COMMUNITY COLLEGE,2011 MOTTMAN RD SW,OLYMPIA,WA,98512,2604,3706,6310,21,36,57,,,8.1,,,18.8
5373,LAKE WASHINGTON TECHNICAL COLLEGE,11605-132 AVENUE NE,KIRKLAND,WA,98034,427,809,1236,16,44,23,4.2,7.2,8.1,31.6,40.8,18.8
8155,EVERGREEN STATE COLLEGE (THE),2700 EVERGREEN PARKWAY NW,OLYMPIA,WA,98505,3485,3692,7177,8,63,25,0.4,0.4,8.1,10,25,18.8
8443,ITT TECHNICAL INSTITUTE - SEATTLE,12720 GATEWAY DRIVE,SEATTLE,WA,98168,679,146,825,16,25,56,1.6,2.5,8.1,34.8,43.1,18.8
9387,PERRY TECHNICAL INSTITUTE,2011 W WASHINGTON AVE,YAKIMA,WA,98903,1195,1975,3170,10,65,20,,,8.1,,,18.8
9544,SPOKANE FALLS COMMUNITY COLLEGE,3410 W. FT.G.WRIGHT DR MS 3172,SPOKANE,WA,99224,1011,1260,2271,13,45,75,,,8.1,,,18.8
9704,NORTH SEATTLE COMMUNITY COLLEGE,9600 COLLEGE WAY NORTH,SEATTLE,WA,98103,1078,1696,2774,15,39,12,0.9,0.8,8.1,10.1,17.3,18.8
9706,SOUTH SEATTLE COMMUNITY COLLEGE,6000 16 AVE SW,SEATTLE,WA,98106,2765,1196,3961,8,22,62,24.8,14,8.1,63.2,52.4,18.8
9739,GLEN DOW ACAD OF HAIR DESIGN,WEST 309 RIVERSIDE AVENUE,SPOKANE,WA,99201,831,888,1719,9,23,53,0,0,8.1,0,0,18.8
10364,WHATCOM COMMUNITY COLLEGE,237 W KELLOGG RD,BELLINGHAM,WA,98226,3924,2152,6076,11,19,85,,,8.1,,,18.8
11481,DIVERS INSTITUTE OF TECHNOLOGY,4315 11TH AVE NW PO BOX 70667,SEATTLE,WA,98107,2917,3657,6574,20,55,48,3.8,30.9,8.1,12.9,34.1,18.8
12259,BATES TECHNICAL COLLEGE,1101 SOUTH YAKIMA AVENUE,TACOMA,WA,98405,1306,2898,4204,19,40,33,,,8.1,,,18.8
12315,CORNISH COLLEGE OF THE ARTS,1000 LENORA STREET,SEATTLE,WA,98121,2906,4499,7405,11,44,22,6.7,8,8.1,29.5,36.4,18.8
13022,CITY UNIVERSITY OF SEATTLE,521 WALL STREET,SEATTLE,WA,98121,2607,3144,5751,12,63,33,0.2,0.3,8.1,28.6,30,18.8
13822,TONI & GUY HAIRDRESSING ACADEMY,18336 AURORA AVENUE NORTH,SHORELINE,WA,98133,2288,3002,5290,23,25,45,2.9,5.6,8.1,6.7,9.6,18.8
13926,GENE JUAREZ BEAUTY SCHOOLS,6007-A 244TH STREET SOUTHWEST,MOUNTLAKE TERRACE,WA,98043,2071,2768,4839,19,66,19,10.6,13.5,8.1,15.3,6.5,18.8
14001,RENTON TECHNICAL COLLEGE,3000 NORTHEAST FOURTH ST,RENTON,WA,98056,4259,5959,10218,15,39,12,0.3,1.1,8.1,9.1,22.2,18.8
14396,PAROBA COLLEGE OF COSMETOLOGY,607 SE EVERETT MALL WAY STE 5,EVERETT,WA,98208,2595,3314,5909,20,47,81,8,9.6,8.1,9.9,23.9,18.8
14618,EVERGREEN BEAUTY AND BARBER COLLEGE,14045 NORTHEAST 20TH STREET,BELLEVUE,WA,98007,4,68,72,22,53,54,3.4,5,8.1,28.2,31.9,18.8
15040,EVEREST COLLEGE - EVERETT WA,906 SE EVERETT MALL WAY,EVERETT,WA,98208,2728,4474,7202,6,41,22,,,8.1,,,18.8
15562,STYLEMASTERS COLLEGE OF HAIR DESIGN,1224 COMMERCE,LONGVIEW,WA,98632,2733,1884,4617,41,88,25,27.2,14.2,8.1,8.8,12.4,18.8
15817,PROFESSIONAL BEAUTY SCHOOL,2105 WEST LINCOLN AVENUE,YAKIMA,WA,98902,861,979,1840,12,45,33,,,8.1,,,18.8
15984,CLOVER PARK TECHNICAL COLLEGE,4500 STEILACOOM BLVD SW,LAKEWOOD,WA,98499,14353,15333,29686,16,58,82,4,8.4,8.1,14.2,41.2,18.8
16059,BASTYR UNIVERSITY,14500 JUANITA DRIVE NE,KENMORE,WA,98028,21605,23803,45408,7,16,65,1,1,8.1,100,50,18.8
16210,ART INSTITUTE OF SEATTLE,2323 ELLIOTT AVE,SEATTLE,WA,98121,1359,1859,3218,18,87,42,0,0.6,8.1,0,50,18.8
16227,BELLINGHAM TECHNICAL COLLEGE,3028 LINDBERGH AVENUE,BELLINGHAM,WA,98225,6788,8544,15332,20,60,74,2.2,3.2,8.1,34,36.1,18.8
16856,ACADEMY OF HAIR DESIGN (THE),208 S WENATCHEE AVE,WENATCHEE,WA,98801,1938,2453,4391,11,44,22,34.1,33.5,8.1,45.2,70.4,18.8
17065,BJ'S BEAUTY AND BARBER COLLEGE,5239 S TACOMA WAY,TACOMA,WA,98409,617,853,1470,11,19,85,,0,8.1,,0,18.8
21800,NORTHWEST INDIAN COLLEGE,2522 KWINA RD,BELLINGHAM,WA,98226,1010,1640,2650,20,55,48,37.5,32.8,8.1,36.6,12.5,18.8
22229,INTERNATIONAL AIR & HOSPITALITY ACADEMY,2901 E MILL PLAIN BLVD,VANCOUVER,WA,98661,1385,2575,3960,14,62,66,1.4,1.7,8.1,22,52,18.8
26021,NORTHWEST COLLEGE OF ART & DESIGN,16301 CREATIVE DRIVE N.E.,POULSBO,WA,98370,1385,2575,3960,11,44,22,11.1,9.5,8.1,37.6,47.8,18.8
30521,SEATTLE VOCATIONAL INSTITUTE,220 S. JACKSON,SEATTLE,WA,98144,614,540,1154,12,63,33,0.1,1.3,8.1,11.1,38.5,18.8
30650,LUCAS MARC ACADEMY,71 GAGE BOULEVARD,RICHLAND,WA,99352,5,109,114,60,22,19,4.6,1.8,8.1,27.2,21.1,18.8
30718,ITT TECHNICAL INSTITUTE,13518 EAST INDIANA AVENUE,SPOKANE VALLEY,WA,99216,4485,5992,10477,12,30,97,6.2,15,8.1,11.3,39.7,18.8
30990,CORTIVA INSTITUTE - SEATTLE,425 PONTIUS AVE N #100,SEATTLE,WA,98109,1339,2311,3650,23,56,74,33.3,31.5,8.1,47.9,47.4,18.8
31395,MONTESSORI SCHOOLS OF WASHINGTON,1804 PUGET DR,EVERETT,WA,98203,3059,3363,6422,19,28,48,21,20.9,8.1,11.3,21.6,18.8
32833,NORTHWEST HVAC/R ASSOCIATION & TRAINING,204 EAST NORA AVE,SPOKANE,WA,99207,262,462,724,13,45,75,3.4,1.7,8.1,51.6,87.5,18.8
34835,CASCADIA COMMUNITY COLLEGE,18345 CAMPUS WAY NORTHEAST,BOTHELL,WA,98011,227,6,233,15,39,12,1.1,0.7,8.1,38.5,15,18.8
34904,EMIL FRIES PIANO HOSPITAL & TRAININ,2510 EAST EVERGREEN BLVD,VANCOUVER,WA,98661,5537,6824,12361,14,28,54,10.2,4.8,8.1,37.5,24.7,18.8
36894,FAITH EVANGELICAL COLLEGE & SEMINARY,3504 N. PEARL STREET,TACOMA,WA,98407,3998,4573,8571,16,32,52,11.2,13.3,8.1,27,25.6,18.8
37243,DIGIPEN INSTITUTE OF TECHNOLOGY,9931 WILLOWS ROAD NORTH EAST,REDMOND,WA,98052,3355,4150,7505,10,43,76,,,8.1,,,18.8
39173,EVERGREEN BEAUTY AND BARBER COLLEGE,802 SE EVERETT MALL WAY - SUITE A,EVERETT,WA,98208,31,87,118,13,45,75,22.1,4.1,8.1,36.2,31.5,18.8
41200,SUNNYSIDE BEAUTY ACADEMY,440 BARNARD BOULEVARD,SUNNYSIDE,WA,98944,1828,2362,4190,15,39,12,0.2,0,8.1,0.6,0,18.8
41272,VICTORIA'S ACADEMY OF COSMETOLOGY,23 WEST 1ST AVENUE,KENNEWICK,WA,99336,1828,2362,4190,8,22,62,17.4,18.5,8.1,38,23.7,18.8
41308,CASCADE BEAUTY COLLEGE,435 EAST MAIN STREET,AUBURN,WA,98002,703,1099,1802,23,25,45,4.1,2.5,8.1,19.6,34.1,18.8
41328,INLAND MASSAGE INSTITUTE,775 EAST HOLLAND AVENUE SUITE 110,SPOKANE,WA,99218,11,142,153,19,66,19,6.7,11,8.1,6.7,45.6,18.8
41494,GARY MANUEL AVEDA INSTITUTE,1514 10TH AVENUE,SEATTLE,WA,98122,3906,4843,8749,15,39,12,2.5,5.7,8.1,18.4,14.6,18.8
41550,NORTHWEST SCHOOL OF WOODEN BOAT BUILDING,42 NORTH WATER STREET,PORT HADLOCK,WA,98339,2922,4270,7192,20,47,81,,,8.1,,,18.8
41701,SUMMIT SALON ACADEMY,3702 SOUTH FIFE STREET,TACOMA,WA,98409,3013,3189,6202,22,53,54,1.4,2,8.1,10.8,17.2,18.8
41919,PAUL MITCHELL THE SCHOOL SPOKANE,15303 EAST SPRAGUE AVENUE,SPOKANE VALLEY,WA,99037,1297,1498,2795,6,41,22,0,0,8.1,0,0,18.8
42236,ACADEMY OF INTERACTIVE ENTERTAINMENT,305 HARRISON STREET SUITE 405,SEATTLE,WA,98109,843,29,872,10,65,20,0.4,0.5,8.1,9.7,11.8,18.8
42310,STUDIO BEAUTY SCHOOL,2824 N MONROE,SPOKANE,WA,99205,58,9,67,13,45,75,0,0,8.1,0,0,18.8
42504,FOSBRE ACADEMY OF HAIR DESIGN,111 CAPITOL WAY N,OLYMPIA,WA,98501,705,1253,1958,15,39,12,14.6,22.3,8.1,11,22.5,18.8
42529,INTERNATIONAL BEAUTY EDUCATION CENTER,12832 WEST SUNSET HIGHWAY,AIRWAY HEIGHTS,WA,99001,1666,2347,4013,8,22,62,0.8,0.2,8.1,4.2,1.1,18.8
42580,SEATTLE FILM INSTITUTE,3210 16TH AVENUE W,SEATTLE,WA,98119,1536,2362,3898,5,29,63,1.6,1,8.1,30,22.2,18.8
,,,,,,,,,,,,3,2.2,8.1,23.7,20,18.8
,,,,,,,,,,,,0.1,0.4,8.1,2.7,5.3,18.8
,,,,,,,,,,,,13.7,9.5,8.1,27.5,21.8,18.8
,,,,,,,,,,,,,,8.1,,,18.8
,,,,,,,,,,,,5.4,2.4,8.1,8.5,12.8,18.8
,,,,,,,,,,,,0.1,0.1,8.1,0.6,1.9,18.8
,,,,,,,,,,,,4.2,4.6,8.1,18.8,33.3,18.8
,,,,,,,,,,,,,,8.1,,,18.8
,,,,,,,,,,,,43.9,53.9,8.1,70,96.7,18.8
,,,,,,,,,,,,2.1,7.3,8.1,5,15.1,18.8
,,,,,,,,,,,,16.6,14.9,8.1,38.9,37.2,18.8
,,,,,,,,,,,,8.6,7.7,8.1,50,31.6,18.8
,,,,,,,,,,,,,,8.1,,,18.8
,,,,,,,,,,,,0,0.7,8.1,0,0.7,18.8
,,,,,,,,,,,,0,0.9,8.1,0,16.7,18.8
,,,,,,,,,,,,1.6,2.8,8.1,14.8,51.6,18.8
,,,,,,,,,,,,0.9,0.5,8.1,6.9,2.2,18.8
,,,,,,,,,,,,5.4,5.9,8.1,3.7,3.7,18.8
,,,,,,,,,,,,0.4,2.3,8.1,16.7,30,18.8
,,,,,,,,,,,,,0.8,8.1,,40,18.8
,,,,,,,,,,,,1.8,2.6,8.1,50,88.9,18.8
,,,,,,,,,,,,1.3,2.3,8.1,5.4,11,18.8
,,,,,,,,,,,,2.4,8.3,8.1,18,38.1,18.8
,,,,,,,,,,,,1.2,0.1,8.1,17.9,5.3,18.8
,,,,,,,,,,,,1.2,1.6,8.1,15.4,14.6,18.8
,,,,,,,,,,,,14.2,21.7,8.1,18.9,27.9,18.8
,,,,,,,,,,,,1.1,1.8,8.1,10.4,4.8,18.8
,,,,,,,,,,,,3.6,3.8,8.1,23.6,58.8,18.8
,,,,,,,,,,,,,,8.1,,,18.8
,,,,,,,,,,,,,,8.1,,,18.8
,,,,,,,,,,,,0,0,8.1,0,0,18.8
,,,,,,,,,,,,0.7,0,8.1,20,0,18.8
,,,,,,,,,,,,0.7,1.4,8.1,12.5,10.1,18.8
,,,,,,,,,,,,3.8,3.6,8.1,22.3,18.4,18.8
,,,,,,,,,,,,5.7,6.7,8.1,40.7,53.8,18.8
,,,,,,,,,,,,0,0.3,8.1,0,11.8,18.8
,,,,,,,,,,,,1.1,5.7,8.1,4.3,6.2,18.8
,,,,,,,,,,,,0.6,0.2,8.1,19.2,100,18.8
,,,,,,,,,,,,0.9,2,8.1,25.5,31,18.8
,,,,,,,,,,,,1.2,0.3,8.1,2.7,0.8,18.8
,,,,,,,,,,,,,,8.1,,,18.8
,,,,,,,,,,,,0.3,1.6,8.1,5.3,19,18.8
,,,,,,,,,,,,,,8.1,,,18.8
,,,,,,,,,,,,2.2,0.2,8.1,33.3,4.1,18.8
,,,,,,,,,,,,0,2.3,8.1,0,12.2,18.8
,,,,,,,,,,,,,,8.1,,,18.8
,,,,,,,,,,,,,,8.1,,,18.8
,,,,,,,,,,,,1,0.7,8.1,38.5,7,18.8
,,,,,,,,,,,,5.4,5.8,8.1,19.6,30.6,18.8
,,,,,,,,,,,,4.8,4.9,8.1,39,9.5,18.8
,,,,,,,,,,,,11.9,70.2,8.1,8.7,20.9,18.8
,,,,,,,,,,,,1,1.2,8.1,19,15.5,18.8
,,,,,,,,,,,,30.6,8.3,8.1,49.7,51.3,18.8
,,,,,,,,,,,,0.9,0,8.1,20,0,18.8
,,,,,,,,,,,,2,0.2,8.1,32.5,2.2,18.8
,,,,,,,,,,,,3.4,3.6,8.1,17.1,41.7,18.8
,,,,,,,,,,,,5,7.7,8.1,31.7,37,18.8
,,,,,,,,,,,,1.6,2.6,8.1,9,12,18.8
,,,,,,,,,,,,9.7,17.1,8.1,22.9,15,18.8
,,,,,,,,,,,,16.9,18.6,8.1,9.4,22.1,18.8
,,,,,,,,,,,,2.1,4.3,8.1,41.7,61.1,18.8
,,,,,,,,,,,,23.4,75.8,8.1,15.4,44.8,18.8
,,,,,,,,,,,,0,0,8.1,0,0,18.8
,,,,,,,,,,,,0.6,0.7,8.1,20,23.1,18.8
,,,,,,,,,,,,0.7,0.4,8.1,8.1,2.3,18.8
,,,,,,,,,,,,7.5,4.9,8.1,71.4,100,18.8
,,,,,,,,,,,,3.4,2.4,8.1,41.5,32.5,18.8
,,,,,,,,,,,,0.1,0.6,8.1,7.7,19.2,18.8
,,,,,,,,,,,,11.7,24.4,8.1,27.9,43.4,18.8
,,,,,,,,,,,,,,8.1,,,18.8
,,,,,,,,,,,,7,26.2,8.1,28.6,39.5,18.8
,,,,,,,,,,,,82,97.8,8.1,25.6,21.8,18.8
,,,,,,,,,,,,3.5,10.4,8.1,44.7,58.9,18.8
,,,,,,,,,,,,,,8.1,,,18.8
,,,,,,,,,,,,,,8.1,,,18.8
,,,,,,,,,,,,,,8.1,,,18.8
,,,,,,,,,,,,0.6,1.4,8.1,25,53.8,18.8
,,,,,,,,,,,,0.5,0.2,8.1,21.4,2.4,18.8
,,,,,,,,,,,,,,8.1,,,18.8
,,,,,,,,,,,,5.7,5.5,8.1,6,9.6,18.8
,,,,,,,,,,,,14.5,14.4,8.1,13.7,19.6,18.8
,,,,,,,,,,,,1.6,0.7,8.1,14.8,3.4,18.8
,,,,,,,,,,,,0.4,0.3,8.1,14.3,14.3,18.8
,,,,,,,,,,,,32.6,7.6,8.1,21.5,37.7,18.8
,,,,,,,,,,,,0.8,0.1,8.1,8.1,2.6,18.8
,,,,,,,,,,,,,,8.1,,,18.8
,,,,,,,,,,,,8.9,2.5,8.1,52.5,14.1,18.8
,,,,,,,,,,,,21.2,9,8.1,17.3,9,18.8
,,,,,,,,,,,,4.4,2.1,8.1,35.1,36,18.8
,,,,,,,,,,,,24.2,5.9,8.1,85,84.4,18.8
,,,,,,,,,,,,13.8,11.7,8.1,18.1,14.9,18.8
,,,,,,,,,,,,8.8,7.2,8.1,19.6,25.5,18.8
,,,,,,,,,,,,,,8.1,,,18.8
,,,,,,,,,,,,,,8.1,,,18.8
,,,,,,,,,,,,,0.4,8.1,,100,18.8
,,,,,,,,,,,,0.6,0.2,8.1,8.2,8.3,18.8
,,,,,,,,,,,,3.7,7.7,8.1,46.7,21.3,18.8
,,,,,,,,,,,,0.2,1.6,8.1,11.1,39.3,18.8
,,,,,,,,,,,,,,8.1,,,18.8
,,,,,,,,,,,,8.3,12.6,8.1,55.2,58,18.8
,,,,,,,,,,,,0.7,8.6,8.1,17.6,28.5,18.8
,,,,,,,,,,,,,,8.1,,,18.8
,,,,,,,,,,,,22.6,11.1,8.1,37.6,22.9,18.8
,,,,,,,,,,,,0,0.3,8.1,0,25,18.8
,,,,,,,,,,,,,,8.1,,,18.8
,,,,,,,,,,,,1.9,1.4,8.1,17.5,10.2,18.8
,,,,,,,,,,,,4.8,1.7,8.1,10.7,4,18.8
,,,,,,,,,,,,0,,8.1,0,,18.8
,,,,,,,,,,,,,1.9,8.1,,100,18.8
,,,,,,,,,,,,127.3,34.9,8.1,25.5,38.2,18.8
,,,,,,,,,,,,0.3,1.5,8.1,8.7,22.4,18.8
,,,,,,,,,,,,,,8.1,,,18.8
,,,,,,,,,,,,61.9,56.2,8.1,22.4,26.8,18.8
,,,,,,,,,,,,1.5,1,8.1,23.8,18.5,18.8
,,,,,,,,,,,,,,8.1,,,18.8
,,,,,,,,,,,,0,,8.1,0,,18.8
,,,,,,,,,,,,0.3,1.4,8.1,33.3,25,18.8
,,,,,,,,,,,,,,8.1,,,18.8
,,,,,,,,,,,,13.5,13.1,8.1,42,37.9,18.8
,,,,,,,,,,,,18.9,13.2,8.1,24.2,18.2,18.8
,,,,,,,,,,,,3.6,2.3,8.1,16.1,20.6,18.8
,,,,,,,,,,,,,,8.1,,,18.8
,,,,,,,,,,,,45.3,21.1,8.1,29.6,22.6,18.8
,,,,,,,,,,,,17.2,12.4,8.1,24.3,10.8,18.8
,,,,,,,,,,,,6,1.6,8.1,21.5,14,18.8
,,,,,,,,,,,,4.6,10.8,8.1,27.9,41.8,18.8
,,,,,,,,,,,,3.4,2.7,8.1,25.5,6.6,18.8
,,,,,,,,,,,,1,1.1,8.1,7.1,9.8,18.8
,,,,,,,,,,,,35.4,18.7,8.1,46.6,19.8,18.8
