School ID,School Name,City,State,Zip,Phone,Num of SAT Test Takers,SAT Critical Reading Avg. Score,SAT Math Avg. Score,SAT Writing Avg. Score,Graduation Rate School,College Enrollment Rate School
E00254,LMU - LOYOLA LAW SCHOOL,LOS ANGELES,CA,90015,7738621449,29,355,404,363,92.8,84.7
E00341,STANFORD UNIVERSITY - STANFORD LAW SCHOO,STANFORD,CA,94305,7738261137,91,383,423,366,,12.5
E00374,UNIV OF CALIFORNIA LOS ANG SCH MED,LOS ANGELES,CA,90095,7734346300,70,377,402,370,0,18.8
E00375,UNIV OF CALIFORNIA LOS ANG DENTAL,LOS ANGELES,CA,90095,7735353669,7,414,401,359,,
E00480,WHITTIER COLLEGE - COLLEGE OF LAW,COSTA MESA,CA,92626,7736972216,44,390,433,384,,80
E00554,ANTIOCH UNIV/LOS ANGELES,CULVER CITY,CA,90230,7735352590,112,332,557,316,,
E00556,ANTIOCH UNIV/SANTA BARBARA,SANTA BARBARA,CA,93101,7735352565,159,522,574,525,,
E00727,INSTITUTE FOR BUSINESS & TECHNOLOGY - NA,RANCHO CORDOVA,CA,95670,7735355720,18,417,418,411,,
E00914,PLATT COLLEGE,ONTARIO,CA,91764,7738260370,130,624,604,628,,
E00959,PLATT COLLEGE - ANAHEIM,ANAHEIM,CA,92806,7735352636,16,395,400,387,,
E00961,TRINITY INTERNATIONAL UNIV-CA,SANTA ANA,CA,92705,7735356416,62,409,393,392,,
E01182,KAPLAN COLLEGE - PALM SPRINGS,PALM SPRINGS,CA,92262,7736511221,53,394,384,378,,
E01191,KAPLAN COLLEGE - BAKERSFIELD,BAKERSFIELD,CA,93304,7735354225,58,374,375,362,94.2,58.5
E01197,KAPLAN COLLEGE - FRESNO,CLOVIS,CA,93612,7735340034,85,423,438,432,95.3,87.7
E01285,KAPLAN COLLEGE - RIVERSIDE,RIVERSIDE,CA,92507,7735341789,48,404,449,416,,
E01713,CAREER CARE INSTITUTE - VENTURA,VENTURA,CA,93001,7735349750,76,353,358,340,85.4,44.8
E01826,UNITED EDUCATION INSTITUTE - ONTARIO,ONTARIO,CA,91764,7735793470,50,375,388,385,,
E01827,UNITED EDUCATION INSTITUTE - ENCINO,ENCINO,CA,91316,7735346602,40,403,392,405,,
E01841,KAPLAN COLLEGE - CHULA VISTA,CHULA VISTA,CA,91910,7733942848,69,408,390,390,90.3,85.7
E01882,EVEREST COLLEGE - SANTA ANA,SANTA ANA,CA,92701,7735353975,42,373,370,384,,
E01886,UNITED EDUCATION INSTITUTE - CHULA VISTA,CHULA VISTA,CA,91910,7735348510,60,391,391,394,,
E01887,UNITED EDUCATION INSTITUTE - EL MONTE,EL MONTE,CA,91731,3124454680,92,473,483,479,86.4,88.4
E01888,UNITED EDUCATION INSTITUTE - ANAHEIM,ANAHEIM,CA,92801,7732916517,s,s,s,s,,39.3
E01928,UNITED EDUCATION INSTITUTE - UEI COLLEGE,SAN MARCOS,CA,92069,7735343954,s,s,s,s,97.8,93.4
E01947,CAREER CARE INSTITUTE - MORENO VALLEY,MORENO VALLEY,CA,92553,7735342591,79,319,512,357,,
E01977,UEI COLLEGE-RIVERSIDE,RIVERSIDE,CA,92507,7735354334,s,s,s,s,77.9,57.8
E02024,MEDIATECH INSTITUTE - OCEANSIDE,OCEANSIDE,CA,92054,7735358351,263,465,493,461,71,64.2
E02028,UNITED EDUCATION INSTITUTE - UEI COLLEGE,STOCKTON,CA,95207,7732799826,54,492,465,467,,
E02077,WESTMED COLLEGE - MERCED,MERCED,CA,95340,3128351863,94,509,490,523,,
E02091,NCP COLLEGE OF NURSING - HAYWARD CAMPUS,HAYWARD,CA,94541,7735346925,104,496,563,518,,
E02113,PAUL MITCHELL THE SCHOOL-COSTA MESA,COSTA MESA,CA,92626,7735354300,114,537,590,550,87.5,56.6
E02116,PAUL MITCHELL THE SCHOOL - SAN DIEGO,SAN DIEGO,CA,92101,7735346400,66,517,533,515,97.6,76.7
E02133,PLATT COLLEGE - RIVERSIDE,RIVERSIDE,CA,92507,7736266988,103,468,492,459,,14.9
E02208,ADVANCE BEAUTY COLLEGE - LAGUNA HILLS,LAGUNA HILLS,CA,92653,7735351590,127,572,594,592,86.1,61.5
E40398,HUSSIAN SCHOOL OF ART-RELATIVITY CAMPUS,LOS ANGELES,CA,90017,3124555425,144,528,553,533,,
E40424,UEI COLLEGE - BAKERSFIELD,BAKERSFIELD,CA,93308,7735350585,62,390,399,381,,
G01120,AMER BAPT SEM OF THE WEST-BERKELEY,BERKELEY,CA,94704,7735359025,336,429,449,428,,
G01165,CHURCH DIV SCH OF THE PACIFIC,BERKELEY,CA,94709,7739455025,84,416,426,391,,
G01169,CLAREMONT GRADUATE UNIVERSITY,CLAREMONT,CA,91711,7735347599,s,s,s,s,71.5,84.4
G01200,FULLER THEOLOGICAL SEMINARY,PASADENA,CA,91182,7733212200,29,356,357,349,,
G01207,GRADUATE THEOLOGICAL UNION,BERKELEY,CA,94709,7732855301,s,s,s,s,,
G01256,PACIFIC SCHOOL OF RELIGION,BERKELEY,CA,94709,7735345800,s,s,s,s,,
G01279,SAN FRANCISCO THEOLOGICAL SEMINARY,SAN ANSELMO,CA,94960,7735341997,95,441,473,458,91.2,47.2
G01288,CLAREMONT SCHOOL OF THEOLOGY,CLAREMONT,CA,91711,7735885007,59,378,365,368,,16.7
G01295,SOUTHWESTERN LAW SCHOOL,LOS ANGELES,CA,90010,7736511500,72,395,416,388,,19.4
G03947,UC-HASTINGS COLLEGE OF THE LAW,SAN FRANCISCO,CA,94102,7739211315,49,376,460,391,,8.9
G04080,STARR KING SCHOOL FOR THE MINISTRY,BERKELEY,CA,94709,7735356235,151,373,387,360,,
G06976,UNIVERSITY OF SAN DIEGO - SCHOOL OF LAW,SAN DIEGO,CA,92110,7735346125,s,s,s,s,,
G08846,WRIGHT INSTITUTE,BERKELEY,CA,94704,7734172045,832,679,735,682,,
G10013,ALLIANT INTERNATIONAL UNIVERSITY - LOS A,ALHAMBRA,CA,91803,7735343470,167,443,489,442,,
G10333,JESUIT SCHOOL OF THEOLOGY - BERKELEY,BERKELEY,CA,94709,7735844300,25,370,349,351,,
G10441,PARDEE RAND GRADUATE SCHOOL,SANTA MONICA,CA,90407,7735352560,81,469,472,475,,
G11792,FRANCISCAN SCHOOL OF THEOLOGY,OCEANSIDE,CA,92057,7735352690,264,407,440,393,,
G11881,ALLIANT INTERNATIONAL UNIVERSITY - SAN F,SAN FRANCISCO,CA,94133,7735359724,131,414,425,400,71.3,67.1
G13103,CALIFORNIA WESTERN SCHOOL OF LAW,SAN DIEGO,CA,92101,3124555446,42,429,404,420,,
G20961,FIELDING GRADUATE UNIVERSITY,SANTA BARBARA,CA,93105,3124555434,66,336,378,344,,
G21206,SAYBROOK GRADUATE SCHOOL,SAN FRANCISCO,CA,94111,3122257400,73,391,395,382,85.7,81.6
G22220,AMERICAN FILM INSTITUTE,LOS ANGELES,CA,90027,7739227542,14,389,371,335,,
G22249,STANFORD UNIVERSITY - GRADUATE SCHOOL OF,STANFORD,CA,94305,7735349710,78,412,581,431,81.1,79.6
G22372,PHILLIPS GRADUATE INSTITUTE,CHATSWORTH,CA,91311,7735345490,26,368,436,352,,
G22676,INSTITUTE OF TRANSPERSONAL PSYCHLGY,PALO ALTO,CA,94303,7739788680,77,405,423,384,,7.4
G22768,WESTMINSTER SEMINARY CALIFORNIA,ESCONDIDO,CA,92027,7734133090,56,498,440,477,,
G24552,STANFORD UNIVERSITY - SCHOOL OF MEDICINE,STANFORD,CA,94305,7735347812,30,527,508,512,21.4,
G25111,ALLIANT INTERNATIONAL UNIVERSITY - FRESN,FRESNO,CA,93727,7739022487,33,350,337,345,,
G31268,PACIFICA GRADUATE INSTITUTE,CARPINTERIA,CA,93013,7735352715,121,345,517,343,,
G32883,ACAD CHINESE CULTURE & HEALTH SCIS,OAKLAND,CA,94512,7735354945,84,408,384,403,71.7,47.4
G35924,IRELL & MANELLA GRADUATE SCHOOL OF BIOLO,DUARTE,CA,91010,7735355672,9,458,416,429,,
G38533,KECK GRADUATE INSTITUTE OF APPLIED LIFE,CLAREMONT,CA,91711,7735353350,335,423,423,411,,
G41004,TAFT UNIVERSITY SYSTEM (THE),SANTA ANA,CA,92704,7735350551,36,426,403,426,,
G41555,"ACADEMY FOR JEWISH RELIGION, CALIFORNIA",LOS ANGELES,CA,90024,7735357021,83,399,418,390,1.7,5.1
G42174,HIGH TECH HIGH GRADUATE SCHOOL OF EDUCAT,SAN DIEGO,CA,92106,7735352575,154,370,379,359,,
1111,ALLAN HANCOCK COLLEGE,SANTA MARIA,CA,93454,7735347300,191,395,382,376,,
1113,ANTELOPE VALLEY COLLEGE,LANCASTER,CA,93536,7735355115,270,444,441,430,62.6,34.4
1116,ART CENTER COLLEGE OF DESIGN,PASADENA,CA,91103,3129499400,61,409,424,403,66.7,61.4
1117,AZUSA PACIFIC UNIVERSITY,AZUSA,CA,91702,7739280480,27,406,379,408,,
1118,BAKERSFIELD COLLEGE,BAKERSFIELD,CA,93305,3126839695,49,374,384,374,,
1119,BARSTOW COMMUNITY COLLEGE,BARSTOW,CA,92311,7735347130,41,384,390,370,,
1122,BIOLA UNIVERSITY,LA MIRADA,CA,90639,7739388578,s,s,s,s,,
1124,CABRILLO COLLEGE,APTOS,CA,95003,7735353085,s,s,s,s,,
1125,CALIFORNIA BAPTIST UNIVERSITY,RIVERSIDE,CA,92504,7735355625,12,416,403,381,,
1127,CALIFORNIA COLLEGE OF THE ARTS,SAN FRANCISCO,CA,94107,7735352763,32,371,368,370,,
1131,CALIFORNIA INSTITUTE OF TECHNOLOGY,PASADENA,CA,91125,7735340146,s,s,s,s,85.4,80.4
1132,CALIFORNIA INSTITUTE OF THE ARTS,VALENCIA,CA,91355,7735359300,131,370,390,358,89.2,83.6
1133,CALIFORNIA LUTHERAN UNIVERSITY,THOUSAND OAKS,CA,91360,7732385330,261,577,575,592,82.6,64.9
1134,CALIFORNIA MARITIME ACADEMY,VALLEJO,CA,94590,7735351825,531,566,564,577,,
1137,CALIF STATE UNIV-FULLERTON,FULLERTON,CA,92831,7735350040,66,396,398,402,,
1138,"CALIFORNIA STATE UNIVERSITY, EAST BAY",HAYWARD,CA,94542,7737210858,75,433,433,411,,
1139,CALIF STATE UNIV-LONG BEACH,LONG BEACH,CA,90840,7737618960,35,401,369,351,85.2,72
1140,CALIF STATE UNIV-LOS ANGELES,LOS ANGELES,CA,90032,7733586800,111,473,506,467,78.1,62.3
1141,"CALIF STATE UNIV, DOMINGUEZ HILLS",CARSON,CA,90747,7732786895,s,s,s,s,,
1142,CALIF STATE UNIV SAN BERNARDINO,SAN BERNARDINO,CA,92407,7735348440,43,356,379,361,,
1143,CAL POLY STATE UNIVERSITY,SAN LUIS OBISPO,CA,93407,7735355300,48,354,357,373,,
1144,CALIF STATE POLYTECHNIC UNIV POMONA,POMONA,CA,91768,7735353160,375,461,514,455,71.4,44.8
1146,CALIF STATE UNIV - CHICO,CHICO,CA,95929,7733412260,51,373,379,376,28.6,18.6
1147,CALIF STATE UNIV - FRESNO,FRESNO,CA,93740,7739022487,73,405,421,395,,
1149,HUMBOLDT STATE UNIVERSITY,ARCATA,CA,95521,7735351350,70,432,446,448,84.6,78.3
1150,CALIF STATE UNIV-SACRAMENTO,SACRAMENTO,CA,95819,7735344135,48,369,369,357,,
1151,SAN DIEGO STATE UNIVERSITY,SAN DIEGO,CA,92182,7733586100,31,358,351,345,75.2,53.2
1153,CALIF STATE UNIV-NORTHRIDGE,NORTHRIDGE,CA,91330,7736905500,29,357,318,333,,66.7
1154,SAN FRANCISCO STATE UNIVERSITY,SAN FRANCISCO,CA,94132,7735345100,54,413,399,398,88.8,73.4
1155,SAN JOSE STATE UNIVERSITY,SAN JOSE,CA,95192,7735357860,s,s,s,s,,
1156,SONOMA STATE UNIVERSITY,ROHNERT PARK,CA,94928,7735354600,33,354,366,342,,
1157,CALIF STATE UNIV-STANISLAUS,TURLOCK,CA,95382,7735214399,56,360,353,364,,
1161,CERRITOS COLLEGE,NORWALK,CA,90650,7735342045,20,354,360,385,,
1162,CHABOT COLLEGE,HAYWARD,CA,94545,7735357215,214,458,474,442,,
1163,CHAFFEY COLLEGE,RANCHO CUCAMONGA,CA,91737,7735346176,66,396,402,404,56.3,20.7
1164,CHAPMAN UNIVERSITY,ORANGE,CA,92866,7735355517,61,369,361,355,,
1166,CITRUS COLLEGE,GLENDORA,CA,91741,7735345180,101,605,654,588,3.1,0
1170,CLAREMONT MCKENNA COLLEGE,CLAREMONT,CA,91711,7735351804,60,408,446,416,,
1171,HARVEY MUDD COLLEGE,CLAREMONT,CA,91711,7732422212,55,362,376,367,82.4,76.9
1172,PITZER COLLEGE,CLAREMONT,CA,91711,7735354242,70,380,395,399,80.9,41
1173,POMONA COLLEGE,CLAREMONT,CA,91711,7735355460,s,s,s,s,,
1174,SCRIPPS COLLEGE,CLAREMONT,CA,91711,7735346730,7,394,357,346,,
1176,WEST HILLS COMMUNITY COLLEGE,COALINGA,CA,93210,7737159558,76,365,384,378,,
1177,COGSWELL POLYTECHNICAL COLLEGE,SUNNYVALE,CA,94089,7737228577,63,369,380,349,,
1178,COLLEGE OF MARIN,KENTFIELD,CA,94904,7734346355,94,363,378,361,,
1179,NOTRE DAME DE NAMUR UNIVERSITY,BELMONT,CA,94002,3122659925,24,400,422,402,81.7,80.5
1181,COLLEGE OF SAN MATEO,SAN MATEO,CA,94402,7738908020,228,430,456,423,82.8,56.4
B07022,THE CHICAGO SCHOOL OF PROF PSYCHOLOGY,CHICAGO,IL,60610,7735358110,56,339,349,326,,
E00377,UNIVERSITY OF CHICAGO GRADUATE,CHICAGO,IL,60637,7732520970,65,364,378,348,,
E00512,"UNIV OF CHICAGO, BOOTH SCH OF BUS",CHICAGO,IL,60637,7735348500,9,379,364,382,,
E00606,SO IL UNIV-SCHL OF DENTAL MEDICINE,ALTON,IL,62002,7735345090,34,310,324,311,,
E00773,CHICAGO KENT COLLEGE OF LAW,CHICAGO,IL,60661,7738900055,s,s,s,s,,18.2
E00784,EDUCATORS OF BEAUTY,ROCKFORD,IL,61104,7734298955,s,s,s,s,,
E00983,PACIFIC COLLEGE OF ORIENTAL MEDICINE - C,CHICAGO,IL,60601,7735346225,43,361,359,357,,
E01240,HAIR PROFESSIONALS ACADEMY OF COSMETOLOG,NAPERVILLE,IL,60563,7735346660,63,351,375,371,,
E01244,RASMUSSEN COLLEGE - ROCKFORD,ROCKFORD,IL,61108,7735350880,79,403,394,404,53.6,47.7
E01510,RASMUSSEN COLLEGE - AURORA,AURORA,IL,60506,7734240721,66,420,426,411,,27.3
E01649,RASMUSSEN COLLEGE - ROMEOVILLE,ROMEOVILLE,IL,60446,7735346440,64,399,396,391,,
E01717,CORTIVA INSTITUTE - CHICAGO,CRYSTAL LAKE,IL,60014,7735343750,62,362,378,363,,
E01865,RASMUSSEN COLLEGE - MOKENA,MOKENA,IL,60448,7735347275,28,367,356,361,91.5,45.2
E02023,VATTEROTT COLLEGE - FAIRVIEW HEIGHTS,FAIRVIEW HEIGHTS,IL,62208,7735347600,44,387,411,383,,
E02206,PAUL MITCHELL THE SCHOOL ESCANABA - PAUL,LOMBARD,IL,60148,7735342030,51,413,381,407,,
E40390,PAUL MITCHELL THE SCHOOL TINLEY PARK,TINLEY PARK,IL,60477,7735421490,76,394,400,364,67.1,65.8
G01661,CHICAGO THEOLOGICAL SEMINARY,CHICAGO,IL,60637,7735354088,47,398,416,370,,
G01682,GARRETT-EVANGELICAL THEOLOGICAL SEM,EVANSTON,IL,60201,3125631748,114,363,368,364,,16.7
G01698,JOHN MARSHALL LAW SCHOOL,CHICAGO,IL,60604,7732610994,s,s,s,s,,20.8
G01712,LUTHERAN SCHOOL OF THEOL AT CHICAGO,CHICAGO,IL,60615,7735354890,44,407,386,378,,
G01721,MCCORMICK THEOLOGICAL SEMINARY,CHICAGO,IL,60615,7735355582,52,384,385,389,,
G01723,MEADVILLE LOMBARD THEOLOGICAL SCHOOL,CHICAGO,IL,60637,7735350501,41,416,390,394,,
G01736,NORTHERN BAPTIST THEOL SEMINARY,LOMBARD,IL,60148,7735345150,67,337,361,340,,
G01765,UNIVERSITY OF ST MARY OF THE LAKE,MUNDELEIN,IL,60060,7738541188,67,387,402,375,7.7,11.4
G09232,CATHOLIC THEOLOGICAL UNION,CHICAGO,IL,60615,7735346850,39,363,371,350,,
G10141,UNIV OF CHICAGO PRITZKER SCH OF MED,CHICAGO,IL,60637,7733470200,s,s,s,s,,
G20681,ADLER UNIVERSITY,CHICAGO,IL,60602,7735356540,s,s,s,s,,
G20754,DEVRY UNIVERSITY - DOWNERS,DOWNERS GROVE,IL,60515,7735353834,9,367,369,376,,
G23192,LAKE FOREST GRAD SCHL OF MGMT,LAKE FOREST,IL,60045,7735357850,415,412,436,393,,
G25737,INSTITUTE FOR CLINICAL SOCIAL WORK,CHICAGO,IL,60605,7735354550,6,402,373,413,,
G35103,ERIKSON INSTITUTE,CHICAGO,IL,60654,7086697828,s,s,s,s,,37.8
G36843,NORTHSHORE UNIVERSITY HEALTHSYSTEM SCHOO,EVANSTON,IL,60201,7735357395,39,369,371,365,,
1628,AMERICAN ACADEMY OF ART,CHICAGO,IL,60604,7735343460,s,s,s,s,,
1633,AUGUSTANA COLLEGE,ROCK ISLAND,IL,61201,7734867161,68,373,370,356,,
1634,AURORA UNIVERSITY,AURORA,IL,60506,7735345010,54,373,381,377,,
1636,SOUTHWESTERN ILLINOIS COLLEGE,BELLEVILLE,IL,62221,7735341762,s,s,s,s,,
1638,BLACK HAWK COLLEGE,MOLINE,IL,61265,7735359230,16,366,400,368,68.7,21.8
1639,BLACKBURN COLLEGE,CARLINVILLE,IL,62626,7735426766,9,404,368,399,69.7,63.2
1640,PRAIRIE STATE COLLEGE,CHICAGO HEIGHTS,IL,60411,7735341829,78,377,359,376,,
1641,BRADLEY UNIVERSITY,PEORIA,IL,61625,7734783655,39,324,376,349,83.3,76.6
1643,SPOON RIVER COLLEGE,CANTON,IL,61520,7735352580,78,373,387,374,,
1647,CITY COLLEGES OF CHICAGO,CHICAGO,IL,60606,7735346820,33,372,355,357,,
1648,TRUMAN COLLEGE,CHICAGO,IL,60640,7735351120,80,411,464,415,83.5,74.7
1649,RICHARD J DALEY COLLEGE,CHICAGO,IL,60652,7735356215,50,393,394,382,,
1650,CITY COLLEGES OF CHICAGO-MALCOLM X,CHICAGO,IL,60612,3129999360,67,369,367,356,,24.4
1652,HAROLD WASHINGTON COLLEGE,CHICAGO,IL,60601,7738908060,81,459,480,457,,
1653,OLIVE-HARVEY COLLEGE,CHICAGO,IL,60628,7737727170,74,356,363,356,,6.8
1654,KENNEDY KING COLLEGE,CHICAGO,IL,60621,7735356250,30,361,353,367,,
1655,WRIGHT COLLEGE,CHICAGO,IL,60634,7735347500,38,386,386,376,96.2,85.2
1657,MIDWESTERN UNIVERSITY,DOWNERS GROVE,IL,60515,7735350600,s,s,s,s,,
1659,ROSALIND FRANKLIN UNIVERSITY OF MEDICINE,NORTH CHICAGO,IL,60064,7735347010,51,382,365,391,62.9,51
1663,SPERTUS COLLEGE,CHICAGO,IL,60605,7734681300,54,315,339,297,,
1664,UNIVERSITY OF ST FRANCIS,JOLIET,IL,60435,7737789455,49,314,312,339,,
1665,COLUMBIA COLLEGE,CHICAGO,IL,60605,7735344120,32,363,360,351,,
1666,CONCORDIA UNIVERSITY,RIVER FOREST,IL,60305,7735347755,34,356,376,351,69.5,60
1669,DANVILLE AREA COMMUNITY COLLEGE,DANVILLE,IL,61832,7735355250,64,400,419,402,91,45.7
1671,DEPAUL UNIVERSITY,CHICAGO,IL,60604,7735341188,35,379,364,379,,
1674,EASTERN ILLINOIS UNIVERSITY,CHARLESTON,IL,61920,7735346900,80,404,418,402,57.9,35.9
1675,ELGIN COMMUNITY COLLEGE,ELGIN,IL,60123,7735359930,50,368,384,369,93.4,85.1
1676,ELMHURST COLLEGE,ELMHURST,IL,60126,7735355850,114,384,394,388,,
1678,EUREKA COLLEGE,EUREKA,IL,61530,7735353565,27,353,315,371,,
1681,HIGHLAND COMMUNITY COLLEGE,FREEPORT,IL,61032,2156691475,113,438,455,440,,7.8
1684,GREENVILLE COLLEGE,GREENVILLE,IL,62246,7734881634,86,373,412,365,,
1685,HEBREW THEOLOGICAL COLLEGE,SKOKIE,IL,60077,7735358250,59,405,391,394,,
1688,ILLINOIS COLLEGE,JACKSONVILLE,IL,62650,7735356640,79,382,393,382,,
1689,ILLINOIS COLLEGE OF OPTOMETRY,CHICAGO,IL,60616,7735352076,26,382,406,370,,
1691,ILLINOIS INSTITUTE OF TECHNOLOGY,CHICAGO,IL,60616,7735357930,52,304,356,302,69.9,72.7
1692,ILLINOIS STATE UNIVERSITY,NORMAL,IL,61790,7735362399,54,402,395,385,,
1693,NORTHEASTERN ILLINOIS UNIV,CHICAGO,IL,60625,7735347070,s,s,s,s,,
1694,CHICAGO STATE UNIVERSITY,CHICAGO,IL,60628,7735342201,49,300,333,301,,
1696,ILLINOIS WESLEYAN UNIVERSITY,BLOOMINGTON,IL,61701,3125639044,111,390,408,383,,8.3
1699,JOLIET JUNIOR COLLEGE,JOLIET,IL,60431,7735355525,61,392,401,387,,
1700,JUDSON UNIVERSITY,ELGIN,IL,60123,7735353275,38,343,356,330,,
1701,KASKASKIA COLLEGE,CENTRALIA,IL,62801,7739074840,57,370,371,365,,26.4
1703,KENDALL COLLEGE,CHICAGO,IL,60622,7735821100,51,404,418,400,,
1704,KNOX COLLEGE,GALESBURG,IL,61401,7734784434,48,355,350,372,78.6,64.3
1705,ILLINOIS VALLEY COMMUNITY COLLEGE,OGLESBY,IL,61348,7735344400,63,367,385,367,,
1706,LAKE FOREST COLLEGE,LAKE FOREST,IL,60045,7735344000,65,366,364,352,83.5,43.3
1707,LEWIS UNIVERSITY,ROMEOVILLE,IL,60446,7735341635,443,419,426,410,,
1708,LINCOLN CHRISTIAN UNIVERSITY,LINCOLN,IL,62656,7735352170,52,423,420,427,,
1709,LINCOLN COLLEGE,LINCOLN,IL,62656,7735355385,731,632,688,649,,
1710,LOYOLA UNIVERSITY CHICAGO,CHICAGO,IL,60626,7735791220,109,351,362,339,,22.4
1716,MACCORMAC COLLEGE,CHICAGO,IL,60602,3124290027,99,414,435,414,,18.2
1717,MACMURRAY COLLEGE,JACKSONVILLE,IL,62650,7735351666,s,s,s,s,,
1722,MCKENDREE UNIVERSITY,LEBANON,IL,62254,7735345766,68,348,362,354,,
1724,MILLIKIN UNIVERSITY,DECATUR,IL,62522,7735347405,55,372,379,364,,
1725,MONMOUTH COLLEGE,MONMOUTH,IL,61462,7735342000,73,362,382,356,64,51.5
1727,MOODY BIBLE INSTITUTE,CHICAGO,IL,60610,7735348470,10,350,356,317,,
1728,MORTON COLLEGE,CICERO,IL,60804,7737220200,92,636,648,636,,
1732,NATIONAL UNIV OF HEALTH SCIENCES,LOMBARD,IL,60148,7735652100,74,370,381,382,,
1733,NATIONAL-LOUIS UNIVERSITY,CHICAGO,IL,60603,7735341600,46,400,357,390,,
1734,NORTH CENTRAL COLLEGE,NAPERVILLE,IL,60540,7736240700,81,377,391,367,,
1735,NORTH PARK UNIVERSITY,CHICAGO,IL,60625,7735340540,56,386,394,361,,
1737,NORTHERN ILLINOIS UNIVERSITY,DEKALB,IL,60115,7735341650,72,381,376,354,,
1739,NORTHWESTERN UNIV,EVANSTON,IL,60208,7735341530,97,444,471,433,,
1741,OLIVET NAZARENE UNIVERSITY,BOURBONNAIS,IL,60914,7735356425,69,387,365,383,,
1742,IL EASTERN COMM COLGS-OLNEY CENTRAL,OLNEY,IL,62450,7735353530,60,387,391,391,73.9,50.7
1745,QUINCY UNIVERSITY,QUINCY,IL,62301,7736482130,121,367,361,353,,6.9
1746,ROBERT MORRIS UNIVERSITY ILLINOIS,CHICAGO,IL,60605,7735341070,s,s,s,s,,
1747,ROCK VALLEY COLLEGE,ROCKFORD,IL,61114,7735352500,48,419,433,416,74.7,79.8
1748,ROCKFORD UNIVERSITY,ROCKFORD,IL,61108,7735341770,189,386,397,368,,
1749,ROOSEVELT UNIVERSITY,CHICAGO,IL,60605,7735351757,s,s,s,s,,
1750,DOMINICAN UNIVERSITY,RIVER FOREST,IL,60305,7735347665,72,332,381,335,,
1752,SAUK VALLEY COMMUNITY COLLEGE,DIXON,IL,61021,7735211303,48,377,372,363,,
1753,SCHOOL OF ART INSTITUTE OF CHICAGO,CHICAGO,IL,60603,7735345550,57,372,382,375,,
1756,SHIMER COLLEGE,CHICAGO,IL,60616,7735354466,76,431,438,419,,
1757,SOUTHEASTERN ILLINOIS COLLEGE,HARRISBURG,IL,62946,7735352080,55,383,378,365,,
E00505,ST JOSEPH'S COLLEGE-SUFFOLK CAMPUS,PATCHOGUE,NY,11772,7735343090,46,388,393,382,,
E00546,NY INSTITUTE OF TECHNOLOGY-OSTEOPATHIC M,OLD WESTBURY,NY,11568,7735346025,25,348,344,354,,
E00911,PACIFIC COLLEGE OF ORIENTAL MEDICINE - N,NEW YORK,NY,10010,7735353300,49,347,367,341,,
E00922,ITT TECHNICAL INSTITUTE,ALBANY,NY,12205,7735343535,57,381,381,360,,
E01255,LINCOLN TECHNICAL INSTITUTE - WHITESTONE,WHITESTONE,NY,11357,7735344415,30,361,353,360,,
E01670,RIDLEY - LOWELL BUSINESS & TECHNICAL INS,POUGHKEEPSIE,NY,12601,7735353035,36,408,432,411,,
E01719,CONTINENTAL SCHOOL OF BEAUTY CULTURE - B,BUFFALO,NY,14223,7735346746,46,366,378,358,,
E01739,MAKE-UP DESIGNORY -,NEW YORK,NY,10012,7735343030,34,390,401,364,71.3,47.4
E01740,ALLEN SCHOOL - BROOKLYN,BROOKLYN,NY,11201,7735345470,30,321,351,298,,
E01868,FINGER LAKES SCHOOL OF MASSAGE (THE) -,MOUNT KISCO,NY,10549,7735346500,s,s,s,s,39,45.3
E01897,CONTINENTAL SCHOOL OF BEAUTY CULTURE - M,MATTYDALE,NY,13211,7739629256,14,380,372,349,,20.8
E01999,CONTINENTAL SCHOOL OF BEAUTY CULTURE -,BATAVIA,NY,14020,7735353870,s,s,s,s,,
E02126,"JOHN PAOLO'S XTREME BEAUTY INSTITUTE, GO",NEW YORK MILLS,NY,13417,7735349120,s,s,s,s,,
E02188,NEW YORK MEDICAL CAREER TRAINING CENTER,NEW YORK,NY,10018,7735348000,16,398,385,398,,
G02669,BANK STREET COLLEGE OF EDUCATION,NEW YORK,NY,10025,7735347295,42,304,323,312,,
G02674,NEW YORK THEOLOGICAL SEMINARY,NEW YORK,NY,10115,7735356390,72,342,346,341,,
G02677,BROOKLYN LAW SCHOOL,BROOKLYN,NY,11201,7732657232,66,378,374,362,,
G02700,COLGATE ROCHESTER CROZER DIVINITY S,ROCHESTER,NY,14620,7735356340,31,375,387,376,,
G02726,GENERAL THEOLOGICAL SEMINARY,NEW YORK,NY,10011,7735346250,43,332,357,349,85.8,54.1
G02749,NEW YORK COLLEGE OF PODIATRIC MED,NEW YORK,NY,10035,7734335000,29,352,349,373,,
G02783,NEW YORK LAW SCHOOL,NEW YORK,NY,10013,7735349129,9,439,374,418,,
G02784,NEW YORK MEDICAL COLLEGE,VALHALLA,NY,10595,7735359080,52,360,364,356,,
G02807,ROCKEFELLER UNIVERSITY,NEW YORK,NY,10021,7735346880,37,375,355,384,,
G02822,CHRIST THE KING SEMINARY,EAST AURORA,NY,14052,7735421640,92,399,417,395,,
G02833,ST VLADIMIR ORTHODOX THEOL SEM,CRESTWOOD,NY,10707,7735347685,1277,587,659,587,,
G02886,ALBANY LAW SCHOOL,ALBANY,NY,12208,7735358040,90,305,364,312,,
G02887,ALBANY MEDICAL COLLEGE,ALBANY,NY,12208,7735351150,105,400,417,389,80.6,65.5
G02890,UNION THEOLOGICAL SEMINARY,NEW YORK,NY,10027,7735359130,72,384,364,368,,
G03979,COLUMBIA UNIV TEACHERS COLLEGE,NEW YORK,NY,10027,7735353480,29,400,390,403,,
G04054,HEBREW UNION COL-JEWISH INST OF REL,NEW YORK,NY,10012,7735359255,s,s,s,s,,
G04762,WEILL CORNELL MEDICAL COLLEGE AND GRADUA,NEW YORK,NY,10021,7735303040,8,435,383,379,,
G07026,MOUNT SINAI SCHOOL OF MEDICINE,NEW YORK,NY,10029,3122254668,13,398,391,394,,17.6
G09895,YESHIVA UNIVERSITY - BRONX CAMPUS,BRONX,NY,10461,7735359070,89,438,443,431,80.5,62.2
G24601,UNIV OF ROCHESTER SCHL OF MEDICINE,ROCHESTER,NY,14642,7735793480,85,406,391,392,84.5,63
G31913,CUNY SCHOOL OF LAW @ QUEENS COLLEGE,FLUSHING,NY,11367,7734172045,s,s,s,s,,
G32163,UNIFICATION THEOLOGICAL SEMINARY,BARRYTOWN,NY,12507,7735343600,185,471,472,448,27.8,10.8
G34194,NORTHEASTERN SEMINARY,ROCHESTER,NY,14624,7735793475,20,441,499,413,,
G34433,NEW YORK COLLEGE OF TRADITIONAL CHINESE,MINEOLA,NY,11501,7734333530,102,365,361,359,,
G38813,CLARKSON UNIVERSITY - CAPITAL REGION CAM,SCHENECTADY,NY,12308,7735353875,s,s,s,s,,
G41798,SOTHEBY'S INSTITUTE OF ART - NY,NEW YORK,NY,10022,7735359375,68,387,357,381,,
G42076,AMERICAN ACADEMY OF PERSONAL TRAINING,NEW YORK,NY,10011,7735351230,72,586,584,570,,
G42238,ELECTRICAL TRAINING CENTER (THE),COPIAGUE,NY,11726,7737239631,41,407,386,396,,0
2665,VAUGHN COLLEGE OF AERONAUTICS AND TECHNO,EAST ELMHURST,NY,11369,7734985085,144,364,379,371,,12.8
2666,ADELPHI UNIVERSITY,GARDEN CITY,NY,11530,7737293400,134,413,396,395,,
2668,ALFRED UNIVERSITY,ALFRED,NY,14802,7735357320,142,398,421,396,,
2671,BARD COLLEGE,ANNANDALE-ON-HUDSON,NY,12504,7735844300,42,367,373,350,,
2678,BRYANT & STRATTON COLLEGE,BUFFALO,NY,14203,7739931770,72,363,385,364,,76.9
2681,CANISIUS COLLEGE,BUFFALO,NY,14208,7735349257,113,397,410,380,,3.7
2685,CAZENOVIA COLLEGE,CAZENOVIA,NY,13035,7736379430,31,371,377,355,,
2686,CITY UNIV OF NEW YORK-CENTRAL,NEW YORK,NY,10021,3124555442,94,367,376,350,,
2687,CUNY-BROOKLYN COLLEGE,BROOKLYN,NY,11210,7735340660,12,382,372,368,70.9,40
2688,CITY COLLEGE-CUNY,NEW YORK,NY,10031,7088872735,28,359,335,341,,
2689,CUNY-HUNTER COLLEGE,NEW YORK,NY,10021,7735342320,s,s,s,s,82.8,54.4
2690,QUEENS COLLEGE-CUNY,FLUSHING,NY,11367,3127684858,52,361,367,383,83.3,88
2691,CUNY- BOROUGH OF MANHATTAN CMTY CLG,NEW YORK,NY,10007,7735350860,76,393,399,387,,
2692,CUNY BRONX COMMUNITY COLLEGE,BRONX,NY,10453,7735342890,59,398,411,394,87.6,63.3
2693,CUNY-JOHN JAY CLG CRIMINAL JUSTICE,NEW YORK,NY,10019,7733586120,58,397,391,381,73.1,75.7
2694,KINGSBOROUGH COMMUNITY COLLEGE,BROOKLYN,NY,11235,7735345484,72,379,416,380,,
2696,NY CITY COLLEGE OF TECHNOLOGY-CUNY,BROOKLYN,NY,11201,7737622272,64,405,415,392,,6.3
2697,QUEENSBOROUGH COMMUNITY COLLEGE,BAYSIDE,NY,11364,7735340960,77,398,402,385,,
2698,CUNY THE COLLEGE OF STATEN ISLAND,STATEN ISLAND,NY,10314,7735353045,9,352,341,300,,
2699,CLARKSON UNIVERSITY,POTSDAM,NY,13699,7735345720,s,s,s,s,,
2701,COLGATE UNIVERSITY,HAMILTON,NY,13346,7735346791,28,368,365,368,,
2703,COLLEGE OF MOUNT SAINT VINCENT,RIVERDALE,NY,10471,7735353892,141,426,421,411,,
2704,COLLEGE OF NEW ROCHELLE,NEW ROCHELLE,NY,10805,7735345250,s,s,s,s,,
2705,COLLEGE OF SAINT ROSE,ALBANY,NY,12203,7735352640,8,430,416,425,,
2707,COLUMBIA UNIVERSITY IN THE CITY OF NEW Y,NEW YORK,NY,10027,7735355725,20,355,355,358,72.2,54.9
2708,BARNARD COLLEGE-COLUMBIA UNIV,NEW YORK,NY,10027,7735344080,131,365,370,362,,
2709,CONCORDIA COLLEGE,BRONXVILLE,NY,10708,7735343351,46,362,372,358,,
2710,COOPER UNION,NEW YORK,NY,10003,7735359414,36,370,372,351,,
2711,CORNELL UNIVERSITY,ITHACA,NY,14853,7735344365,s,s,s,s,,
2712,D'YOUVILLE COLLEGE,BUFFALO,NY,14201,7735353550,59,396,374,369,,
2713,DOMINICAN COLLEGE,ORANGEBURG,NY,10962,7735355560,57,352,342,351,,
2718,ELMIRA COLLEGE,ELMIRA,NY,14901,3124323224,s,s,s,s,,
2722,FORDHAM UNIVERSITY,BRONX,NY,10458,3122674486,7,394,364,334,50,68
2727,PACE UNIVERSITY - WHITE PLAINS,WHITE PLAINS,NY,10603,7735355340,71,287,335,291,,
2728,HAMILTON COLLEGE,CLINTON,NY,13323,7735341840,46,403,385,388,58.9,41.2
2729,HARTWICK COLLEGE,ONEONTA,NY,13820,7735342025,35,348,381,359,,
2731,HOBART & WILLIAM SMITH COLLEGES,GENEVA,NY,14456,7735352322,38,377,404,372,,
2732,HOFSTRA UNIVERSITY,HEMPSTEAD,NY,11549,7735345400,73,338,349,340,95.9,85
2734,HOUGHTON COLLEGE,HOUGHTON,NY,14744,7735359340,61,362,375,368,,
2735,HILBERT COLLEGE,HAMBURG,NY,14075,7735343576,69,457,462,441,,
2737,IONA COLLEGE,NEW ROCHELLE,NY,10801,7735343000,54,386,391,369,,
2739,ITHACA COLLEGE,ITHACA,NY,14850,7735351777,79,418,441,414,,
2740,JEWISH THEOLOGICAL SEMINARY OF AMER,NEW YORK,NY,10027,7732520970,63,388,382,373,,4.2
2742,THE JUILLIARD SCHOOL,NEW YORK,NY,10023,7735343100,48,385,393,373,,
2744,KEUKA COLLEGE,KEUKA PARK,NY,14478,7735357226,16,372,356,335,,
2748,LEMOYNE COLLEGE,SYRACUSE,NY,13214,7735345460,165,476,481,479,,
2751,LONG ISLAND UNIVERSITY,BROOKVILLE,NY,11548,7735346455,259,425,413,413,57.7,43.8
2758,MANHATTAN COLLEGE,RIVERDALE,NY,10471,7735350870,53,365,363,355,,
2759,MANHATTAN SCHOOL OF MUSIC,NEW YORK,NY,10027,7735352821,s,s,s,s,,
2760,MANHATTANVILLE COLLEGE,PURCHASE,NY,10577,7735341194,56,313,320,330,,
2763,MARIA COLLEGE,ALBANY,NY,12208,7735346780,29,374,377,394,,
2765,MARIST COLLEGE,POUGHKEEPSIE,NY,12601,7735347030,54,383,358,377,80.9,50.6
2769,MARYMOUNT MANHATTAN COLLEGE,NEW YORK,NY,10021,7735345535,43,368,378,346,,
2772,MERCY COLLEGE,DOBBS FERRY,NY,10522,7735354700,63,387,377,379,,
2775,MOLLOY COLLEGE,ROCKVILLE CENTRE,NY,11570,7735344550,17,384,362,351,,
2777,MEDAILLE COLLEGE,BUFFALO,NY,14214,7735356625,48,361,360,359,,
2778,MOUNT SAINT MARY COLLEGE,NEWBURGH,NY,12550,7735355400,37,404,393,386,54.6,48
2779,NAZARETH COLLEGE OF ROCHESTER,ROCHESTER,NY,14618,7735341736,33,393,395,381,,
2780,THE NEW SCHOOL,NEW YORK,NY,10011,7735359150,75,386,380,393,62.1,31.9
2782,NEW YORK INSTITUTE OF TECHNOLOGY,OLD WESTBURY,NY,11568,7735345262,7,400,370,370,,
2785,NEW YORK UNIVERSITY,NEW YORK,NY,10012,7735346670,35,363,381,367,,
2788,NIAGARA UNIVERSITY,NIAGARA UNIVERSITY,NY,14109,7735340590,40,376,385,374,,
2790,NYACK COLLEGE,NYACK,NY,10960,7735343200,12,410,403,378,88.2,66.4
2791,PACE UNIVERSITY - NEW YORK,NEW YORK,NY,10038,7735351308,54,416,432,394,,
B42154,GRACE SCHOOL OF THEOLOGY,CONROE,TX,77384,7735343070,s,s,s,s,,
E00673,REMINGTON COLLEGE - FT. WORTH CAMPUS,FT. WORTH,TX,76112,7735357252,s,s,s,s,,
E00711,INTERACTIVE LEARNING SYSTEMS,HOUSTON,TX,77081,7735346200,37,341,349,333,,
E00819,SOUTHERN CAREERS INSTITUTE-PHARR,PHARR,TX,78577,7735349190,47,363,349,342,,
E00820,SOUTHERN CAREERS INSTITUTE - CORPUS CHRI,CORPUS CHRISTI,TX,78414,7735353800,61,380,386,383,39.4,46.4
E00821,SOUTHERN CAREERS INSTITUTE - SAN ANTONIO,SAN ANTONIO,TX,78221,7735350730,68,371,365,370,,
E00978,KAPLAN COLLEGE - BEAUMONT,BEAUMONT,TX,77706,7735348980,29,279,322,286,,
E01008,VIRGINIA COLLEGE - VIRGINIA COLLEGE AT A,AUSTIN,TX,78723,7735347375,182,395,418,380,,
E01009,KAPLAN COLLEGE - LAREDO,LAREDO,TX,78041,7735351996,60,371,371,354,,
E01021,KAPLAN COLLEGE - CAREER CENTERS OF TEXAS,CORPUS CHRISTI,TX,78416,7735353151,57,360,385,363,,
E01023,KAPLAN COLLEGE - BROWNSVILLE,BROWNSVILLE,TX,78521,7735341390,51,376,385,368,,
E01027,KAPLAN COLLEGE - MCALLEN,MCALLEN,TX,78503,7735341880,74,370,369,363,,
E01030,INTERACTIVE LEARNING SYSTEMS,HOUSTON,TX,77060,7735345108,38,383,400,374,,
E01051,AMERICAN INTERCONTINENTAL UNIV - HOUSTON,HOUSTON,TX,77042,7735342040,456,402,471,399,,
E01057,KAPLAN COLLEGE - LUBBOCK,LUBBOCK,TX,79401,7735356210,238,425,474,424,,
E01104,KAPLAN COLLEGE - CAREER CENTERS OF TEXAS,FORT WORTH,TX,76103,3127995870,694,417,478,411,,
E01173,REMINGTON COLLEGE - NORTH HOUSTON CAMPUS,HOUSTON,TX,77067,7735354540,385,383,486,375,,
E01195,TEXAS SCHOOL OF BUSINESS - FRIENDSWOOD C,FRIENDSWOOD,TX,77546,7735348310,s,s,s,s,,
E01258,INTERNATIONAL ACADEMY OF DESIGN & TECHNO,SAN ANTONIO,TX,78229,7735349050,18,338,477,316,,
E01300,SOUTH TEXAS VOCATIONAL TECHNICAL INSTITU,BROWNSVILLE,TX,78520,7735359050,54,326,386,314,,
E01301,SOUTHWEST SCHOOL OF BUSINESS AND TECHNIC,MCALLEN,TX,78501,7735353000,54,402,427,408,,
E01320,EVEREST COLLEGE - DALLAS,DALLAS,TX,75206,7735347675,39,388,398,378,,
E01322,EVEREST INSTITUTE - BISSONNET,HOUSTON,TX,77036,7735341680,475,396,437,393,,
E01338,EVEREST COLLEGE - ARLINGTON,ARLINGTON,TX,76011,7735351687,s,s,s,s,,
E01340,EVEREST INSTITUTE - HOUSTON GREENSPOINT,HOUSTON,TX,77060,7734340202,s,s,s,s,,
E01341,EVEREST INSTITUTE - HOUSTON HOBBY,HOUSTON,TX,77087,7735342395,727,468,496,467,,
E01343,EVEREST INSTITUTE- AUSTIN,AUSTIN,TX,78754,3122431550,448,404,468,390,,7.4
E01378,INSTITUTE FOR BUSINESS & TECHNOLOGY - LA,SAN ANTONIO,TX,78230,7735353050,40,384,375,365,,
E01598,MEDIATECH INSTITUTE - AUSTIN,AUSTIN,TX,78704,7735844300,40,353,370,356,,
E01599,MEDIATECH INSTITUTE - HOUSTON,HOUSTON,TX,77042,7735357000,95,394,414,376,,
E01600,FORTIS COLLEGE - FORTIS INSTITUTE,GRAND PRAIRIE,TX,75050,7735352350,119,429,449,435,,
E01618,COMPUTER CAREER CENTER - AMARILLO CAMPUS,AMARILLO,TX,79101,7735350940,10,411,369,373,,
E01648,COMPUTER CAREER CENTER - LUBBOCK CAMPUS,LUBBOCK,TX,79414,7735344340,824,478,519,476,,
E01653,SOUTH TEXAS VOCATIONAL TECHNICAL INSTITU,CORPUS CHRISTI,TX,78416,7735488705,518,436,475,439,68.8,56.3
E01688,SOUTHERN CAREERS INSTITUTE - BROWNSVILLE,BROWNSVILLE,TX,78520,7735346811,236,383,392,370,,
E01689,SOUTHERN CAREERS INSTITUTE - HARLINGEN,HARLINGEN,TX,78550,7735348110,259,524,561,542,,
E01845,KAPLAN COLLEGE - ARLINGTON,ARLINGTON,TX,76010,7735359330,131,456,456,440,,
E01874,EVEREST COLLEGE - FORT WORTH SOUTH,FORT WORTH,TX,76115,7735344290,60,389,409,387,,
E02074,UTAH COLLEGE OF MASSAGE THERAPY - TEXAS,RICHARDSON,TX,75801,7735345055,55,361,371,359,,
E02094,VISTA COLLEGE - BEAUMONT,BEAUMONT,TX,77701,7735359288,11,349,338,331,,
E02095,VISTA COLLEGE - LONGVIEW,LONGVIEW,TX,75604,7735358850,7,311,371,311,,
E02098,TEXAS BARBER COLLEGES & HAIRSTYLING SCHO,DALLAS,TX,75228,7735342150,17,350,346,332,,
E02099,TEXAS BARBER COLLEGES & HAIRSTYLING SCHO,DALLAS,TX,75241,7735342220,69,392,416,388,,
E02100,TEXAS BARBER COLLEGES & HAIRSTYLING SCHO,HOUSTON,TX,77009,7732985800,89,405,454,421,,
E02134,UTAH COLLEGE OF MASSAGE THERAPY - TEXAS,HOUSTON,TX,77040,7735347460,39,406,413,400,,
E02135,SOUTH UNIVERSITY - AUSTIN,AUSTIN,TX,78729,7735354900,69,404,429,407,77.8,55.1
E02158,VISTA COLLEGE - KILLEEN,KILLEEN,TX,76541,7735343455,55,317,323,311,,
E02174,SOUTHERN CAREERS INSTITUTE - SAN ANTONIO,SAN ANTONIO,TX,78238,7735345191,155,545,568,550,,
E02177,PCI HEALTH TRAINING CENTER - RICHARDSON,RICHARDSON,TX,75081,7735342390,320,383,440,380,,
E02191,MYCOMPUTERCAREER.COM - DALLAS,IRVING,TX,75062,7735352671,s,s,s,s,,
E02192,MYCOMPUTERCAREER.COM - HOUSTON,HOUSTON,TX,77056,7734983355,241,395,420,396,,
E40388,VISTA COLLEGE - COLLEGE STATION,COLLEGE STATION,TX,77840,7735359222,58,399,393,385,,
E40436,FLORIDA CAREER COLLEGE - UEI COLLEGE - H,HOUSTON,TX,77090,7735350570,69,326,409,329,,
G03544,AUSTIN PRESBYTERIAN THEOLOGICAL SEM,AUSTIN,TX,78705,7733498200,138,391,403,380,,
G03562,DALLAS THEOLOGICAL SEM,DALLAS,TX,75204,7735341189,80,443,447,440,,
G03566,EPISCOPAL THEOLOGICAL SEMINARY OF THE SO,AUSTIN,TX,78705,7735357280,155,417,447,406,,
G03595,OBLATE SCHOOL OF THEOLOGY,SAN ANTONIO,TX,78216,7735352255,396,445,496,423,,
G04977,SOUTH TEXAS COLLEGE OF LAW,HOUSTON,TX,77002,7735344425,s,s,s,s,,
G23202,HOUSTON GRADUATE SCHOOL OF THEOLOGY,HOUSTON,TX,77035,7735345725,58,455,498,443,,
G41527,ASTRODOME CAREER CENTERS,HOUSTON,TX,77054,7735350457,45,314,417,318,,
3537,ABILENE CHRISTIAN UNIVERSITY,ABILENE,TX,79699,7735354836,59,416,463,392,,
3539,ALVIN COMMUNITY COLLEGE,ALVIN,TX,77511,7735359270,63,471,489,481,,
3540,AMARILLO COLLEGE,AMARILLO,TX,79109,7735356430,558,397,451,395,,
3541,ANGELO STATE UNIVERSITY,SAN ANGELO,TX,76909,7735345223,347,393,441,382,,
3543,AUSTIN COLLEGE,SHERMAN,TX,75090,7739359925,9,378,373,344,6.7,14.7
3545,BAYLOR UNIVERSITY,WACO,TX,76798,7735345060,278,621,651,638,,
3546,COASTAL BEND COLLEGE,BEEVILLE,TX,78102,7735356600,17,398,382,388,,
3549,BLINN COLLEGE,BRENHAM,TX,77833,7735346361,99,431,458,441,,
3553,CISCO JUNIOR COLLEGE,CISCO,TX,76437,7735350980,7,379,421,377,,
3554,CLARENDON COLLEGE,CLARENDON,TX,79226,7735341402,888,480,545,489,,
3556,COMMONWEALTH INST OF FUNERAL SVC,HOUSTON,TX,77090,7735345525,934,468,539,467,,
3557,CONCORDIA UNIVERSITY TEXAS,AUSTIN,TX,78726,7735356225,334,391,397,384,,
3558,NORTH CENTRAL TEXAS COLLEGE,GAINESVILLE,TX,76240,3129495010,708,462,523,464,,12.5
3560,DALLAS BAPTIST UNIVERSITY,DALLAS,TX,75211,7735345440,175,425,434,420,91.2,65.7
3563,DEL MAR COLLEGE,CORPUS CHRISTI,TX,78404,7735341201,87,387,385,373,,
3564,EAST TEXAS BAPTIST UNIVERSITY,MARSHALL,TX,75670,7735350801,74,432,419,401,,
3565,TEXAS A&M UNIVERSITY - COMMERCE,COMMERCE,TX,75429,7735345790,44,391,401,364,,
3568,FRANK PHILLIPS COLLEGE,BORGER,TX,79008,7735341620,93,423,426,416,,
3570,GRAYSON COUNTY COLLEGE,DENISON,TX,75020,7735345750,36,367,379,348,,
3571,HARDIN-SIMMONS UNIVERSITY,ABILENE,TX,79698,7735348456,89,499,537,496,,
3572,TRINITY VALLEY COMMUNITY COLLEGE,ATHENS,TX,75751,7735346800,101,377,371,360,,
3573,HILL COLLEGE,HILLSBORO,TX,76645,7735352680,78,384,396,354,,
3574,HOWARD COUNTY JUNIOR COLLEGE DISTRICT,BIG SPRING,TX,79720,7735342960,404,382,404,368,,
3575,HOWARD PAYNE UNIVERSITY,BROWNWOOD,TX,76801,7735345000,403,391,409,392,66.9,38
3576,HOUSTON BAPTIST UNIVERSITY,HOUSTON,TX,77074,7735355375,194,429,491,425,,
3577,HUSTON - TILLOTSON UNIVERSITY,AUSTIN,TX,78702,7733428022,s,s,s,s,,19.1
3578,UNIVERSITY OF THE INCARNATE WORD,SAN ANTONIO,TX,78209,7735341300,68,420,445,400,65.3,37.8
3579,JACKSONVILLE COLLEGE,JACKSONVILLE,TX,75766,7732520970,s,s,s,s,,
3580,KILGORE COLLEGE,KILGORE,TX,75662,7735341180,6,403,408,367,,
3581,LAMAR UNIVERSITY-BEAUMONT,BEAUMONT,TX,77710,7735356585,25,430,452,425,,
3582,LAREDO COMMUNITY COLLEGE,LAREDO,TX,78040,7735357200,762,456,497,454,,
3583,LEE COLLEGE,BAYTOWN,TX,77520,7735343420,90,342,368,353,72.5,50.1
3584,LETOURNEAU UNIVERSITY,LONGVIEW,TX,75607,7735359120,462,395,413,386,,
3586,LUBBOCK CHRISTIAN UNIVERSITY,LUBBOCK,TX,79407,7735341690,422,452,478,442,,
3588,UNIVERSITY OF MARY HARDIN-BAYLOR,BELTON,TX,76513,7735350440,99,513,523,502,,
3590,MCLENNAN COMMUNITY COLLEGE,WACO,TX,76708,7735340820,s,s,s,s,,
3591,MCMURRY UNIVERSITY,ABILENE,TX,79697,7735353394,121,612,660,596,,
3592,MIDWESTERN STATE UNIVERSITY,WICHITA FALLS,TX,76308,7735350530,74,406,406,384,,
3593,NAVARRO COLLEGE,CORSICANA,TX,75110,7732760620,68,439,445,432,,22.2
3594,UNIVERSITY OF NORTH TEXAS,DENTON,TX,76203,7735341000,52,360,380,359,85.2,63
3596,ODESSA COLLEGE,ODESSA,TX,79764,7737528101,46,401,397,375,76.3,80.4
3598,OUR LADY OF THE LAKE UNIVERSITY,SAN ANTONIO,TX,78207,7735343520,49,402,398,402,,
3599,UNIVERSITY OF TEXAS - RIO GRANDE VALLEY,EDINBURG,TX,78539,7735347650,59,436,427,424,,
3600,PANOLA COLLEGE,CARTHAGE,TX,75633,7735352410,43,370,367,363,84.6,58.3
3601,PARIS JR COLLEGE,PARIS,TX,75460,7735359015,s,s,s,s,,
3602,PAUL QUINN COLLEGE,DALLAS,TX,75241,7735359280,78,400,426,394,,
3603,RANGER COLLEGE,RANGER,TX,76470,7735355600,52,385,377,377,,
E00555,ANTIOCH UNIV/SEATTLE,SEATTLE,WA,98121,7735344970,49,379,414,359,,46.2
E01257,INTERNATIONAL ACADEMY OF DESIGN & TECH,SEATTLE,WA,98188,7735356404,62,393,381,377,,
E01311,EVEREST COLLEGE - EVERETT,EVERETT,WA,98208,7735353100,s,s,s,s,36.1,40.5
E01312,EVEREST COLLEGE - TACOMA,TACOMA,WA,98402,7735353260,98,410,440,405,,
E40419,BEAUTY INSTITUTE SCHWARZKOPF PROFESSIONA,BELLINGHAM,WA,98225,7735356300,395,414,449,412,,
G31108,BAKKE GRADUATE UNIVERSITY,SEATTLE,WA,98104,7735352425,392,403,420,395,,
G32803,SEATTLE INST OF ORIENTAL MEDICINE,SEATTLE,WA,98115,7735351480,174,504,496,494,,
G34664,SEATTLE SCHOOL OF THEOLOGY AND PSYCHOLOG,SEATTLE,WA,98121,7735351732,148,407,434,398,,
G41305,PACIFIC NORTHWEST UNIV OF HEALTH SCIENCE,YAKIMA,WA,98901,7732242273,143,323,475,329,,14.6
G41612,PINCHOT UNIVERSITY,SEATTLE,WA,98104,7735343060,135,487,492,491,,
3769,BELLEVUE COLLEGE,BELLEVUE,WA,98007,7736453321,61,524,568,544,,
3770,BIG BEND COMMUNITY COLLEGE,MOSES LAKE,WA,98837,7735352265,137,452,451,450,,
3771,CENTRAL WASHINGTON UNIVERSITY,ELLENSBURG,WA,98926,7735340490,61,398,412,385,,
3772,CENTRALIA COLLEGE,CENTRALIA,WA,98531,7734344575,107,472,488,466,,
3773,CLARK COLLEGE,VANCOUVER,WA,98663,7735343560,391,424,437,416,,
3774,COLUMBIA BASIN COLLEGE,PASCO,WA,99301,7735355170,271,424,438,417,74.4,40.4
3775,EASTERN WASHINGTON UNIVERSITY,CHENEY,WA,99004,7735344444,375,437,435,429,,
3776,EVERETT COMMUNITY COLLEGE,EVERETT,WA,98201,7735347655,807,462,486,470,,
3777,HERITAGE UNIVERSITY,TOPPENISH,WA,98948,7732520970,535,455,474,459,67.9,29.5
3778,GONZAGA UNIVERSITY,SPOKANE,WA,99258,7735348600,10,466,455,414,91.8,87.3
3779,GRAYS HARBOR COLLEGE,ABERDEEN,WA,98520,7735346192,94,416,422,397,,
3780,GREEN RIVER COMMUNITY COLLEGE,AUBURN,WA,98092,3123481888,227,635,682,636,77.4,81.3
3781,HIGHLINE COMMUNITY COLLEGE,DES MOINES,WA,98198,7735342350,10,405,375,370,72.3,66.3
3782,LOWER COLUMBIA COLLEGE,LONGVIEW,WA,98632,7735344375,50,380,366,352,,
3783,NORTHWEST UNIVERSITY,KIRKLAND,WA,98083,7735342680,88,384,409,361,,
3784,OLYMPIC COLLEGE,BREMERTON,WA,98337,7735340210,75,348,353,334,,
3785,PACIFIC LUTHERAN UNIVERSITY,TACOMA,WA,98447,7735341480,67,342,364,354,,
3786,PENINSULA COLLEGE,PORT ANGELES,WA,98362,7735341198,39,428,465,422,,
3787,SEATTLE CENTRAL COMMUNITY COLLEGE,SEATTLE,WA,98122,7735345070,23,347,358,350,,
3788,SEATTLE PACIFIC UNIVERSITY,SEATTLE,WA,98119,7735351040,24,359,317,358,,
3790,SEATTLE UNIVERSITY,SEATTLE,WA,98122,7735352100,s,s,s,s,76,65.8
3791,SHORELINE COMMUNITY COLLEGE,SEATTLE,WA,98133,7739388553,s,s,s,s,,
3792,SKAGIT VALLEY COLLEGE,MOUNT VERNON,WA,98273,7735349000,s,s,s,s,71.5,43.5
3793,SPOKANE COMMUNITY COLLEGE,SPOKANE,WA,99207,7735354030,32,429,444,433,,
3794,ST MARTIN'S UNIVERSITY,LACEY,WA,98503,7735345040,s,s,s,s,,
3796,TACOMA COMMUNITY COLLEGE,TACOMA,WA,98466,7735344125,s,s,s,s,,
3797,UNIVERSITY OF PUGET SOUND,TACOMA,WA,98416,7735356240,s,s,s,s,,
3798,UNIVERSITY OF WASHINGTON,SEATTLE,WA,98195,7735344175,s,s,s,s,,
3799,WALLA WALLA UNIVERSITY,COLLEGE PLACE,WA,99324,7735355689,8,496,400,426,,
3800,WASHINGTON STATE UNIVERSITY,PULLMAN,WA,99164,7735343718,9,367,370,360,,
3801,WENATCHEE VALLEY COLLEGE,WENATCHEE,WA,98801,7735341700,9,378,373,344,,
3802,WESTERN WASHINGTON UNIVERSITY,BELLINGHAM,WA,98225,7735343130,278,621,651,638,,
3803,WHITMAN COLLEGE,WALLA WALLA,WA,99362,7735341665,17,398,382,388,,
3804,WHITWORTH UNIVERSITY,SPOKANE,WA,99251,7735347250,99,431,458,441,,
3805,YAKIMA VALLEY COMMUNITY COLLEGE,YAKIMA,WA,98907,7735340950,7,379,421,377,,
5000,PIERCE COLLEGE,LAKEWOOD,WA,98498,7735356360,888,480,545,489,,
5001,EDMONDS COMMUNITY COLLEGE,LYNNWOOD,WA,98036,7735345840,934,468,539,467,,
5006,WALLA WALLA COMMUNITY COLLEGE,WALLA WALLA,WA,99362,7735355475,334,391,397,384,,
5372,SOUTH PUGET SOUND COMMUNITY COLLEGE,OLYMPIA,WA,98512,7735351060,708,462,523,464,,
5373,LAKE WASHINGTON TECHNICAL COLLEGE,KIRKLAND,WA,98034,7735353285,175,425,434,420,,
8155,EVERGREEN STATE COLLEGE (THE),OLYMPIA,WA,98505,7735355065,87,387,385,373,,
8443,ITT TECHNICAL INSTITUTE - SEATTLE,SEATTLE,WA,98168,7735344185,74,432,419,401,,
9387,PERRY TECHNICAL INSTITUTE,YAKIMA,WA,98903,7735354050,44,391,401,364,,
9544,SPOKANE FALLS COMMUNITY COLLEGE,SPOKANE,WA,99224,7735344300,93,423,426,416,,
9704,NORTH SEATTLE COMMUNITY COLLEGE,SEATTLE,WA,98103,7735352364,36,367,379,348,,
9706,SOUTH SEATTLE COMMUNITY COLLEGE,SEATTLE,WA,98106,7735357875,89,499,537,496,,
9739,GLEN DOW ACAD OF HAIR DESIGN,SPOKANE,WA,99201,7735344391,101,377,371,360,,
10364,WHATCOM COMMUNITY COLLEGE,BELLINGHAM,WA,98226,7735352700,78,384,396,354,,
11481,DIVERS INSTITUTE OF TECHNOLOGY,SEATTLE,WA,98107,7739388565,404,382,404,368,,
12259,BATES TECHNICAL COLLEGE,TACOMA,WA,98405,7735350829,403,391,409,392,,
12315,CORNISH COLLEGE OF THE ARTS,SEATTLE,WA,98121,7735340866,194,429,491,425,83.6,72.6
13022,CITY UNIVERSITY OF SEATTLE,SEATTLE,WA,98121,7735348860,s,s,s,s,64.1,74.6
13822,TONI & GUY HAIRDRESSING ACADEMY,SHORELINE,WA,98133,7735359100,68,420,445,400,,2.1
13926,GENE JUAREZ BEAUTY SCHOOLS,MOUNTLAKE TERRACE,WA,98043,7735350990,s,s,s,s,,
14001,RENTON TECHNICAL COLLEGE,RENTON,WA,98056,3122265345,6,403,408,367,85.6,77.2
14396,PAROBA COLLEGE OF COSMETOLOGY,EVERETT,WA,98208,7735353070,25,430,452,425,,
14618,EVERGREEN BEAUTY AND BARBER COLLEGE,BELLEVUE,WA,98007,7732786895,762,456,497,454,,
15040,EVEREST COLLEGE - EVERETT WA,EVERETT,WA,98208,7735353843,90,342,368,353,,
15562,STYLEMASTERS COLLEGE OF HAIR DESIGN,LONGVIEW,WA,98632,7735357115,462,395,413,386,,
15817,PROFESSIONAL BEAUTY SCHOOL,YAKIMA,WA,98902,7735355380,422,452,478,442,,
15984,CLOVER PARK TECHNICAL COLLEGE,LAKEWOOD,WA,98499,7735353315,99,513,523,502,,
16059,BASTYR UNIVERSITY,KENMORE,WA,98028,7735351204,s,s,s,s,,
16210,ART INSTITUTE OF SEATTLE,SEATTLE,WA,98121,7739027800,121,612,660,596,,8.3
16227,BELLINGHAM TECHNICAL COLLEGE,BELLINGHAM,WA,98225,7735357360,32,363,360,351,,
16856,ACADEMY OF HAIR DESIGN (THE),WENATCHEE,WA,98801,7735341455,34,356,376,351,,
17065,BJ'S BEAUTY AND BARBER COLLEGE,TACOMA,WA,98409,7735343080,64,400,419,402,,
21800,NORTHWEST INDIAN COLLEGE,BELLINGHAM,WA,98226,7735355430,35,379,364,379,49.5,29
22229,INTERNATIONAL AIR & HOSPITALITY ACADEMY,VANCOUVER,WA,98661,7735345505,80,404,418,402,,
26021,NORTHWEST COLLEGE OF ART & DESIGN,POULSBO,WA,98370,7735344200,50,368,384,369,69.8,36.2
30521,SEATTLE VOCATIONAL INSTITUTE,SEATTLE,WA,98144,7735355010,114,384,394,388,,
30650,LUCAS MARC ACADEMY,RICHLAND,WA,99352,7735354875,27,353,315,371,,
30718,ITT TECHNICAL INSTITUTE,SPOKANE VALLEY,WA,99216,7735343711,113,438,455,440,,
30990,CORTIVA INSTITUTE - SEATTLE,SEATTLE,WA,98109,7735352376,86,373,412,365,,
31395,MONTESSORI SCHOOLS OF WASHINGTON,EVERETT,WA,98203,7735354590,59,405,391,394,,
32833,NORTHWEST HVAC/R ASSOCIATION & TRAINING,SPOKANE,WA,99207,7735342480,79,382,393,382,,
34835,CASCADIA COMMUNITY COLLEGE,BOTHELL,WA,98011,7735354825,26,382,406,370,,
34904,EMIL FRIES PIANO HOSPITAL & TRAININ,VANCOUVER,WA,98661,7735349200,832,679,735,682,,
36894,FAITH EVANGELICAL COLLEGE & SEMINARY,TACOMA,WA,98407,7735343120,167,443,489,442,,
37243,DIGIPEN INSTITUTE OF TECHNOLOGY,REDMOND,WA,98052,7735347000,25,370,349,351,,
39173,EVERGREEN BEAUTY AND BARBER COLLEGE,EVERETT,WA,98208,7735342695,81,469,472,475,,
41200,SUNNYSIDE BEAUTY ACADEMY,SUNNYSIDE,WA,98944,7735354530,264,407,440,393,,
41272,VICTORIA'S ACADEMY OF COSMETOLOGY,KENNEWICK,WA,99336,7735359091,131,414,425,400,,
41308,CASCADE BEAUTY COLLEGE,AUBURN,WA,98002,7735359040,42,429,404,420,,
41328,INLAND MASSAGE INSTITUTE,SPOKANE,WA,99218,7735352290,66,336,378,344,,
41494,GARY MANUEL AVEDA INSTITUTE,SEATTLE,WA,98122,7735343250,73,391,395,382,,
41550,NORTHWEST SCHOOL OF WOODEN BOAT BUILDING,PORT HADLOCK,WA,98339,7735342760,14,389,371,335,,
41701,SUMMIT SALON ACADEMY,TACOMA,WA,98409,7735344940,78,412,581,431,,
41919,PAUL MITCHELL THE SCHOOL SPOKANE,SPOKANE VALLEY,WA,99037,7735353435,26,368,436,352,,
42236,ACADEMY OF INTERACTIVE ENTERTAINMENT,SEATTLE,WA,98109,7732392037,77,405,423,384,,
42310,STUDIO BEAUTY SCHOOL,SPOKANE,WA,99205,7735347205,56,498,440,477,,
42504,FOSBRE ACADEMY OF HAIR DESIGN,OLYMPIA,WA,98501,7735356694,30,527,508,512,,
42529,INTERNATIONAL BEAUTY EDUCATION CENTER,AIRWAY HEIGHTS,WA,99001,7735354580,33,350,337,345,,
42580,SEATTLE FILM INSTITUTE,SEATTLE,WA,98119,7735342875,121,345,517,343,74.3,65.4
