School ID,School Name,City,State,Zip,Phone,Student Count Total,Student Count Low Income,Student Count English Learners,Dress Code,College Enrollment Rate School,Graduation Rate School,Overall Rating
E00254,LMU - LOYOLA LAW SCHOOL,LOS ANGELES,CA,90015,7738621449,631,540,56,Y,84.7,92.8,Level 1+
E00341,STANFORD UNIVERSITY - STANFORD LAW SCHOO,STANFORD,CA,94305,7738261137,185,179,2,N,12.5,,Level 2+
E00374,UNIV OF CALIFORNIA LOS ANG SCH MED,LOS ANGELES,CA,90095,7734346300,264,233,23,N,18.8,0,Level 2
E00375,UNIV OF CALIFORNIA LOS ANG DENTAL,LOS ANGELES,CA,90095,7735353669,196,64,0,N,,,Level 1+
E00480,WHITTIER COLLEGE - COLLEGE OF LAW,COSTA MESA,CA,92626,7736972216,194,135,1,N,80,,Level 1+
E00554,ANTIOCH UNIV/LOS ANGELES,CULVER CITY,CA,90230,7735352590,248,90,1,Y,,,Level 1+
E00556,ANTIOCH UNIV/SANTA BARBARA,SANTA BARBARA,CA,93101,7735352565,315,280,6,Y,,,Level 1+
E00727,INSTITUTE FOR BUSINESS & TECHNOLOGY - NA,RANCHO CORDOVA,CA,95670,7735355720,259,183,0,Y,,,Level 2+
E00914,PLATT COLLEGE,ONTARIO,CA,91764,7738260370,427,414,5,Y,,,Level 2+
E00959,PLATT COLLEGE - ANAHEIM,ANAHEIM,CA,92806,7735352636,240,48,4,N,,,Level 1+
E00961,TRINITY INTERNATIONAL UNIV-CA,SANTA ANA,CA,92705,7735356416,248,180,7,Y,,,Level 1
E01182,KAPLAN COLLEGE - PALM SPRINGS,PALM SPRINGS,CA,92262,7736511221,198,186,1,Y,,,Level 1
E01191,KAPLAN COLLEGE - BAKERSFIELD,BAKERSFIELD,CA,93304,7735354225,406,382,48,Y,58.5,94.2,Level 1+
E01197,KAPLAN COLLEGE - FRESNO,CLOVIS,CA,93612,7735340034,974,304,6,N,87.7,95.3,Level 1+
E01285,KAPLAN COLLEGE - RIVERSIDE,RIVERSIDE,CA,92507,7735341789,144,140,32,Y,,,Level 2
E01713,CAREER CARE INSTITUTE - VENTURA,VENTURA,CA,93001,7735349750,291,271,12,Y,44.8,85.4,Level 1
E01826,UNITED EDUCATION INSTITUTE - ONTARIO,ONTARIO,CA,91764,7735793470,622,562,259,Y,,,Level 1+
E01827,UNITED EDUCATION INSTITUTE - ENCINO,ENCINO,CA,91316,7735346602,350,343,0,Y,,,Level 2+
E01841,KAPLAN COLLEGE - CHULA VISTA,CHULA VISTA,CA,91910,7733942848,996,941,91,Y,85.7,90.3,Level 1+
E01882,EVEREST COLLEGE - SANTA ANA,SANTA ANA,CA,92701,7735353975,257,218,14,Y,,,Level 1+
E01886,UNITED EDUCATION INSTITUTE - CHULA VISTA,CHULA VISTA,CA,91910,7735348510,357,140,12,N,,,Level 1
E01887,UNITED EDUCATION INSTITUTE - EL MONTE,EL MONTE,CA,91731,3124454680,937,790,61,Y,88.4,86.4,Level 1+
E01888,UNITED EDUCATION INSTITUTE - ANAHEIM,ANAHEIM,CA,92801,7732916517,117,110,1,N,39.3,,Level 1
E01928,UNITED EDUCATION INSTITUTE - UEI COLLEGE,SAN MARCOS,CA,92069,7735343954,1070,415,6,N,93.4,97.8,Level 1+
E01947,CAREER CARE INSTITUTE - MORENO VALLEY,MORENO VALLEY,CA,92553,7735342591,797,661,385,Y,,,Level 1+
E01977,UEI COLLEGE-RIVERSIDE,RIVERSIDE,CA,92507,7735354334,336,329,66,Y,57.8,77.9,Level 1
E02024,MEDIATECH INSTITUTE - OCEANSIDE,OCEANSIDE,CA,92054,7735358351,587,493,4,Y,64.2,71,Level 1
E02028,UNITED EDUCATION INSTITUTE - UEI COLLEGE,STOCKTON,CA,95207,7732799826,555,512,247,Y,,,Level 1
E02077,WESTMED COLLEGE - MERCED,MERCED,CA,95340,3128351863,568,531,9,Y,,,Level 1+
E02091,NCP COLLEGE OF NURSING - HAYWARD CAMPUS,HAYWARD,CA,94541,7735346925,319,248,0,Y,,,Level 1
E02113,PAUL MITCHELL THE SCHOOL-COSTA MESA,COSTA MESA,CA,92626,7735354300,297,288,65,Y,56.6,87.5,Level 1
E02116,PAUL MITCHELL THE SCHOOL - SAN DIEGO,SAN DIEGO,CA,92101,7735346400,1146,906,16,N,76.7,97.6,Level 1+
E02133,PLATT COLLEGE - RIVERSIDE,RIVERSIDE,CA,92507,7736266988,107,106,0,N,14.9,,Level 1+
E02208,ADVANCE BEAUTY COLLEGE - LAGUNA HILLS,LAGUNA HILLS,CA,92653,7735351590,325,287,6,Y,61.5,86.1,Level 1
E40398,HUSSIAN SCHOOL OF ART-RELATIVITY CAMPUS,LOS ANGELES,CA,90017,3124555425,572,520,236,N,,,Level 2+
E40424,UEI COLLEGE - BAKERSFIELD,BAKERSFIELD,CA,93308,7735350585,515,277,15,N,,,Level 1
G01120,AMER BAPT SEM OF THE WEST-BERKELEY,BERKELEY,CA,94704,7735359025,202,198,2,Y,,,Level 2
G01165,CHURCH DIV SCH OF THE PACIFIC,BERKELEY,CA,94709,7739455025,518,472,0,Y,,,Level 1
G01169,CLAREMONT GRADUATE UNIVERSITY,CLAREMONT,CA,91711,7735347599,1124,991,95,Y,84.4,71.5,Level 1+
G01200,FULLER THEOLOGICAL SEMINARY,PASADENA,CA,91182,7733212200,573,551,330,Y,,,Level 1
G01207,GRADUATE THEOLOGICAL UNION,BERKELEY,CA,94709,7732855301,542,441,5,Y,,,Level 2+
G01256,PACIFIC SCHOOL OF RELIGION,BERKELEY,CA,94709,7735345800,609,509,154,Y,,,Level 1+
G01279,SAN FRANCISCO THEOLOGICAL SEMINARY,SAN ANSELMO,CA,94960,7735341997,147,142,36,Y,47.2,91.2,Level 2+
G01288,CLAREMONT SCHOOL OF THEOLOGY,CLAREMONT,CA,91711,7735885007,259,222,27,N,16.7,,Level 2+
G01295,SOUTHWESTERN LAW SCHOOL,LOS ANGELES,CA,90010,7736511500,185,181,0,N,19.4,,Level 2
G03947,UC-HASTINGS COLLEGE OF THE LAW,SAN FRANCISCO,CA,94102,7739211315,214,206,0,N,8.9,,Level 1
G04080,STARR KING SCHOOL FOR THE MINISTRY,BERKELEY,CA,94709,7735356235,208,203,0,Y,,,Level 2+
G06976,UNIVERSITY OF SAN DIEGO - SCHOOL OF LAW,SAN DIEGO,CA,92110,7735346125,323,319,4,Y,,,Level 1
G08846,WRIGHT INSTITUTE,BERKELEY,CA,94704,7734172045,10,10,0,N,,,Level 2+
G10013,ALLIANT INTERNATIONAL UNIVERSITY - LOS A,ALHAMBRA,CA,91803,7735343470,587,167,99,Y,,,Level 1+
G10333,JESUIT SCHOOL OF THEOLOGY - BERKELEY,BERKELEY,CA,94709,7735844300,345,319,5,N,,,Level 2
G10441,PARDEE RAND GRADUATE SCHOOL,SANTA MONICA,CA,90407,7735352560,519,234,8,Y,,,Level 1
G11792,FRANCISCAN SCHOOL OF THEOLOGY,OCEANSIDE,CA,92057,7735352690,291,198,0,Y,,,Level 1
G11881,ALLIANT INTERNATIONAL UNIVERSITY - SAN F,SAN FRANCISCO,CA,94133,7735359724,321,281,1,Y,67.1,71.3,Level 2+
G13103,CALIFORNIA WESTERN SCHOOL OF LAW,SAN DIEGO,CA,92101,3124555446,622,594,156,N,,,Level 2+
G20961,FIELDING GRADUATE UNIVERSITY,SANTA BARBARA,CA,93105,3124555434,576,555,304,N,,,Level 1
G21206,SAYBROOK GRADUATE SCHOOL,SAN FRANCISCO,CA,94111,3122257400,392,331,10,Y,81.6,85.7,Level 1
G22220,AMERICAN FILM INSTITUTE,LOS ANGELES,CA,90027,7739227542,269,249,129,N,,,Level 1
G22249,STANFORD UNIVERSITY - GRADUATE SCHOOL OF,STANFORD,CA,94305,7735349710,603,323,5,N,79.6,81.1,Level 1+
G22372,PHILLIPS GRADUATE INSTITUTE,CHATSWORTH,CA,91311,7735345490,709,371,226,N,,,Level 1+
G22676,INSTITUTE OF TRANSPERSONAL PSYCHLGY,PALO ALTO,CA,94303,7739788680,333,333,0,N,7.4,,Level 1+
G22768,WESTMINSTER SEMINARY CALIFORNIA,ESCONDIDO,CA,92027,7734133090,432,417,1,Y,,,Level 2
G24552,STANFORD UNIVERSITY - SCHOOL OF MEDICINE,STANFORD,CA,94305,7735347812,70,70,3,N,,21.4,Level 2
G25111,ALLIANT INTERNATIONAL UNIVERSITY - FRESN,FRESNO,CA,93727,7739022487,17,17,0,N,,,Level 1
G31268,PACIFICA GRADUATE INSTITUTE,CARPINTERIA,CA,93013,7735352715,463,448,1,Y,,,Level 1
G32883,ACAD CHINESE CULTURE & HEALTH SCIS,OAKLAND,CA,94512,7735354945,235,199,59,Y,47.4,71.7,Level 2
G35924,IRELL & MANELLA GRADUATE SCHOOL OF BIOLO,DUARTE,CA,91010,7735355672,174,142,0,Y,,,Level 2+
G38533,KECK GRADUATE INSTITUTE OF APPLIED LIFE,CLAREMONT,CA,91711,7735353350,326,321,1,Y,,,Level 1+
G41004,TAFT UNIVERSITY SYSTEM (THE),SANTA ANA,CA,92704,7735350551,242,239,7,Y,,,Level 2
G41555,"ACADEMY FOR JEWISH RELIGION, CALIFORNIA",LOS ANGELES,CA,90024,7735357021,250,250,13,N,5.1,1.7,Inability to Rate
G42174,HIGH TECH HIGH GRADUATE SCHOOL OF EDUCAT,SAN DIEGO,CA,92106,7735352575,367,333,1,Y,,,Level 1+
1111,ALLAN HANCOCK COLLEGE,SANTA MARIA,CA,93454,7735347300,459,158,41,Y,,,Level 1+
1113,ANTELOPE VALLEY COLLEGE,LANCASTER,CA,93536,7735355115,371,357,0,Y,34.4,62.6,Level 2
1116,ART CENTER COLLEGE OF DESIGN,PASADENA,CA,91103,3129499400,245,226,0,Y,61.4,66.7,Level 2+
1117,AZUSA PACIFIC UNIVERSITY,AZUSA,CA,91702,7739280480,418,391,105,Y,,,Level 2+
1118,BAKERSFIELD COLLEGE,BAKERSFIELD,CA,93305,3126839695,269,246,1,N,,,Inability to Rate
1119,BARSTOW COMMUNITY COLLEGE,BARSTOW,CA,92311,7735347130,519,420,205,Y,,,Level 1+
1122,BIOLA UNIVERSITY,LA MIRADA,CA,90639,7739388578,181,178,6,Y,,,Inability to Rate
1124,CABRILLO COLLEGE,APTOS,CA,95003,7735353085,415,411,0,Y,,,Level 1
1125,CALIFORNIA BAPTIST UNIVERSITY,RIVERSIDE,CA,92504,7735355625,271,243,1,Y,,,Level 1
1127,CALIFORNIA COLLEGE OF THE ARTS,SAN FRANCISCO,CA,94107,7735352763,250,245,0,Y,,,Level 1
1131,CALIFORNIA INSTITUTE OF TECHNOLOGY,PASADENA,CA,91125,7735340146,540,435,38,N,80.4,85.4,Level 1
1132,CALIFORNIA INSTITUTE OF THE ARTS,VALENCIA,CA,91355,7735359300,1288,851,16,N,83.6,89.2,Level 1+
1133,CALIFORNIA LUTHERAN UNIVERSITY,THOUSAND OAKS,CA,91360,7732385330,1321,1207,10,Y,64.9,82.6,Level 2
1134,CALIFORNIA MARITIME ACADEMY,VALLEJO,CA,94590,7735351825,149,131,1,N,,,Inability to Rate
1137,CALIF STATE UNIV-FULLERTON,FULLERTON,CA,92831,7735350040,292,88,6,N,,,Level 1+
1138,"CALIFORNIA STATE UNIVERSITY, EAST BAY",HAYWARD,CA,94542,7737210858,495,450,7,Y,,,Level 1+
1139,CALIF STATE UNIV-LONG BEACH,LONG BEACH,CA,90840,7737618960,593,536,71,Y,72,85.2,Level 1+
1140,CALIF STATE UNIV-LOS ANGELES,LOS ANGELES,CA,90032,7733586800,472,430,4,Y,62.3,78.1,Level 1
1141,"CALIF STATE UNIV, DOMINGUEZ HILLS",CARSON,CA,90747,7732786895,346,291,23,N,,,Level 1
1142,CALIF STATE UNIV SAN BERNARDINO,SAN BERNARDINO,CA,92407,7735348440,239,238,0,Y,,,Level 2+
1143,CAL POLY STATE UNIVERSITY,SAN LUIS OBISPO,CA,93407,7735355300,355,348,1,Y,,,Level 1+
1144,CALIF STATE POLYTECHNIC UNIV POMONA,POMONA,CA,91768,7735353160,138,137,8,Y,44.8,71.4,Level 2
1146,CALIF STATE UNIV - CHICO,CHICO,CA,95929,7733412260,11,11,0,Y,18.6,28.6,Inability to Rate
1147,CALIF STATE UNIV - FRESNO,FRESNO,CA,93740,7739022487,19,19,0,N,,,Level 1
1149,HUMBOLDT STATE UNIVERSITY,ARCATA,CA,95521,7735351350,1766,1048,18,N,78.3,84.6,Level 1+
1150,CALIF STATE UNIV-SACRAMENTO,SACRAMENTO,CA,95819,7735344135,780,560,150,Y,,,Level 1+
1151,SAN DIEGO STATE UNIVERSITY,SAN DIEGO,CA,92182,7733586100,487,465,1,Y,53.2,75.2,Level 1
1153,CALIF STATE UNIV-NORTHRIDGE,NORTHRIDGE,CA,91330,7736905500,133,114,0,N,66.7,,Level 2+
1154,SAN FRANCISCO STATE UNIVERSITY,SAN FRANCISCO,CA,94132,7735345100,1714,1276,29,N,73.4,88.8,Level 1+
1155,SAN JOSE STATE UNIVERSITY,SAN JOSE,CA,95192,7735357860,510,430,34,Y,,,Level 1+
1156,SONOMA STATE UNIVERSITY,ROHNERT PARK,CA,94928,7735354600,979,968,458,Y,,,Level 1+
1157,CALIF STATE UNIV-STANISLAUS,TURLOCK,CA,95382,7735214399,874,837,11,Y,,,Level 1
1161,CERRITOS COLLEGE,NORWALK,CA,90650,7735342045,623,309,92,Y,,,Level 1+
1162,CHABOT COLLEGE,HAYWARD,CA,94545,7735357215,793,712,237,Y,,,Level 1
1163,CHAFFEY COLLEGE,RANCHO CUCAMONGA,CA,91737,7735346176,162,158,1,Y,20.7,56.3,Level 3
1164,CHAPMAN UNIVERSITY,ORANGE,CA,92866,7735355517,259,228,0,Y,,,Level 1
1166,CITRUS COLLEGE,GLENDORA,CA,91741,7735345180,218,173,65,N,0,3.1,Inability to Rate
1170,CLAREMONT MCKENNA COLLEGE,CLAREMONT,CA,91711,7735351804,370,348,4,Y,,,Level 2
1171,HARVEY MUDD COLLEGE,CLAREMONT,CA,91711,7732422212,527,487,27,Y,76.9,82.4,Level 2+
1172,PITZER COLLEGE,CLAREMONT,CA,91711,7735354242,251,246,64,Y,41,80.9,Level 2+
1173,POMONA COLLEGE,CLAREMONT,CA,91711,7735355460,332,316,1,Y,,,Level 1
1174,SCRIPPS COLLEGE,CLAREMONT,CA,91711,7735346730,262,246,0,Y,,,Level 1+
1176,WEST HILLS COMMUNITY COLLEGE,COALINGA,CA,93210,7737159558,478,371,196,Y,,,Level 1
1177,COGSWELL POLYTECHNICAL COLLEGE,SUNNYVALE,CA,94089,7737228577,474,391,41,Y,,,Level 2+
1178,COLLEGE OF MARIN,KENTFIELD,CA,94904,7734346355,285,271,162,Y,,,Level 1+
1179,NOTRE DAME DE NAMUR UNIVERSITY,BELMONT,CA,94002,3122659925,647,588,69,Y,80.5,81.7,Level 1+
1181,COLLEGE OF SAN MATEO,SAN MATEO,CA,94402,7738908020,752,741,145,Y,56.4,82.8,Level 1
B07022,THE CHICAGO SCHOOL OF PROF PSYCHOLOGY,CHICAGO,IL,60610,7735358110,443,434,26,Y,,,Level 1+
E00377,UNIVERSITY OF CHICAGO GRADUATE,CHICAGO,IL,60637,7732520970,333,322,101,N,,,Level 1+
E00512,"UNIV OF CHICAGO, BOOTH SCH OF BUS",CHICAGO,IL,60637,7735348500,486,46,1,N,,,Level 1+
E00606,SO IL UNIV-SCHL OF DENTAL MEDICINE,ALTON,IL,62002,7735345090,633,237,96,N,,,Level 1+
E00773,CHICAGO KENT COLLEGE OF LAW,CHICAGO,IL,60661,7738900055,31,30,3,N,18.2,,Level 2
E00784,EDUCATORS OF BEAUTY,ROCKFORD,IL,61104,7734298955,542,496,1,Y,,,Inability to Rate
E00983,PACIFIC COLLEGE OF ORIENTAL MEDICINE - C,CHICAGO,IL,60601,7735346225,251,226,37,Y,,,Level 2+
E01240,HAIR PROFESSIONALS ACADEMY OF COSMETOLOG,NAPERVILLE,IL,60563,7735346660,446,427,2,Y,,,Level 1
E01244,RASMUSSEN COLLEGE - ROCKFORD,ROCKFORD,IL,61108,7735350880,717,707,3,Y,47.7,53.6,Level 2
E01510,RASMUSSEN COLLEGE - AURORA,AURORA,IL,60506,7734240721,174,166,2,N,27.3,,Level 2+
E01649,RASMUSSEN COLLEGE - ROMEOVILLE,ROMEOVILLE,IL,60446,7735346440,528,522,15,Y,,,Level 1+
E01717,CORTIVA INSTITUTE - CHICAGO,CRYSTAL LAKE,IL,60014,7735343750,426,128,57,N,,,Level 1+
E01865,RASMUSSEN COLLEGE - MOKENA,MOKENA,IL,60448,7735347275,534,505,16,Y,45.2,91.5,Level 1+
E02023,VATTEROTT COLLEGE - FAIRVIEW HEIGHTS,FAIRVIEW HEIGHTS,IL,62208,7735347600,580,502,8,Y,,,Level 1
E02206,PAUL MITCHELL THE SCHOOL ESCANABA - PAUL,LOMBARD,IL,60148,7735342030,196,189,58,Y,,,Level 1
E40390,PAUL MITCHELL THE SCHOOL TINLEY PARK,TINLEY PARK,IL,60477,7735421490,362,353,0,Y,65.8,67.1,Level 1
G01661,CHICAGO THEOLOGICAL SEMINARY,CHICAGO,IL,60637,7735354088,169,138,127,N,,,Inability to Rate
G01682,GARRETT-EVANGELICAL THEOLOGICAL SEM,EVANSTON,IL,60201,3125631748,133,133,1,N,16.7,,Level 1+
G01698,JOHN MARSHALL LAW SCHOOL,CHICAGO,IL,60604,7732610994,83,83,1,N,20.8,,Level 1+
G01712,LUTHERAN SCHOOL OF THEOL AT CHICAGO,CHICAGO,IL,60615,7735354890,728,727,313,Y,,,Level 2+
G01721,MCCORMICK THEOLOGICAL SEMINARY,CHICAGO,IL,60615,7735355582,253,248,4,Y,,,Level 1
G01723,MEADVILLE LOMBARD THEOLOGICAL SCHOOL,CHICAGO,IL,60637,7735350501,610,605,8,Y,,,Level 1+
G01736,NORTHERN BAPTIST THEOL SEMINARY,LOMBARD,IL,60148,7735345150,964,127,40,N,,,Level 1+
G01765,UNIVERSITY OF ST MARY OF THE LAKE,MUNDELEIN,IL,60060,7738541188,259,249,2,N,11.4,7.7,Inability to Rate
G09232,CATHOLIC THEOLOGICAL UNION,CHICAGO,IL,60615,7735346850,490,486,0,Y,,,Level 2+
G10141,UNIV OF CHICAGO PRITZKER SCH OF MED,CHICAGO,IL,60637,7733470200,465,438,1,Y,,,Level 2
G20681,ADLER UNIVERSITY,CHICAGO,IL,60602,7735356540,894,850,189,Y,,,Level 1+
G20754,DEVRY UNIVERSITY - DOWNERS,DOWNERS GROVE,IL,60515,7735353834,591,491,5,N,,,Level 1+
G23192,LAKE FOREST GRAD SCHL OF MGMT,LAKE FOREST,IL,60045,7735357850,431,401,236,Y,,,Level 1
G25737,INSTITUTE FOR CLINICAL SOCIAL WORK,CHICAGO,IL,60605,7735354550,205,195,90,Y,,,Level 1
G35103,ERIKSON INSTITUTE,CHICAGO,IL,60654,7086697828,281,230,21,N,37.8,,Level 2
G36843,NORTHSHORE UNIVERSITY HEALTHSYSTEM SCHOO,EVANSTON,IL,60201,7735357395,942,819,251,Y,,,Level 1
1628,AMERICAN ACADEMY OF ART,CHICAGO,IL,60604,7735343460,702,446,199,Y,,,Level 1
1633,AUGUSTANA COLLEGE,ROCK ISLAND,IL,61201,7734867161,416,354,180,Y,,,Level 2+
1634,AURORA UNIVERSITY,AURORA,IL,60506,7735345010,714,411,13,N,,,Level 1+
1636,SOUTHWESTERN ILLINOIS COLLEGE,BELLEVILLE,IL,62221,7735341762,269,265,0,Y,,,Level 2+
1638,BLACK HAWK COLLEGE,MOLINE,IL,61265,7735359230,286,281,64,Y,21.8,68.7,Level 2
1639,BLACKBURN COLLEGE,CARLINVILLE,IL,62626,7735426766,377,372,0,Y,63.2,69.7,Level 2
1640,PRAIRIE STATE COLLEGE,CHICAGO HEIGHTS,IL,60411,7735341829,449,445,2,Y,,,Level 2+
1641,BRADLEY UNIVERSITY,PEORIA,IL,61625,7734783655,895,711,102,Y,76.6,83.3,Level 1+
1643,SPOON RIVER COLLEGE,CANTON,IL,61520,7735352580,607,224,3,N,,,Level 2+
1647,CITY COLLEGES OF CHICAGO,CHICAGO,IL,60606,7735346820,360,358,0,Y,,,Level 1
1648,TRUMAN COLLEGE,CHICAGO,IL,60640,7735351120,227,217,2,Y,74.7,83.5,Level 1
1649,RICHARD J DALEY COLLEGE,CHICAGO,IL,60652,7735356215,300,289,56,Y,,,Level 2+
1650,CITY COLLEGES OF CHICAGO-MALCOLM X,CHICAGO,IL,60612,3129999360,323,298,3,N,24.4,,Level 1
1652,HAROLD WASHINGTON COLLEGE,CHICAGO,IL,60601,7738908060,77,71,21,N,,,Level 2
1653,OLIVE-HARVEY COLLEGE,CHICAGO,IL,60628,7737727170,131,131,9,N,6.8,,Level 1
1654,KENNEDY KING COLLEGE,CHICAGO,IL,60621,7735356250,350,343,50,Y,,,Level 2
1655,WRIGHT COLLEGE,CHICAGO,IL,60634,7735347500,2108,880,21,N,85.2,96.2,Level 1+
1657,MIDWESTERN UNIVERSITY,DOWNERS GROVE,IL,60515,7735350600,664,649,2,Y,,,Level 1
1659,ROSALIND FRANKLIN UNIVERSITY OF MEDICINE,NORTH CHICAGO,IL,60064,7735347010,375,346,37,N,51,62.9,Level 2+
1663,SPERTUS COLLEGE,CHICAGO,IL,60605,7734681300,344,334,1,Y,,,Level 1
1664,UNIVERSITY OF ST FRANCIS,JOLIET,IL,60435,7737789455,730,680,57,Y,,,Level 2
1665,COLUMBIA COLLEGE,CHICAGO,IL,60605,7735344120,347,98,17,Y,,,Level 1
1666,CONCORDIA UNIVERSITY,RIVER FOREST,IL,60305,7735347755,269,244,1,Y,60,69.5,Level 2
1669,DANVILLE AREA COMMUNITY COLLEGE,DANVILLE,IL,61832,7735355250,494,451,15,Y,45.7,91,Level 1
1671,DEPAUL UNIVERSITY,CHICAGO,IL,60604,7735341188,488,69,36,Y,,,Level 1+
1674,EASTERN ILLINOIS UNIVERSITY,CHARLESTON,IL,61920,7735346900,170,150,3,Y,35.9,57.9,Level 2
1675,ELGIN COMMUNITY COLLEGE,ELGIN,IL,60123,7735359930,916,666,2,N,85.1,93.4,Level 1+
1676,ELMHURST COLLEGE,ELMHURST,IL,60126,7735355850,417,408,145,Y,,,Level 2+
1678,EUREKA COLLEGE,EUREKA,IL,61530,7735353565,430,397,8,Y,,,Level 2
1681,HIGHLAND COMMUNITY COLLEGE,FREEPORT,IL,61032,2156691475,204,203,1,N,7.8,,Level 1+
1684,GREENVILLE COLLEGE,GREENVILLE,IL,62246,7734881634,491,399,0,N,,,Level 2+
1685,HEBREW THEOLOGICAL COLLEGE,SKOKIE,IL,60077,7735358250,375,356,0,Y,,,Level 1
1688,ILLINOIS COLLEGE,JACKSONVILLE,IL,62650,7735356640,404,387,2,Y,,,Level 2+
1689,ILLINOIS COLLEGE OF OPTOMETRY,CHICAGO,IL,60616,7735352076,167,106,76,N,,,Inability to Rate
1691,ILLINOIS INSTITUTE OF TECHNOLOGY,CHICAGO,IL,60616,7735357930,495,473,73,Y,72.7,69.9,Level 1+
1692,ILLINOIS STATE UNIVERSITY,NORMAL,IL,61790,7735362399,355,231,2,Y,,,Level 1
1693,NORTHEASTERN ILLINOIS UNIV,CHICAGO,IL,60625,7735347070,578,344,67,Y,,,Level 1+
1694,CHICAGO STATE UNIVERSITY,CHICAGO,IL,60628,7735342201,291,39,0,N,,,Level 1+
1696,ILLINOIS WESLEYAN UNIVERSITY,BLOOMINGTON,IL,61701,3125639044,97,96,2,N,8.3,,Level 1
1699,JOLIET JUNIOR COLLEGE,JOLIET,IL,60431,7735355525,212,85,0,N,,,Level 1+
1700,JUDSON UNIVERSITY,ELGIN,IL,60123,7735353275,440,435,1,Y,,,Level 2
1701,KASKASKIA COLLEGE,CENTRALIA,IL,62801,7739074840,147,128,18,N,26.4,,Level 1
1703,KENDALL COLLEGE,CHICAGO,IL,60622,7735821100,460,319,140,Y,,,Level 1
1704,KNOX COLLEGE,GALESBURG,IL,61401,7734784434,421,394,2,Y,64.3,78.6,Level 2+
1705,ILLINOIS VALLEY COMMUNITY COLLEGE,OGLESBY,IL,61348,7735344400,756,722,275,Y,,,Level 2+
1706,LAKE FOREST COLLEGE,LAKE FOREST,IL,60045,7735344000,710,667,62,Y,43.3,83.5,Level 2+
1707,LEWIS UNIVERSITY,ROMEOVILLE,IL,60446,7735341635,295,293,0,Y,,,Level 2
1708,LINCOLN CHRISTIAN UNIVERSITY,LINCOLN,IL,62656,7735352170,661,377,55,Y,,,Level 1
1709,LINCOLN COLLEGE,LINCOLN,IL,62656,7735355385,357,344,0,Y,,,Level 2
1710,LOYOLA UNIVERSITY CHICAGO,CHICAGO,IL,60626,7735791220,347,312,32,N,22.4,,Level 2
1716,MACCORMAC COLLEGE,CHICAGO,IL,60602,3124290027,0,0,0,N,18.2,,Inability to Rate
1717,MACMURRAY COLLEGE,JACKSONVILLE,IL,62650,7735351666,418,412,14,Y,,,Level 1+
1722,MCKENDREE UNIVERSITY,LEBANON,IL,62254,7735345766,407,380,139,Y,,,Level 1+
1724,MILLIKIN UNIVERSITY,DECATUR,IL,62522,7735347405,349,312,4,Y,,,Level 2+
1725,MONMOUTH COLLEGE,MONMOUTH,IL,61462,7735342000,629,588,235,Y,51.5,64,Level 2+
1727,MOODY BIBLE INSTITUTE,CHICAGO,IL,60610,7735348470,562,170,16,Y,,,Level 1+
1728,MORTON COLLEGE,CICERO,IL,60804,7737220200,639,574,7,Y,,,Level 2
1732,NATIONAL UNIV OF HEALTH SCIENCES,LOMBARD,IL,60148,7735652100,287,268,14,N,,,Level 2+
1733,NATIONAL-LOUIS UNIVERSITY,CHICAGO,IL,60603,7735341600,585,562,367,Y,,,Inability to Rate
1734,NORTH CENTRAL COLLEGE,NAPERVILLE,IL,60540,7736240700,292,237,4,Y,,,Level 1
1735,NORTH PARK UNIVERSITY,CHICAGO,IL,60625,7735340540,273,26,2,N,,,Level 1+
1737,NORTHERN ILLINOIS UNIVERSITY,DEKALB,IL,60115,7735341650,515,493,204,Y,,,Level 2+
1739,NORTHWESTERN UNIV,EVANSTON,IL,60208,7735341530,361,354,2,Y,,,Level 1+
1741,OLIVET NAZARENE UNIVERSITY,BOURBONNAIS,IL,60914,7735356425,251,210,0,Y,,,Level 1
1742,IL EASTERN COMM COLGS-OLNEY CENTRAL,OLNEY,IL,62450,7735353530,154,138,0,Y,50.7,73.9,Level 2
1745,QUINCY UNIVERSITY,QUINCY,IL,62301,7736482130,161,161,16,N,6.9,,Level 1
1746,ROBERT MORRIS UNIVERSITY ILLINOIS,CHICAGO,IL,60605,7735341070,789,102,40,N,,,Level 1+
1747,ROCK VALLEY COLLEGE,ROCKFORD,IL,61114,7735352500,706,290,8,N,79.8,74.7,Level 1+
1748,ROCKFORD UNIVERSITY,ROCKFORD,IL,61108,7735341770,1084,1046,365,Y,,,Level 2+
1749,ROOSEVELT UNIVERSITY,CHICAGO,IL,60605,7735351757,294,292,5,Y,,,Level 1+
1750,DOMINICAN UNIVERSITY,RIVER FOREST,IL,60305,7735347665,489,452,155,Y,,,Level 1
1752,SAUK VALLEY COMMUNITY COLLEGE,DIXON,IL,61021,7735211303,412,392,0,Y,,,Level 2+
1753,SCHOOL OF ART INSTITUTE OF CHICAGO,CHICAGO,IL,60603,7735345550,570,110,8,N,,,Level 1+
1756,SHIMER COLLEGE,CHICAGO,IL,60616,7735354466,331,323,52,Y,,,Level 1
1757,SOUTHEASTERN ILLINOIS COLLEGE,HARRISBURG,IL,62946,7735352080,743,378,90,Y,,,Level 1
E00505,ST JOSEPH'S COLLEGE-SUFFOLK CAMPUS,PATCHOGUE,NY,11772,7735343090,781,460,206,Y,,,Level 1
E00546,NY INSTITUTE OF TECHNOLOGY-OSTEOPATHIC M,OLD WESTBURY,NY,11568,7735346025,531,520,19,Y,,,Level 1
E00911,PACIFIC COLLEGE OF ORIENTAL MEDICINE - N,NEW YORK,NY,10010,7735353300,510,402,0,Y,,,Level 1
E00922,ITT TECHNICAL INSTITUTE,ALBANY,NY,12205,7735343535,636,401,213,Y,,,Level 1
E01255,LINCOLN TECHNICAL INSTITUTE - WHITESTONE,WHITESTONE,NY,11357,7735344415,742,345,43,N,,,Level 1
E01670,RIDLEY - LOWELL BUSINESS & TECHNICAL INS,POUGHKEEPSIE,NY,12601,7735353035,565,560,2,Y,,,Level 2+
E01719,CONTINENTAL SCHOOL OF BEAUTY CULTURE - B,BUFFALO,NY,14223,7735346746,355,347,3,Y,,,Level 2+
E01739,MAKE-UP DESIGNORY -,NEW YORK,NY,10012,7735343030,1334,1207,222,Y,47.4,71.3,Level 2
E01740,ALLEN SCHOOL - BROOKLYN,BROOKLYN,NY,11201,7735345470,582,126,30,N,,,Level 1+
E01868,FINGER LAKES SCHOOL OF MASSAGE (THE) -,MOUNT KISCO,NY,10549,7735346500,394,385,19,Y,45.3,39,Level 3
E01897,CONTINENTAL SCHOOL OF BEAUTY CULTURE - M,MATTYDALE,NY,13211,7739629256,139,117,0,N,20.8,,Level 2+
E01999,CONTINENTAL SCHOOL OF BEAUTY CULTURE -,BATAVIA,NY,14020,7735353870,359,328,4,Y,,,Level 2+
E02126,"JOHN PAOLO'S XTREME BEAUTY INSTITUTE, GO",NEW YORK MILLS,NY,13417,7735349120,559,266,48,N,,,Level 1+
E02188,NEW YORK MEDICAL CAREER TRAINING CENTER,NEW YORK,NY,10018,7735348000,566,329,33,N,,,Level 1+
G02669,BANK STREET COLLEGE OF EDUCATION,NEW YORK,NY,10025,7735347295,468,411,28,Y,,,Level 1
G02674,NEW YORK THEOLOGICAL SEMINARY,NEW YORK,NY,10115,7735356390,431,354,5,Y,,,Level 2+
G02677,BROOKLYN LAW SCHOOL,BROOKLYN,NY,11201,7732657232,535,484,0,Y,,,Inability to Rate
G02700,COLGATE ROCHESTER CROZER DIVINITY S,ROCHESTER,NY,14620,7735356340,379,359,13,Y,,,Level 1+
G02726,GENERAL THEOLOGICAL SEMINARY,NEW YORK,NY,10011,7735346250,520,449,6,Y,54.1,85.8,Level 2+
G02749,NEW YORK COLLEGE OF PODIATRIC MED,NEW YORK,NY,10035,7734335000,554,298,102,Y,,,Level 1
G02783,NEW YORK LAW SCHOOL,NEW YORK,NY,10013,7735349129,402,379,3,Y,,,Level 2
G02784,NEW YORK MEDICAL COLLEGE,VALHALLA,NY,10595,7735359080,257,251,11,Y,,,Level 2
G02807,ROCKEFELLER UNIVERSITY,NEW YORK,NY,10021,7735346880,243,208,0,Y,,,Level 2+
G02822,CHRIST THE KING SEMINARY,EAST AURORA,NY,14052,7735421640,465,422,0,Y,,,Level 1
G02833,ST VLADIMIR ORTHODOX THEOL SEM,CRESTWOOD,NY,10707,7735347685,410,201,15,N,,,Level 1+
G02886,ALBANY LAW SCHOOL,ALBANY,NY,12208,7735358040,448,413,124,N,,,Inability to Rate
G02887,ALBANY MEDICAL COLLEGE,ALBANY,NY,12208,7735351150,364,339,7,Y,65.5,80.6,Level 2
G02890,UNION THEOLOGICAL SEMINARY,NEW YORK,NY,10027,7735359130,451,429,13,Y,,,Level 2
G03979,COLUMBIA UNIV TEACHERS COLLEGE,NEW YORK,NY,10027,7735353480,318,317,4,Y,,,Level 2+
G04054,HEBREW UNION COL-JEWISH INST OF REL,NEW YORK,NY,10012,7735359255,279,271,2,N,,,Level 1
G04762,WEILL CORNELL MEDICAL COLLEGE AND GRADUA,NEW YORK,NY,10021,7735303040,242,215,10,Y,,,Inability to Rate
G07026,MOUNT SINAI SCHOOL OF MEDICINE,NEW YORK,NY,10029,3122254668,194,188,1,N,17.6,,Level 2+
G09895,YESHIVA UNIVERSITY - BRONX CAMPUS,BRONX,NY,10461,7735359070,1132,1063,141,Y,62.2,80.5,Level 1+
G24601,UNIV OF ROCHESTER SCHL OF MEDICINE,ROCHESTER,NY,14642,7735793480,611,568,121,Y,63,84.5,Level 1+
G31913,CUNY SCHOOL OF LAW @ QUEENS COLLEGE,FLUSHING,NY,11367,7734172045,22,21,0,N,,,Level 2+
G32163,UNIFICATION THEOLOGICAL SEMINARY,BARRYTOWN,NY,12507,7735343600,206,158,72,N,10.8,27.8,Inability to Rate
G34194,NORTHEASTERN SEMINARY,ROCHESTER,NY,14624,7735793475,612,552,273,Y,,,Level 1+
G34433,NEW YORK COLLEGE OF TRADITIONAL CHINESE,MINEOLA,NY,11501,7734333530,484,431,201,Y,,,Level 2+
G38813,CLARKSON UNIVERSITY - CAPITAL REGION CAM,SCHENECTADY,NY,12308,7735353875,242,241,0,Y,,,Level 2
G41798,SOTHEBY'S INSTITUTE OF ART - NY,NEW YORK,NY,10022,7735359375,389,348,196,Y,,,Inability to Rate
G42076,AMERICAN ACADEMY OF PERSONAL TRAINING,NEW YORK,NY,10011,7735351230,1340,1100,3,Y,,,Level 2+
G42238,ELECTRICAL TRAINING CENTER (THE),COPIAGUE,NY,11726,7737239631,147,144,0,N,0,,Level 2+
2665,VAUGHN COLLEGE OF AERONAUTICS AND TECHNO,EAST ELMHURST,NY,11369,7734985085,518,496,31,N,12.8,,Level 2
2666,ADELPHI UNIVERSITY,GARDEN CITY,NY,11530,7737293400,702,606,6,Y,,,Level 1+
2668,ALFRED UNIVERSITY,ALFRED,NY,14802,7735357320,1042,1003,98,Y,,,Level 1+
2671,BARD COLLEGE,ANNANDALE-ON-HUDSON,NY,12504,7735844300,434,412,4,Y,,,Level 1
2678,BRYANT & STRATTON COLLEGE,BUFFALO,NY,14203,7739931770,1094,1037,167,Y,76.9,,Level 1+
2681,CANISIUS COLLEGE,BUFFALO,NY,14208,7735349257,119,109,34,Y,3.7,,Inability to Rate
2685,CAZENOVIA COLLEGE,CAZENOVIA,NY,13035,7736379430,531,476,215,Y,,,Level 1+
2686,CITY UNIV OF NEW YORK-CENTRAL,NEW YORK,NY,10021,3124555442,733,695,303,Y,,,Level 2
2687,CUNY-BROOKLYN COLLEGE,BROOKLYN,NY,11210,7735340660,273,269,3,Y,40,70.9,Level 3
2688,CITY COLLEGE-CUNY,NEW YORK,NY,10031,7088872735,967,789,92,Y,,,Level 1+
2689,CUNY-HUNTER COLLEGE,NEW YORK,NY,10021,7735342320,1160,985,112,Y,54.4,82.8,Level 1
2690,QUEENS COLLEGE-CUNY,FLUSHING,NY,11367,3127684858,898,765,68,Y,88,83.3,Level 1+
2691,CUNY- BOROUGH OF MANHATTAN CMTY CLG,NEW YORK,NY,10007,7735350860,408,403,0,Y,,,Level 1+
2692,CUNY BRONX COMMUNITY COLLEGE,BRONX,NY,10453,7735342890,561,489,20,Y,63.3,87.6,Level 1
2693,CUNY-JOHN JAY CLG CRIMINAL JUSTICE,NEW YORK,NY,10019,7733586120,371,340,1,Y,75.7,73.1,Level 1+
2694,KINGSBOROUGH COMMUNITY COLLEGE,BROOKLYN,NY,11235,7735345484,471,84,16,N,,,Level 1
2696,NY CITY COLLEGE OF TECHNOLOGY-CUNY,BROOKLYN,NY,11201,7737622272,178,176,0,N,6.3,,Level 1
2697,QUEENSBOROUGH COMMUNITY COLLEGE,BAYSIDE,NY,11364,7735340960,565,107,47,Y,,,Level 1
2698,CUNY THE COLLEGE OF STATEN ISLAND,STATEN ISLAND,NY,10314,7735353045,432,425,0,Y,,,Level 2
2699,CLARKSON UNIVERSITY,POTSDAM,NY,13699,7735345720,852,141,74,N,,,Level 1+
2701,COLGATE UNIVERSITY,HAMILTON,NY,13346,7735346791,373,368,7,Y,,,Level 1
2703,COLLEGE OF MOUNT SAINT VINCENT,RIVERDALE,NY,10471,7735353892,401,395,3,Y,,,Level 2
2704,COLLEGE OF NEW ROCHELLE,NEW ROCHELLE,NY,10805,7735345250,990,923,434,Y,,,Level 1
2705,COLLEGE OF SAINT ROSE,ALBANY,NY,12203,7735352640,415,82,12,Y,,,Level 2+
2707,COLUMBIA UNIVERSITY IN THE CITY OF NEW Y,NEW YORK,NY,10027,7735355725,1386,1261,139,Y,54.9,72.2,Level 1
2708,BARNARD COLLEGE-COLUMBIA UNIV,NEW YORK,NY,10027,7735344080,460,434,140,Y,,,Level 1
2709,CONCORDIA COLLEGE,BRONXVILLE,NY,10708,7735343351,454,321,58,Y,,,Level 2
2710,COOPER UNION,NEW YORK,NY,10003,7735359414,496,426,5,Y,,,Level 2+
2711,CORNELL UNIVERSITY,ITHACA,NY,14853,7735344365,878,844,313,Y,,,Level 1
2712,D'YOUVILLE COLLEGE,BUFFALO,NY,14201,7735353550,286,277,2,Y,,,Level 2
2713,DOMINICAN COLLEGE,ORANGEBURG,NY,10962,7735355560,313,290,0,Y,,,Level 1+
2718,ELMIRA COLLEGE,ELMIRA,NY,14901,3124323224,284,272,126,Y,,,Level 1+
2722,FORDHAM UNIVERSITY,BRONX,NY,10458,3122674486,666,479,41,N,68,50,Level 2+
2727,PACE UNIVERSITY - WHITE PLAINS,WHITE PLAINS,NY,10603,7735355340,566,549,4,Y,,,Level 1+
2728,HAMILTON COLLEGE,CLINTON,NY,13323,7735341840,271,265,1,Y,41.2,58.9,Level 3
2729,HARTWICK COLLEGE,ONEONTA,NY,13820,7735342025,1189,1099,623,Y,,,Level 1+
2731,HOBART & WILLIAM SMITH COLLEGES,GENEVA,NY,14456,7735352322,711,605,243,Y,,,Level 1+
2732,HOFSTRA UNIVERSITY,HEMPSTEAD,NY,11549,7735345400,4187,2033,20,Y,85,95.9,Level 1+
2734,HOUGHTON COLLEGE,HOUGHTON,NY,14744,7735359340,783,755,63,Y,,,Level 1
2735,HILBERT COLLEGE,HAMBURG,NY,14075,7735343576,940,721,141,Y,,,Level 1
2737,IONA COLLEGE,NEW ROCHELLE,NY,10801,7735343000,941,898,369,Y,,,Level 1+
2739,ITHACA COLLEGE,ITHACA,NY,14850,7735351777,134,128,1,Y,,,Level 2
2740,JEWISH THEOLOGICAL SEMINARY OF AMER,NEW YORK,NY,10027,7732520970,168,167,17,N,4.2,,Level 2+
2742,THE JUILLIARD SCHOOL,NEW YORK,NY,10023,7735343100,1554,1483,686,Y,,,Level 1+
2744,KEUKA COLLEGE,KEUKA PARK,NY,14478,7735357226,483,442,179,Y,,,Level 1
2748,LEMOYNE COLLEGE,SYRACUSE,NY,13214,7735345460,637,104,34,Y,,,Level 1+
2751,LONG ISLAND UNIVERSITY,BROOKVILLE,NY,11548,7735346455,350,346,1,Y,43.8,57.7,Level 2
2758,MANHATTAN COLLEGE,RIVERDALE,NY,10471,7735350870,331,249,22,Y,,,Level 1
2759,MANHATTAN SCHOOL OF MUSIC,NEW YORK,NY,10027,7735352821,286,255,0,Y,,,Level 1+
2760,MANHATTANVILLE COLLEGE,PURCHASE,NY,10577,7735341194,511,47,23,Y,,,Level 1+
2763,MARIA COLLEGE,ALBANY,NY,12208,7735346780,396,382,3,Y,,,Level 1
2765,MARIST COLLEGE,POUGHKEEPSIE,NY,12601,7735347030,1580,1512,273,N,50.6,80.9,Level 2+
2769,MARYMOUNT MANHATTAN COLLEGE,NEW YORK,NY,10021,7735345535,722,118,19,N,,,Level 1+
2772,MERCY COLLEGE,DOBBS FERRY,NY,10522,7735354700,1001,932,288,Y,,,Level 1+
2775,MOLLOY COLLEGE,ROCKVILLE CENTRE,NY,11570,7735344550,496,383,156,Y,,,Level 1
2777,MEDAILLE COLLEGE,BUFFALO,NY,14214,7735356625,287,278,8,Y,,,Level 1
2778,MOUNT SAINT MARY COLLEGE,NEWBURGH,NY,12550,7735355400,477,446,0,N,48,54.6,Level 3
2779,NAZARETH COLLEGE OF ROCHESTER,ROCHESTER,NY,14618,7735341736,654,646,304,Y,,,Level 2+
2780,THE NEW SCHOOL,NEW YORK,NY,10011,7735359150,157,157,1,Y,31.9,62.1,Level 2
2782,NEW YORK INSTITUTE OF TECHNOLOGY,OLD WESTBURY,NY,11568,7735345262,641,552,226,Y,,,Level 1+
2785,NEW YORK UNIVERSITY,NEW YORK,NY,10012,7735346670,308,301,1,Y,,,Level 1
2788,NIAGARA UNIVERSITY,NIAGARA UNIVERSITY,NY,14109,7735340590,333,297,174,Y,,,Level 1
2790,NYACK COLLEGE,NYACK,NY,10960,7735343200,1370,1263,75,N,66.4,88.2,Level 1+
2791,PACE UNIVERSITY - NEW YORK,NEW YORK,NY,10038,7735351308,455,423,90,Y,,,Level 2+
B42154,GRACE SCHOOL OF THEOLOGY,CONROE,TX,77384,7735343070,1158,1102,626,Y,,,Level 1
E00673,REMINGTON COLLEGE - FT. WORTH CAMPUS,FT. WORTH,TX,76112,7735357252,787,770,364,Y,,,Level 2+
E00711,INTERACTIVE LEARNING SYSTEMS,HOUSTON,TX,77081,7735346200,881,856,46,Y,,,Level 1
E00819,SOUTHERN CAREERS INSTITUTE-PHARR,PHARR,TX,78577,7735349190,1479,1261,375,Y,,,Level 1+
E00820,SOUTHERN CAREERS INSTITUTE - CORPUS CHRI,CORPUS CHRISTI,TX,78414,7735353800,153,153,0,Y,46.4,39.4,Level 3
E00821,SOUTHERN CAREERS INSTITUTE - SAN ANTONIO,SAN ANTONIO,TX,78221,7735350730,582,545,2,Y,,,Level 1+
E00978,KAPLAN COLLEGE - BEAUMONT,BEAUMONT,TX,77706,7735348980,398,395,18,Y,,,Level 1+
E01008,VIRGINIA COLLEGE - VIRGINIA COLLEGE AT A,AUSTIN,TX,78723,7735347375,285,274,128,Y,,,Level 1
E01009,KAPLAN COLLEGE - LAREDO,LAREDO,TX,78041,7735351996,515,414,2,Y,,,Level 2+
E01021,KAPLAN COLLEGE - CAREER CENTERS OF TEXAS,CORPUS CHRISTI,TX,78416,7735353151,320,258,0,Y,,,Level 2+
E01023,KAPLAN COLLEGE - BROWNSVILLE,BROWNSVILLE,TX,78521,7735341390,824,798,406,Y,,,Level 1+
E01027,KAPLAN COLLEGE - MCALLEN,MCALLEN,TX,78503,7735341880,829,810,396,Y,,,Level 1
E01030,INTERACTIVE LEARNING SYSTEMS,HOUSTON,TX,77060,7735345108,279,267,54,Y,,,Level 1+
E01051,AMERICAN INTERCONTINENTAL UNIV - HOUSTON,HOUSTON,TX,77042,7735342040,1047,905,480,Y,,,Level 1
E01057,KAPLAN COLLEGE - LUBBOCK,LUBBOCK,TX,79401,7735356210,777,687,224,Y,,,Level 1+
E01104,KAPLAN COLLEGE - CAREER CENTERS OF TEXAS,FORT WORTH,TX,76103,3127995870,932,774,219,Y,,,Level 1
E01173,REMINGTON COLLEGE - NORTH HOUSTON CAMPUS,HOUSTON,TX,77067,7735354540,767,755,401,Y,,,Level 1
E01195,TEXAS SCHOOL OF BUSINESS - FRIENDSWOOD C,FRIENDSWOOD,TX,77546,7735348310,354,299,123,Y,,,Level 1+
E01258,INTERNATIONAL ACADEMY OF DESIGN & TECHNO,SAN ANTONIO,TX,78229,7735349050,565,464,245,Y,,,Level 1+
E01300,SOUTH TEXAS VOCATIONAL TECHNICAL INSTITU,BROWNSVILLE,TX,78520,7735359050,360,352,49,Y,,,Level 1
E01301,SOUTHWEST SCHOOL OF BUSINESS AND TECHNIC,MCALLEN,TX,78501,7735353000,281,266,4,Y,,,Inability to Rate
E01320,EVEREST COLLEGE - DALLAS,DALLAS,TX,75206,7735347675,356,235,137,Y,,,Level 2
E01322,EVEREST INSTITUTE - BISSONNET,HOUSTON,TX,77036,7735341680,288,284,6,Y,,,Level 2
E01338,EVEREST COLLEGE - ARLINGTON,ARLINGTON,TX,76011,7735351687,397,381,2,Y,,,Level 2+
E01340,EVEREST INSTITUTE - HOUSTON GREENSPOINT,HOUSTON,TX,77060,7734340202,492,441,10,Y,,,Level 2+
E01341,EVEREST INSTITUTE - HOUSTON HOBBY,HOUSTON,TX,77087,7735342395,872,630,221,N,,,Level 1+
E01343,EVEREST INSTITUTE- AUSTIN,AUSTIN,TX,78754,3122431550,425,402,24,N,7.4,,Level 2
E01378,INSTITUTE FOR BUSINESS & TECHNOLOGY - LA,SAN ANTONIO,TX,78230,7735353050,262,240,1,Y,,,Level 2+
E01598,MEDIATECH INSTITUTE - AUSTIN,AUSTIN,TX,78704,7735844300,277,265,2,N,,,Level 1+
E01599,MEDIATECH INSTITUTE - HOUSTON,HOUSTON,TX,77042,7735357000,801,724,443,Y,,,Level 1
E01600,FORTIS COLLEGE - FORTIS INSTITUTE,GRAND PRAIRIE,TX,75050,7735352350,1032,1014,236,Y,,,Level 1+
E01618,COMPUTER CAREER CENTER - AMARILLO CAMPUS,AMARILLO,TX,79101,7735350940,245,241,0,Y,,,Level 1+
E01648,COMPUTER CAREER CENTER - LUBBOCK CAMPUS,LUBBOCK,TX,79414,7735344340,496,452,140,Y,,,Level 1
E01653,SOUTH TEXAS VOCATIONAL TECHNICAL INSTITU,CORPUS CHRISTI,TX,78416,7735488705,377,370,21,Y,56.3,68.8,Level 2
E01688,SOUTHERN CAREERS INSTITUTE - BROWNSVILLE,BROWNSVILLE,TX,78520,7735346811,473,425,1,Y,,,Level 2
E01689,SOUTHERN CAREERS INSTITUTE - HARLINGEN,HARLINGEN,TX,78550,7735348110,825,159,118,N,,,Level 1
E01845,KAPLAN COLLEGE - ARLINGTON,ARLINGTON,TX,76010,7735359330,264,153,6,Y,,,Level 1
E01874,EVEREST COLLEGE - FORT WORTH SOUTH,FORT WORTH,TX,76115,7735344290,762,757,207,Y,,,Level 1
E02074,UTAH COLLEGE OF MASSAGE THERAPY - TEXAS,RICHARDSON,TX,75801,7735345055,1043,883,361,Y,,,Level 1+
E02094,VISTA COLLEGE - BEAUMONT,BEAUMONT,TX,77701,7735359288,750,726,252,Y,,,Level 2+
E02095,VISTA COLLEGE - LONGVIEW,LONGVIEW,TX,75604,7735358850,1049,1011,188,Y,,,Level 1
E02098,TEXAS BARBER COLLEGES & HAIRSTYLING SCHO,DALLAS,TX,75228,7735342150,1423,1284,474,Y,,,Level 1+
E02099,TEXAS BARBER COLLEGES & HAIRSTYLING SCHO,DALLAS,TX,75241,7735342220,506,498,217,Y,,,Level 2+
E02100,TEXAS BARBER COLLEGES & HAIRSTYLING SCHO,HOUSTON,TX,77009,7732985800,199,188,2,Y,,,Level 2+
E02134,UTAH COLLEGE OF MASSAGE THERAPY - TEXAS,HOUSTON,TX,77040,7735347460,102,87,42,N,,,Inability to Rate
E02135,SOUTH UNIVERSITY - AUSTIN,AUSTIN,TX,78729,7735354900,1985,1888,463,N,55.1,77.8,Level 2+
E02158,VISTA COLLEGE - KILLEEN,KILLEEN,TX,76541,7735343455,734,689,316,Y,,,Level 1
E02174,SOUTHERN CAREERS INSTITUTE - SAN ANTONIO,SAN ANTONIO,TX,78238,7735345191,1050,990,536,N,,,Level 1+
E02177,PCI HEALTH TRAINING CENTER - RICHARDSON,RICHARDSON,TX,75081,7735342390,607,406,142,Y,,,Level 1+
E02191,MYCOMPUTERCAREER.COM - DALLAS,IRVING,TX,75062,7735352671,357,196,82,N,,,Inability to Rate
E02192,MYCOMPUTERCAREER.COM - HOUSTON,HOUSTON,TX,77056,7734983355,661,643,143,N,,,Level 1
E40388,VISTA COLLEGE - COLLEGE STATION,COLLEGE STATION,TX,77840,7735359222,1080,1040,589,Y,,,Level 1
E40436,FLORIDA CAREER COLLEGE - UEI COLLEGE - H,HOUSTON,TX,77090,7735350570,341,338,1,Y,,,Level 1
G03544,AUSTIN PRESBYTERIAN THEOLOGICAL SEM,AUSTIN,TX,78705,7733498200,178,164,39,N,,,Inability to Rate
G03562,DALLAS THEOLOGICAL SEM,DALLAS,TX,75204,7735341189,588,336,136,Y,,,Level 1+
G03566,EPISCOPAL THEOLOGICAL SEMINARY OF THE SO,AUSTIN,TX,78705,7735357280,477,466,187,Y,,,Level 1+
G03595,OBLATE SCHOOL OF THEOLOGY,SAN ANTONIO,TX,78216,7735352255,854,805,219,Y,,,Level 1+
G04977,SOUTH TEXAS COLLEGE OF LAW,HOUSTON,TX,77002,7735344425,588,587,147,Y,,,Level 1+
G23202,HOUSTON GRADUATE SCHOOL OF THEOLOGY,HOUSTON,TX,77035,7735345725,500,188,31,N,,,Level 1
G41527,ASTRODOME CAREER CENTERS,HOUSTON,TX,77054,7735350457,1003,968,512,Y,,,Level 1
3537,ABILENE CHRISTIAN UNIVERSITY,ABILENE,TX,79699,7735354836,302,286,51,Y,,,Level 1
3539,ALVIN COMMUNITY COLLEGE,ALVIN,TX,77511,7735359270,1272,1217,560,Y,,,Level 1+
3540,AMARILLO COLLEGE,AMARILLO,TX,79109,7735356430,799,717,253,Y,,,Level 1
3541,ANGELO STATE UNIVERSITY,SAN ANGELO,TX,76909,7735345223,557,440,179,Y,,,Level 2+
3543,AUSTIN COLLEGE,SHERMAN,TX,75090,7739359925,0,0,0,Y,14.7,6.7,Inability to Rate
3545,BAYLOR UNIVERSITY,WACO,TX,76798,7735345060,547,523,294,Y,,,Level 1
3546,COASTAL BEND COLLEGE,BEEVILLE,TX,78102,7735356600,646,638,12,Y,,,Level 2
3549,BLINN COLLEGE,BRENHAM,TX,77833,7735346361,638,619,6,Y,,,Level 1
3553,CISCO JUNIOR COLLEGE,CISCO,TX,76437,7735350980,279,259,5,Y,,,Level 2
3554,CLARENDON COLLEGE,CLARENDON,TX,79226,7735341402,291,265,193,Y,,,Level 1
3556,COMMONWEALTH INST OF FUNERAL SVC,HOUSTON,TX,77090,7735345525,546,227,50,N,,,Level 1+
3557,CONCORDIA UNIVERSITY TEXAS,AUSTIN,TX,78726,7735356225,353,341,5,Y,,,Level 1
3558,NORTH CENTRAL TEXAS COLLEGE,GAINESVILLE,TX,76240,3129495010,173,172,0,N,12.5,,Level 2+
3560,DALLAS BAPTIST UNIVERSITY,DALLAS,TX,75211,7735345440,1290,1027,63,N,65.7,91.2,Level 1
3563,DEL MAR COLLEGE,CORPUS CHRISTI,TX,78404,7735341201,734,167,75,N,,,Level 1+
3564,EAST TEXAS BAPTIST UNIVERSITY,MARSHALL,TX,75670,7735350801,193,185,1,Y,,,Level 1
3565,TEXAS A&M UNIVERSITY - COMMERCE,COMMERCE,TX,75429,7735345790,430,371,120,Y,,,Level 1+
3568,FRANK PHILLIPS COLLEGE,BORGER,TX,79008,7735341620,616,598,137,Y,,,Level 2
3570,GRAYSON COUNTY COLLEGE,DENISON,TX,75020,7735345750,879,146,65,Y,,,Level 1+
3571,HARDIN-SIMMONS UNIVERSITY,ABILENE,TX,79698,7735348456,358,355,3,Y,,,Level 2+
3572,TRINITY VALLEY COMMUNITY COLLEGE,ATHENS,TX,75751,7735346800,601,586,7,Y,,,Level 1
3573,HILL COLLEGE,HILLSBORO,TX,76645,7735352680,403,397,0,Y,,,Level 2+
3574,HOWARD COUNTY JUNIOR COLLEGE DISTRICT,BIG SPRING,TX,79720,7735342960,969,865,372,Y,,,Level 2+
3575,HOWARD PAYNE UNIVERSITY,BROWNWOOD,TX,76801,7735345000,1178,1129,324,Y,38,66.9,Level 2
3576,HOUSTON BAPTIST UNIVERSITY,HOUSTON,TX,77074,7735355375,179,166,3,Y,,,Level 1+
3577,HUSTON - TILLOTSON UNIVERSITY,AUSTIN,TX,78702,7733428022,162,153,11,N,19.1,,Level 1
3578,UNIVERSITY OF THE INCARNATE WORD,SAN ANTONIO,TX,78209,7735341300,826,816,216,Y,37.8,65.3,Level 2
3579,JACKSONVILLE COLLEGE,JACKSONVILLE,TX,75766,7732520970,532,523,120,Y,,,Level 2+
3580,KILGORE COLLEGE,KILGORE,TX,75662,7735341180,626,214,66,Y,,,Level 1
3581,LAMAR UNIVERSITY-BEAUMONT,BEAUMONT,TX,77710,7735356585,478,476,55,Y,,,Level 2+
3582,LAREDO COMMUNITY COLLEGE,LAREDO,TX,78040,7735357200,505,457,130,Y,,,Level 1+
3583,LEE COLLEGE,BAYTOWN,TX,77520,7735343420,1762,1605,313,Y,50.1,72.5,Level 2+
3584,LETOURNEAU UNIVERSITY,LONGVIEW,TX,75607,7735359120,251,242,9,Y,,,Level 1+
3586,LUBBOCK CHRISTIAN UNIVERSITY,LUBBOCK,TX,79407,7735341690,443,435,0,Y,,,Level 1
3588,UNIVERSITY OF MARY HARDIN-BAYLOR,BELTON,TX,76513,7735350440,1650,1563,535,Y,,,Level 1
3590,MCLENNAN COMMUNITY COLLEGE,WACO,TX,76708,7735340820,446,421,6,Y,,,Level 1
3591,MCMURRY UNIVERSITY,ABILENE,TX,79697,7735353394,493,489,13,Y,,,Level 2+
3592,MIDWESTERN STATE UNIVERSITY,WICHITA FALLS,TX,76308,7735350530,647,521,2,Y,,,Level 1
3593,NAVARRO COLLEGE,CORSICANA,TX,75110,7732760620,191,184,14,N,22.2,,Level 2+
3594,UNIVERSITY OF NORTH TEXAS,DENTON,TX,76203,7735341000,3248,1740,194,N,63,85.2,Level 1
3596,ODESSA COLLEGE,ODESSA,TX,79764,7737528101,611,505,1,Y,80.4,76.3,Level 1
3598,OUR LADY OF THE LAKE UNIVERSITY,SAN ANTONIO,TX,78207,7735343520,1231,1099,325,Y,,,Level 1
3599,UNIVERSITY OF TEXAS - RIO GRANDE VALLEY,EDINBURG,TX,78539,7735347650,325,314,98,Y,,,Level 1
3600,PANOLA COLLEGE,CARTHAGE,TX,75633,7735352410,867,781,27,N,58.3,84.6,Level 1
3601,PARIS JR COLLEGE,PARIS,TX,75460,7735359015,509,501,18,Y,,,Level 2+
3602,PAUL QUINN COLLEGE,DALLAS,TX,75241,7735359280,1062,1005,310,Y,,,Level 1
3603,RANGER COLLEGE,RANGER,TX,76470,7735355600,628,577,169,Y,,,Level 1
E00555,ANTIOCH UNIV/SEATTLE,SEATTLE,WA,98121,7735344970,832,791,127,N,46.2,,Level 1+
E01257,INTERNATIONAL ACADEMY OF DESIGN & TECH,SEATTLE,WA,98188,7735356404,167,159,1,Y,,,Level 2+
E01311,EVEREST COLLEGE - EVERETT,EVERETT,WA,98208,7735353100,148,147,0,Y,40.5,36.1,Level 3
E01312,EVEREST COLLEGE - TACOMA,TACOMA,WA,98402,7735353260,448,429,0,Y,,,Level 2+
E40419,BEAUTY INSTITUTE SCHWARZKOPF PROFESSIONA,BELLINGHAM,WA,98225,7735356300,259,251,3,Y,,,Level 2+
G31108,BAKKE GRADUATE UNIVERSITY,SEATTLE,WA,98104,7735352425,686,432,97,Y,,,Level 1+
G32803,SEATTLE INST OF ORIENTAL MEDICINE,SEATTLE,WA,98115,7735351480,411,409,6,Y,,,Level 2
G34664,SEATTLE SCHOOL OF THEOLOGY AND PSYCHOLOG,SEATTLE,WA,98121,7735351732,358,318,63,Y,,,Level 1+
G41305,PACIFIC NORTHWEST UNIV OF HEALTH SCIENCE,YAKIMA,WA,98901,7732242273,141,139,0,N,14.6,,Level 1
G41612,PINCHOT UNIVERSITY,SEATTLE,WA,98104,7735343060,475,375,64,Y,,,Level 2
3769,BELLEVUE COLLEGE,BELLEVUE,WA,98007,7736453321,696,498,110,Y,,,Level 2+
3770,BIG BEND COMMUNITY COLLEGE,MOSES LAKE,WA,98837,7735352265,971,667,132,Y,,,Level 1
3771,CENTRAL WASHINGTON UNIVERSITY,ELLENSBURG,WA,98926,7735340490,592,227,38,Y,,,Level 1+
3772,CENTRALIA COLLEGE,CENTRALIA,WA,98531,7734344575,771,669,15,Y,,,Level 2+
3773,CLARK COLLEGE,VANCOUVER,WA,98663,7735343560,1193,1103,507,Y,,,Level 1
3774,COLUMBIA BASIN COLLEGE,PASCO,WA,99301,7735355170,601,586,0,Y,40.4,74.4,Level 2
3775,EASTERN WASHINGTON UNIVERSITY,CHENEY,WA,99004,7735344444,452,431,96,Y,,,Level 1+
3776,EVERETT COMMUNITY COLLEGE,EVERETT,WA,98201,7735347655,395,212,57,Y,,,Level 1
3777,HERITAGE UNIVERSITY,TOPPENISH,WA,98948,7732520970,417,395,125,Y,29.5,67.9,Level 2+
3778,GONZAGA UNIVERSITY,SPOKANE,WA,99258,7735348600,1811,733,19,N,87.3,91.8,Level 1+
3779,GRAYS HARBOR COLLEGE,ABERDEEN,WA,98520,7735346192,357,353,0,Y,,,Level 1
3780,GREEN RIVER COMMUNITY COLLEGE,AUBURN,WA,98092,3123481888,851,814,12,Y,81.3,77.4,Level 1
3781,HIGHLINE COMMUNITY COLLEGE,DES MOINES,WA,98198,7735342350,1462,1238,381,N,66.3,72.3,Level 1
3782,LOWER COLUMBIA COLLEGE,LONGVIEW,WA,98632,7735344375,876,842,412,Y,,,Level 2+
3783,NORTHWEST UNIVERSITY,KIRKLAND,WA,98083,7735342680,396,364,143,N,,,Level 1+
3784,OLYMPIC COLLEGE,BREMERTON,WA,98337,7735340210,1031,971,393,Y,,,Level 1
3785,PACIFIC LUTHERAN UNIVERSITY,TACOMA,WA,98447,7735341480,670,659,5,Y,,,Level 1
3786,PENINSULA COLLEGE,PORT ANGELES,WA,98362,7735341198,415,61,24,N,,,Level 1+
3787,SEATTLE CENTRAL COMMUNITY COLLEGE,SEATTLE,WA,98122,7735345070,864,632,297,N,,,Level 1+
3788,SEATTLE PACIFIC UNIVERSITY,SEATTLE,WA,98119,7735351040,275,273,4,Y,,,Level 3
3790,SEATTLE UNIVERSITY,SEATTLE,WA,98122,7735352100,2888,2665,289,N,65.8,76,Level 2+
3791,SHORELINE COMMUNITY COLLEGE,SEATTLE,WA,98133,7739388553,302,279,1,Y,,,Level 2
3792,SKAGIT VALLEY COLLEGE,MOUNT VERNON,WA,98273,7735349000,523,519,8,Y,43.5,71.5,Level 2
3793,SPOKANE COMMUNITY COLLEGE,SPOKANE,WA,99207,7735354030,543,489,100,Y,,,Level 2+
3794,ST MARTIN'S UNIVERSITY,LACEY,WA,98503,7735345040,969,941,618,Y,,,Level 1
3796,TACOMA COMMUNITY COLLEGE,TACOMA,WA,98466,7735344125,462,447,195,Y,,,Level 2+
3797,UNIVERSITY OF PUGET SOUND,TACOMA,WA,98416,7735356240,497,483,178,Y,,,Level 1
3798,UNIVERSITY OF WASHINGTON,SEATTLE,WA,98195,7735344175,689,665,267,Y,,,Level 1
3799,WALLA WALLA UNIVERSITY,COLLEGE PLACE,WA,99324,7735355689,351,344,1,Y,,,Level 1+
3800,WASHINGTON STATE UNIVERSITY,PULLMAN,WA,99164,7735343718,1094,722,300,Y,,,Level 1+
3801,WENATCHEE VALLEY COLLEGE,WENATCHEE,WA,98801,7735341700,588,583,256,Y,,,Level 2
3802,WESTERN WASHINGTON UNIVERSITY,BELLINGHAM,WA,98225,7735343130,395,365,24,Y,,,Level 1+
3803,WHITMAN COLLEGE,WALLA WALLA,WA,99362,7735341665,374,364,18,Y,,,Level 1+
3804,WHITWORTH UNIVERSITY,SPOKANE,WA,99251,7735347250,293,288,11,Y,,,Level 2
3805,YAKIMA VALLEY COMMUNITY COLLEGE,YAKIMA,WA,98907,7735340950,847,800,367,Y,,,Level 1+
5000,PIERCE COLLEGE,LAKEWOOD,WA,98498,7735356360,570,560,147,Y,,,Level 2+
5001,EDMONDS COMMUNITY COLLEGE,LYNNWOOD,WA,98036,7735345840,1546,902,175,N,,,Level 1+
5006,WALLA WALLA COMMUNITY COLLEGE,WALLA WALLA,WA,99362,7735355475,446,432,1,Y,,,Level 2
5372,SOUTH PUGET SOUND COMMUNITY COLLEGE,OLYMPIA,WA,98512,7735351060,250,243,3,Y,,,Level 2+
5373,LAKE WASHINGTON TECHNICAL COLLEGE,KIRKLAND,WA,98034,7735353285,498,484,1,Y,,,Level 2+
8155,EVERGREEN STATE COLLEGE (THE),OLYMPIA,WA,98505,7735355065,523,500,1,Y,,,Level 2+
8443,ITT TECHNICAL INSTITUTE - SEATTLE,SEATTLE,WA,98168,7735344185,459,429,178,Y,,,Level 1+
9387,PERRY TECHNICAL INSTITUTE,YAKIMA,WA,98903,7735354050,1148,1073,430,Y,,,Level 1+
9544,SPOKANE FALLS COMMUNITY COLLEGE,SPOKANE,WA,99224,7735344300,521,503,167,Y,,,Level 2+
9704,NORTH SEATTLE COMMUNITY COLLEGE,SEATTLE,WA,98103,7735352364,460,380,140,Y,,,Level 1+
9706,SOUTH SEATTLE COMMUNITY COLLEGE,SEATTLE,WA,98106,7735357875,849,718,41,Y,,,Level 1+
9739,GLEN DOW ACAD OF HAIR DESIGN,SPOKANE,WA,99201,7735344391,912,677,156,Y,,,Level 1+
10364,WHATCOM COMMUNITY COLLEGE,BELLINGHAM,WA,98226,7735352700,304,293,0,Y,,,Level 1
11481,DIVERS INSTITUTE OF TECHNOLOGY,SEATTLE,WA,98107,7739388565,315,292,0,Y,,,Level 1+
12259,BATES TECHNICAL COLLEGE,TACOMA,WA,98405,7735350829,331,328,3,Y,,,Level 1
12315,CORNISH COLLEGE OF THE ARTS,SEATTLE,WA,98121,7735340866,723,372,40,N,72.6,83.6,Level 1
13022,CITY UNIVERSITY OF SEATTLE,SEATTLE,WA,98121,7735348860,265,226,0,Y,74.6,64.1,Level 2
13822,TONI & GUY HAIRDRESSING ACADEMY,SHORELINE,WA,98133,7735359100,251,219,33,Y,2.1,,Inability to Rate
13926,GENE JUAREZ BEAUTY SCHOOLS,MOUNTLAKE TERRACE,WA,98043,7735350990,466,454,2,Y,,,Level 2+
14001,RENTON TECHNICAL COLLEGE,RENTON,WA,98056,3122265345,633,521,69,Y,77.2,85.6,Level 1+
14396,PAROBA COLLEGE OF COSMETOLOGY,EVERETT,WA,98208,7735353070,316,315,1,Y,,,Level 1+
14618,EVERGREEN BEAUTY AND BARBER COLLEGE,BELLEVUE,WA,98007,7732786895,804,718,31,Y,,,Level 1+
15040,EVEREST COLLEGE - EVERETT WA,EVERETT,WA,98208,7735353843,410,399,2,Y,,,Level 1
15562,STYLEMASTERS COLLEGE OF HAIR DESIGN,LONGVIEW,WA,98632,7735357115,650,638,104,Y,,,Level 1
15817,PROFESSIONAL BEAUTY SCHOOL,YAKIMA,WA,98902,7735355380,374,230,71,Y,,,Level 1+
15984,CLOVER PARK TECHNICAL COLLEGE,LAKEWOOD,WA,98499,7735353315,380,376,2,Y,,,Level 2+
16059,BASTYR UNIVERSITY,KENMORE,WA,98028,7735351204,383,371,2,Y,,,Level 2+
16210,ART INSTITUTE OF SEATTLE,SEATTLE,WA,98121,7739027800,172,158,0,N,8.3,,Inability to Rate
16227,BELLINGHAM TECHNICAL COLLEGE,BELLINGHAM,WA,98225,7735357360,681,659,411,Y,,,Level 1
16856,ACADEMY OF HAIR DESIGN (THE),WENATCHEE,WA,98801,7735341455,1126,1086,458,Y,,,Level 1
17065,BJ'S BEAUTY AND BARBER COLLEGE,TACOMA,WA,98409,7735343080,863,810,461,Y,,,Level 1
21800,NORTHWEST INDIAN COLLEGE,BELLINGHAM,WA,98226,7735355430,233,224,1,Y,29,49.5,Level 2
22229,INTERNATIONAL AIR & HOSPITALITY ACADEMY,VANCOUVER,WA,98661,7735345505,376,154,52,Y,,,Level 1+
26021,NORTHWEST COLLEGE OF ART & DESIGN,POULSBO,WA,98370,7735344200,512,488,159,Y,36.2,69.8,Level 2
30521,SEATTLE VOCATIONAL INSTITUTE,SEATTLE,WA,98144,7735355010,872,644,80,Y,,,Level 1
30650,LUCAS MARC ACADEMY,RICHLAND,WA,99352,7735354875,1532,1446,701,Y,,,Level 2+
30718,ITT TECHNICAL INSTITUTE,SPOKANE VALLEY,WA,99216,7735343711,989,749,216,Y,,,Level 1
30990,CORTIVA INSTITUTE - SEATTLE,SEATTLE,WA,98109,7735352376,356,324,128,Y,,,Level 1+
31395,MONTESSORI SCHOOLS OF WASHINGTON,EVERETT,WA,98203,7735354590,264,256,172,Y,,,Level 2+
32833,NORTHWEST HVAC/R ASSOCIATION & TRAINING,SPOKANE,WA,99207,7735342480,737,664,322,Y,,,Level 1+
34835,CASCADIA COMMUNITY COLLEGE,BOTHELL,WA,98011,7735354825,767,716,229,Y,,,Level 2+
34904,EMIL FRIES PIANO HOSPITAL & TRAININ,VANCOUVER,WA,98661,7735349200,669,609,240,N,,,Level 1+
36894,FAITH EVANGELICAL COLLEGE & SEMINARY,TACOMA,WA,98407,7735343120,1489,1400,488,Y,,,Level 1
37243,DIGIPEN INSTITUTE OF TECHNOLOGY,REDMOND,WA,98052,7735347000,559,212,53,N,,,Level 1+
39173,EVERGREEN BEAUTY AND BARBER COLLEGE,EVERETT,WA,98208,7735342695,683,559,310,N,,,Level 1+
41200,SUNNYSIDE BEAUTY ACADEMY,SUNNYSIDE,WA,98944,7735354530,276,256,90,Y,,,Level 1
41272,VICTORIA'S ACADEMY OF COSMETOLOGY,KENNEWICK,WA,99336,7735359091,608,608,289,Y,,,Level 2+
41308,CASCADE BEAUTY COLLEGE,AUBURN,WA,98002,7735359040,389,388,15,Y,,,Level 1
41328,INLAND MASSAGE INSTITUTE,SPOKANE,WA,99218,7735352290,1152,970,185,Y,,,Level 1+
41494,GARY MANUEL AVEDA INSTITUTE,SEATTLE,WA,98122,7735343250,498,480,129,Y,,,Level 2
41550,NORTHWEST SCHOOL OF WOODEN BOAT BUILDING,PORT HADLOCK,WA,98339,7735342760,688,612,396,Y,,,Level 1
41701,SUMMIT SALON ACADEMY,TACOMA,WA,98409,7735344940,632,614,206,Y,,,Level 2+
41919,PAUL MITCHELL THE SCHOOL SPOKANE,SPOKANE VALLEY,WA,99037,7735353435,294,269,3,Y,,,Level 2+
42236,ACADEMY OF INTERACTIVE ENTERTAINMENT,SEATTLE,WA,98109,7732392037,136,126,0,N,,,Level 2
42310,STUDIO BEAUTY SCHOOL,SPOKANE,WA,99205,7735347205,497,475,279,Y,,,Level 1+
42504,FOSBRE ACADEMY OF HAIR DESIGN,OLYMPIA,WA,98501,7735356694,381,369,39,N,,,Level 2
42529,INTERNATIONAL BEAUTY EDUCATION CENTER,AIRWAY HEIGHTS,WA,99001,7735354580,446,434,186,Y,,,Level 1+
42580,SEATTLE FILM INSTITUTE,SEATTLE,WA,98119,7735342875,290,281,29,N,65.4,74.3,Level 2+
