School Code,School Name,Address,City,State Code,Zip Code,Student Growth Rating,Growth Reading Grades Tested Pct ES,Growth Math Grades Tested Pct ES,Student Attainment Rating,Creative School Certification,School Survey Ambitious Instruction,School Survey Effective Leaders,School Survey Collaborative Teachers,School Survey Safety,School Survey Parent Teacher Partnership,School Survey Quality Of Facilities,Student Attendance,Teacher Attendance
E00254,LMU - LOYOLA LAW SCHOOL,919 SOUTH ALBANY STREET,LOS ANGELES,CA,90015,NO DATA AVAILABLE,60,78,AVERAGE,EXCELLING,VERY STRONG,STRONG,VERY STRONG,STRONG,VERY STRONG,STRONG,95.4,95.9
E00341,STANFORD UNIVERSITY - STANFORD LAW SCHOO,559 NATHAN ABBOTT WAY,STANFORD,CA,94305,ABOVE AVERAGE,68,14,FAR BELOW AVERAGE,INCOMPLETE DATA,WEAK,VERY WEAK,NEUTRAL,VERY WEAK,NEUTRAL,STRONG,91.7,93
E00374,UNIV OF CALIFORNIA LOS ANG SCH MED,FIN AID OFFICE 12-109 CHS,LOS ANGELES,CA,90095,AVERAGE,27,35,BELOW AVERAGE,DEVELOPING,VERY STRONG,NEUTRAL,NEUTRAL,NEUTRAL,VERY STRONG,VERY STRONG,94.4,95.2
E00375,UNIV OF CALIFORNIA LOS ANG DENTAL,A3042 DENTAL BLDG,LOS ANGELES,CA,90095,BELOW AVERAGE,92,42,BELOW AVERAGE,EMERGING,STRONG,WEAK,WEAK,VERY WEAK,NOT ENOUGH DATA,NOT ENOUGH DATA,92.3,
E00480,WHITTIER COLLEGE - COLLEGE OF LAW,3333 HARBOR BOULEVARD,COSTA MESA,CA,92626,ABOVE AVERAGE,,,FAR BELOW AVERAGE,DEVELOPING,STRONG,STRONG,STRONG,WEAK,NOT ENOUGH DATA,NOT ENOUGH DATA,62.4,
E00554,ANTIOCH UNIV/LOS ANGELES,400 CORPORATE POINTE,CULVER CITY,CA,90230,NO DATA AVAILABLE,92,48,BELOW AVERAGE,EXCELLING,STRONG,WEAK,VERY WEAK,NEUTRAL,NEUTRAL,NEUTRAL,95.6,95.4
E00556,ANTIOCH UNIV/SANTA BARBARA,801 GARDEN STR SUITE 101,SANTA BARBARA,CA,93101,ABOVE AVERAGE,75,99,AVERAGE,DEVELOPING,VERY STRONG,NEUTRAL,STRONG,VERY STRONG,NEUTRAL,STRONG,96.4,95.2
E00727,INSTITUTE FOR BUSINESS & TECHNOLOGY - NA,11080 WHITE ROCK ROAD,RANCHO CORDOVA,CA,95670,FAR ABOVE AVERAGE,99,16,BELOW AVERAGE,DEVELOPING,VERY STRONG,NEUTRAL,STRONG,NEUTRAL,NEUTRAL,STRONG,94.4,94.1
E00914,PLATT COLLEGE,3700 INLAND EMPIRE BLVD STE400,ONTARIO,CA,91764,ABOVE AVERAGE,,,BELOW AVERAGE,EMERGING,STRONG,STRONG,STRONG,WEAK,NOT ENOUGH DATA,NOT ENOUGH DATA,86.4,
E00959,PLATT COLLEGE - ANAHEIM,1551 SOUTH DOUGLASS ROAD,ANAHEIM,CA,92806,BELOW AVERAGE,27,47,FAR BELOW AVERAGE,INCOMPLETE DATA,VERY STRONG,NEUTRAL,NEUTRAL,STRONG,STRONG,VERY STRONG,95.4,94.9
E00961,TRINITY INTERNATIONAL UNIV-CA,2200 N. GRAND AVE,SANTA ANA,CA,92705,AVERAGE,,,BELOW AVERAGE,DEVELOPING,STRONG,NEUTRAL,NEUTRAL,WEAK,NOT ENOUGH DATA,NOT ENOUGH DATA,90.6,93.8
E01182,KAPLAN COLLEGE - PALM SPRINGS,2475 EAST TAHQUITZ CANYON WAY,PALM SPRINGS,CA,92262,BELOW AVERAGE,87,93,ABOVE AVERAGE,EXCELLING,NEUTRAL,STRONG,STRONG,WEAK,NOT ENOUGH DATA,NOT ENOUGH DATA,94.4,94.5
E01191,KAPLAN COLLEGE - BAKERSFIELD,1914 WIBLE ROAD,BAKERSFIELD,CA,93304,FAR ABOVE AVERAGE,79,72,AVERAGE,EXCELLING,STRONG,STRONG,VERY STRONG,NEUTRAL,NOT ENOUGH DATA,NOT ENOUGH DATA,96.3,95.6
E01197,KAPLAN COLLEGE - FRESNO,44 SHAW AVENUE,CLOVIS,CA,93612,ABOVE AVERAGE,76,68,FAR ABOVE AVERAGE,EXCELLING,NEUTRAL,WEAK,WEAK,NEUTRAL,NOT ENOUGH DATA,NOT ENOUGH DATA,95,94.2
E01285,KAPLAN COLLEGE - RIVERSIDE,4040 VINE STREET,RIVERSIDE,CA,92507,ABOVE AVERAGE,,,FAR BELOW AVERAGE,EXCELLING,STRONG,NEUTRAL,NEUTRAL,WEAK,NEUTRAL,NEUTRAL,89.2,95.2
E01713,CAREER CARE INSTITUTE - VENTURA,2151 ALESSANDRO DRIVE,VENTURA,CA,93001,FAR BELOW AVERAGE,86,82,BELOW AVERAGE,STRONG,STRONG,STRONG,STRONG,VERY STRONG,VERY STRONG,VERY STRONG,95.5,96.1
E01826,UNITED EDUCATION INSTITUTE - ONTARIO,4730 ONTARIO MILLS PARKWAY,ONTARIO,CA,91764,ABOVE AVERAGE,92,95,ABOVE AVERAGE,EXCELLING,STRONG,NEUTRAL,WEAK,STRONG,NOT ENOUGH DATA,NOT ENOUGH DATA,96.4,94.8
E01827,UNITED EDUCATION INSTITUTE - ENCINO,5445 BALBOA BOULEVARD,ENCINO,CA,91316,FAR ABOVE AVERAGE,71,42,BELOW AVERAGE,EXCELLING,STRONG,NEUTRAL,NEUTRAL,NEUTRAL,STRONG,NEUTRAL,95.2,94.8
E01841,KAPLAN COLLEGE - CHULA VISTA,"CHULA VISTA CENTER, SUITE 144",CHULA VISTA,CA,91910,ABOVE AVERAGE,78,43,BELOW AVERAGE,EXCELLING,STRONG,NEUTRAL,NEUTRAL,WEAK,NEUTRAL,NEUTRAL,95.2,95.1
E01882,EVEREST COLLEGE - SANTA ANA,500 WEST SANTA ANA BOULEVARD,SANTA ANA,CA,92701,ABOVE AVERAGE,30,63,BELOW AVERAGE,EMERGING,STRONG,STRONG,STRONG,NEUTRAL,NOT ENOUGH DATA,NOT ENOUGH DATA,95.1,94
E01886,UNITED EDUCATION INSTITUTE - CHULA VISTA,310 THIRD AVENUE,CHULA VISTA,CA,91910,AVERAGE,,,BELOW AVERAGE,DEVELOPING,STRONG,NEUTRAL,NEUTRAL,NEUTRAL,NOT ENOUGH DATA,NOT ENOUGH DATA,93.4,
E01887,UNITED EDUCATION INSTITUTE - EL MONTE,3401 RIO HONDO AVENUE,EL MONTE,CA,91731,ABOVE AVERAGE,79,69,AVERAGE,EMERGING,NEUTRAL,NEUTRAL,STRONG,NEUTRAL,STRONG,VERY STRONG,96.5,
E01888,UNITED EDUCATION INSTITUTE - ANAHEIM,401 CARL KARCHER WAY,ANAHEIM,CA,92801,ABOVE AVERAGE,,,NO DATA AVAILABLE,INCOMPLETE DATA,VERY STRONG,NOT ENOUGH DATA,NOT ENOUGH DATA,WEAK,NOT ENOUGH DATA,NOT ENOUGH DATA,77.5,
E01928,UNITED EDUCATION INSTITUTE - UEI COLLEGE,2085 MONTIEL ROAD,SAN MARCOS,CA,92069,NO DATA AVAILABLE,71,40,AVERAGE,EXCELLING,NEUTRAL,WEAK,WEAK,WEAK,NEUTRAL,NEUTRAL,94.1,95
E01947,CAREER CARE INSTITUTE - MORENO VALLEY,22500 TOWN CIRCLE SUITE 2205,MORENO VALLEY,CA,92553,ABOVE AVERAGE,,,AVERAGE,DEVELOPING,VERY STRONG,VERY STRONG,VERY STRONG,VERY STRONG,NOT ENOUGH DATA,NOT ENOUGH DATA,96.1,95.8
E01977,UEI COLLEGE-RIVERSIDE,1860 UNIVERSITY AVENUE,RIVERSIDE,CA,92507,NO DATA AVAILABLE,,,FAR BELOW AVERAGE,DEVELOPING,NEUTRAL,NEUTRAL,NEUTRAL,VERY WEAK,NOT ENOUGH DATA,NOT ENOUGH DATA,76.2,94.3
E02024,MEDIATECH INSTITUTE - OCEANSIDE,302 OCEANSIDE BOULEVARD,OCEANSIDE,CA,92054,BELOW AVERAGE,,,AVERAGE,DEVELOPING,STRONG,STRONG,VERY STRONG,WEAK,NOT ENOUGH DATA,NOT ENOUGH DATA,93.5,96.2
E02028,UNITED EDUCATION INSTITUTE - UEI COLLEGE,4994 CLAREMONT AVENUE,STOCKTON,CA,95207,ABOVE AVERAGE,89,63,ABOVE AVERAGE,EXCELLING,NEUTRAL,NEUTRAL,NEUTRAL,NEUTRAL,NEUTRAL,NEUTRAL,96.2,95
E02077,WESTMED COLLEGE - MERCED,"330 E. YOSEMITE AVE, STE. 201",MERCED,CA,95340,ABOVE AVERAGE,,,NO DATA AVAILABLE,INCOMPLETE DATA,STRONG,STRONG,VERY STRONG,NEUTRAL,NOT ENOUGH DATA,NOT ENOUGH DATA,93.3,
E02091,NCP COLLEGE OF NURSING - HAYWARD CAMPUS,21615 HESPERIAN BOULEVARD,HAYWARD,CA,94541,NO DATA AVAILABLE,46,47,ABOVE AVERAGE,EXCELLING,NOT ENOUGH DATA,STRONG,STRONG,NOT ENOUGH DATA,NOT ENOUGH DATA,NOT ENOUGH DATA,96.6,
E02113,PAUL MITCHELL THE SCHOOL-COSTA MESA,3309 HYLAND AVENUE SUITE J,COSTA MESA,CA,92626,AVERAGE,54,58,BELOW AVERAGE,DEVELOPING,VERY STRONG,STRONG,VERY STRONG,WEAK,WEAK,NEUTRAL,95.1,94.1
E02116,PAUL MITCHELL THE SCHOOL - SAN DIEGO,410 A STREET,SAN DIEGO,CA,92101,AVERAGE,,,AVERAGE,EXCELLING,VERY STRONG,WEAK,WEAK,WEAK,NOT ENOUGH DATA,NOT ENOUGH DATA,92.8,94.9
E02133,PLATT COLLEGE - RIVERSIDE,"6465 SYCAMORE CANYON BLVD, STE. 100",RIVERSIDE,CA,92507,AVERAGE,,,FAR BELOW AVERAGE,INCOMPLETE DATA,STRONG,NEUTRAL,STRONG,WEAK,VERY STRONG,VERY STRONG,76.2,
E02208,ADVANCE BEAUTY COLLEGE - LAGUNA HILLS,23565 MOULTON PARKWAY STES A AND B,LAGUNA HILLS,CA,92653,NO DATA AVAILABLE,58,19,BELOW AVERAGE,EXCELLING,NEUTRAL,STRONG,STRONG,WEAK,NEUTRAL,STRONG,95.9,94.6
E40398,HUSSIAN SCHOOL OF ART-RELATIVITY CAMPUS,1201 W. 5TH STREET,LOS ANGELES,CA,90017,AVERAGE,89,85,ABOVE AVERAGE,EXCELLING,VERY STRONG,STRONG,STRONG,NEUTRAL,WEAK,STRONG,97,95.1
E40424,UEI COLLEGE - BAKERSFIELD,3737 ROSEDALE HIGHWAY,BAKERSFIELD,CA,93308,ABOVE AVERAGE,54,43,AVERAGE,EXCELLING,NEUTRAL,NEUTRAL,STRONG,WEAK,NEUTRAL,NEUTRAL,95,96
G01120,AMER BAPT SEM OF THE WEST-BERKELEY,2606 DWIGHT WAY,BERKELEY,CA,94704,AVERAGE,71,45,ABOVE AVERAGE,EXCELLING,STRONG,STRONG,STRONG,WEAK,STRONG,STRONG,95.4,94.6
G01165,CHURCH DIV SCH OF THE PACIFIC,2451 RIDGE RD,BERKELEY,CA,94709,ABOVE AVERAGE,86,40,AVERAGE,EXCELLING,STRONG,NEUTRAL,STRONG,WEAK,NOT ENOUGH DATA,NOT ENOUGH DATA,95.8,95.8
G01169,CLAREMONT GRADUATE UNIVERSITY,170 E 10TH ST,CLAREMONT,CA,91711,ABOVE AVERAGE,,,BELOW AVERAGE,EMERGING,STRONG,WEAK,WEAK,VERY WEAK,NEUTRAL,WEAK,87,
G01200,FULLER THEOLOGICAL SEMINARY,135 N OAKLAND,PASADENA,CA,91182,AVERAGE,22,12,AVERAGE,EXCELLING,STRONG,STRONG,STRONG,NEUTRAL,STRONG,STRONG,93.7,94
G01207,GRADUATE THEOLOGICAL UNION,2400 RIDGE ROAD,BERKELEY,CA,94709,BELOW AVERAGE,70,76,FAR ABOVE AVERAGE,EXCELLING,STRONG,NEUTRAL,STRONG,STRONG,STRONG,STRONG,96.6,95.6
G01256,PACIFIC SCHOOL OF RELIGION,1798 SCENIC AVE,BERKELEY,CA,94709,ABOVE AVERAGE,92,57,AVERAGE,DEVELOPING,STRONG,STRONG,STRONG,WEAK,NEUTRAL,NEUTRAL,95.1,94.5
G01279,SAN FRANCISCO THEOLOGICAL SEMINARY,105 SEMINARY ROAD,SAN ANSELMO,CA,94960,ABOVE AVERAGE,,,FAR BELOW AVERAGE,EMERGING,NEUTRAL,NEUTRAL,NEUTRAL,VERY WEAK,NOT ENOUGH DATA,NOT ENOUGH DATA,90.5,94
G01288,CLAREMONT SCHOOL OF THEOLOGY,1325 N COLLEGE AVE,CLAREMONT,CA,91711,BELOW AVERAGE,88,76,FAR ABOVE AVERAGE,DEVELOPING,VERY STRONG,STRONG,VERY STRONG,VERY STRONG,VERY STRONG,STRONG,96.3,95.9
G01295,SOUTHWESTERN LAW SCHOOL,3050 WILSHIRE BOULEVARD,LOS ANGELES,CA,90010,ABOVE AVERAGE,86,70,BELOW AVERAGE,STRONG,NEUTRAL,NEUTRAL,WEAK,VERY WEAK,NOT ENOUGH DATA,NOT ENOUGH DATA,94.9,94.9
G03947,UC-HASTINGS COLLEGE OF THE LAW,200 MCALLISTER ST,SAN FRANCISCO,CA,94102,ABOVE AVERAGE,46,50,AVERAGE,EMERGING,WEAK,STRONG,STRONG,NEUTRAL,STRONG,NEUTRAL,96.3,
G04080,STARR KING SCHOOL FOR THE MINISTRY,2441 LE CONTE AVENUE,BERKELEY,CA,94709,AVERAGE,70,32,BELOW AVERAGE,INCOMPLETE DATA,NOT ENOUGH DATA,STRONG,STRONG,NOT ENOUGH DATA,VERY STRONG,VERY STRONG,96.3,
G06976,UNIVERSITY OF SAN DIEGO - SCHOOL OF LAW,5998 ALCALA PARK,SAN DIEGO,CA,92110,AVERAGE,86,86,ABOVE AVERAGE,DEVELOPING,VERY STRONG,STRONG,STRONG,NEUTRAL,NOT ENOUGH DATA,NOT ENOUGH DATA,95.9,95.6
G08846,WRIGHT INSTITUTE,2728 DURANT AVE,BERKELEY,CA,94704,ABOVE AVERAGE,,,FAR BELOW AVERAGE,INCOMPLETE DATA,NOT ENOUGH DATA,NOT ENOUGH DATA,NOT ENOUGH DATA,NOT ENOUGH DATA,NOT ENOUGH DATA,NOT ENOUGH DATA,73,
G10013,ALLIANT INTERNATIONAL UNIVERSITY - LOS A,1000 SOUTH FREMONT AVENUE,ALHAMBRA,CA,91803,NO DATA AVAILABLE,91,84,ABOVE AVERAGE,EXCELLING,NEUTRAL,NEUTRAL,STRONG,WEAK,NOT ENOUGH DATA,NOT ENOUGH DATA,95.4,96
G10333,JESUIT SCHOOL OF THEOLOGY - BERKELEY,1735 LEROY AVENUE,BERKELEY,CA,94709,FAR ABOVE AVERAGE,76,88,ABOVE AVERAGE,STRONG,STRONG,STRONG,STRONG,STRONG,NOT ENOUGH DATA,NOT ENOUGH DATA,96.4,95.8
G10441,PARDEE RAND GRADUATE SCHOOL,1776 MAIN STREET,SANTA MONICA,CA,90407,ABOVE AVERAGE,38,61,AVERAGE,EMERGING,VERY STRONG,WEAK,WEAK,WEAK,NOT ENOUGH DATA,NOT ENOUGH DATA,93.9,
G11792,FRANCISCAN SCHOOL OF THEOLOGY,4050 MISSION AVENUE,OCEANSIDE,CA,92057,AVERAGE,86,88,AVERAGE,INCOMPLETE DATA,VERY STRONG,VERY STRONG,VERY STRONG,WEAK,NOT ENOUGH DATA,NOT ENOUGH DATA,97.9,
G11881,ALLIANT INTERNATIONAL UNIVERSITY - SAN F,ONE BEACH STREET,SAN FRANCISCO,CA,94133,ABOVE AVERAGE,,,NO DATA AVAILABLE,INCOMPLETE DATA,VERY STRONG,NEUTRAL,VERY STRONG,NEUTRAL,NOT ENOUGH DATA,NOT ENOUGH DATA,92.6,
G13103,CALIFORNIA WESTERN SCHOOL OF LAW,225 CEDAR STREET,SAN DIEGO,CA,92101,NO DATA AVAILABLE,78,50,BELOW AVERAGE,STRONG,STRONG,NEUTRAL,NEUTRAL,WEAK,WEAK,VERY WEAK,94.1,94.1
G20961,FIELDING GRADUATE UNIVERSITY,2112 SANTA BARBARA STREET,SANTA BARBARA,CA,93105,ABOVE AVERAGE,87,30,BELOW AVERAGE,DEVELOPING,STRONG,WEAK,WEAK,NEUTRAL,NOT ENOUGH DATA,NOT ENOUGH DATA,95.4,94.7
G21206,SAYBROOK GRADUATE SCHOOL,747 FRONT STREET,SAN FRANCISCO,CA,94111,AVERAGE,68,58,AVERAGE,INCOMPLETE DATA,VERY STRONG,VERY STRONG,VERY STRONG,NEUTRAL,NOT ENOUGH DATA,NOT ENOUGH DATA,95.1,
G22220,AMERICAN FILM INSTITUTE,2021 N WESTERN AVE,LOS ANGELES,CA,90027,AVERAGE,,,BELOW AVERAGE,DEVELOPING,NEUTRAL,NEUTRAL,NEUTRAL,WEAK,STRONG,STRONG,92.9,96.4
G22249,STANFORD UNIVERSITY - GRADUATE SCHOOL OF,"655 KNIGHT WAY, MCCLELLAND BUILDING",STANFORD,CA,94305,AVERAGE,,,FAR BELOW AVERAGE,EMERGING,WEAK,WEAK,NEUTRAL,WEAK,NOT ENOUGH DATA,NOT ENOUGH DATA,55.3,
G22372,PHILLIPS GRADUATE INSTITUTE,19900 PLUMMER STREET,CHATSWORTH,CA,91311,NO DATA AVAILABLE,90,68,BELOW AVERAGE,STRONG,STRONG,NEUTRAL,NEUTRAL,NEUTRAL,NEUTRAL,STRONG,95.1,95.4
G22676,INSTITUTE OF TRANSPERSONAL PSYCHLGY,1069 EAST MEADOW CIRCLE,PALO ALTO,CA,94303,ABOVE AVERAGE,88,65,AVERAGE,DEVELOPING,STRONG,STRONG,STRONG,WEAK,NEUTRAL,NEUTRAL,95.7,93.6
G22768,WESTMINSTER SEMINARY CALIFORNIA,1725 BEAR VALLEY PKY,ESCONDIDO,CA,92027,ABOVE AVERAGE,,,NO DATA AVAILABLE,INCOMPLETE DATA,NOT ENOUGH DATA,NOT ENOUGH DATA,NOT ENOUGH DATA,NOT ENOUGH DATA,NOT ENOUGH DATA,NOT ENOUGH DATA,,
G24552,STANFORD UNIVERSITY - SCHOOL OF MEDICINE,1265 WELCH ROAD,STANFORD,CA,94305,NO DATA AVAILABLE,94,77,BELOW AVERAGE,EXCELLING,STRONG,NEUTRAL,NEUTRAL,WEAK,NEUTRAL,WEAK,95.1,94.7
G25111,ALLIANT INTERNATIONAL UNIVERSITY - FRESN,5130 EAST CLINTON WAY,FRESNO,CA,93727,FAR ABOVE AVERAGE,54,76,AVERAGE,STRONG,VERY STRONG,NEUTRAL,NEUTRAL,WEAK,NOT ENOUGH DATA,NOT ENOUGH DATA,96.3,
G31268,PACIFICA GRADUATE INSTITUTE,249 LAMBERT ROAD,CARPINTERIA,CA,93013,FAR ABOVE AVERAGE,99,89,BELOW AVERAGE,EXCELLING,STRONG,NEUTRAL,STRONG,VERY WEAK,NOT ENOUGH DATA,NOT ENOUGH DATA,94.6,95.7
G32883,ACAD CHINESE CULTURE & HEALTH SCIS,1601 CLAY STREET,OAKLAND,CA,94512,FAR ABOVE AVERAGE,78,35,AVERAGE,DEVELOPING,STRONG,NEUTRAL,WEAK,VERY WEAK,VERY STRONG,VERY STRONG,95.4,94.9
G35924,IRELL & MANELLA GRADUATE SCHOOL OF BIOLO,1500 EAST DUARTE ROAD,DUARTE,CA,91010,AVERAGE,88,73,FAR ABOVE AVERAGE,EXCELLING,STRONG,NEUTRAL,NEUTRAL,NEUTRAL,NEUTRAL,STRONG,96.3,95.3
G38533,KECK GRADUATE INSTITUTE OF APPLIED LIFE,535 WATSON DRIVE,CLAREMONT,CA,91711,ABOVE AVERAGE,62,65,AVERAGE,DEVELOPING,STRONG,STRONG,STRONG,NEUTRAL,VERY STRONG,STRONG,94.2,95
G41004,TAFT UNIVERSITY SYSTEM (THE),3700 SOUTH SUSAN STREET,SANTA ANA,CA,92704,AVERAGE,88,88,BELOW AVERAGE,EXCELLING,VERY STRONG,STRONG,VERY STRONG,VERY STRONG,VERY STRONG,VERY STRONG,95,93.2
G41555,"ACADEMY FOR JEWISH RELIGION, CALIFORNIA",574 HILGARD AVENUE,LOS ANGELES,CA,90024,ABOVE AVERAGE,82,78,BELOW AVERAGE,STRONG,STRONG,NEUTRAL,STRONG,WEAK,NOT ENOUGH DATA,NOT ENOUGH DATA,93.5,93.9
G42174,HIGH TECH HIGH GRADUATE SCHOOL OF EDUCAT,2861 WOMBLE ROAD,SAN DIEGO,CA,92106,ABOVE AVERAGE,68,69,FAR BELOW AVERAGE,DEVELOPING,STRONG,WEAK,WEAK,WEAK,NEUTRAL,NEUTRAL,92.4,93.8
1111,ALLAN HANCOCK COLLEGE,800 SO COLLEGE DRIVE,SANTA MARIA,CA,93454,AVERAGE,73,22,ABOVE AVERAGE,DEVELOPING,VERY STRONG,NEUTRAL,WEAK,VERY STRONG,NOT ENOUGH DATA,NOT ENOUGH DATA,96.1,94.6
1113,ANTELOPE VALLEY COLLEGE,3041 WEST AVE K,LANCASTER,CA,93536,AVERAGE,99,89,FAR ABOVE AVERAGE,EXCELLING,VERY STRONG,NEUTRAL,NEUTRAL,STRONG,NEUTRAL,NEUTRAL,96.5,92.7
1116,ART CENTER COLLEGE OF DESIGN,1700 LIDA STREET,PASADENA,CA,91103,FAR ABOVE AVERAGE,58,40,AVERAGE,STRONG,STRONG,NEUTRAL,NEUTRAL,WEAK,WEAK,NEUTRAL,95.1,94.7
1117,AZUSA PACIFIC UNIVERSITY,901 EAST ALOSTA AVENUE,AZUSA,CA,91702,AVERAGE,73,87,BELOW AVERAGE,DEVELOPING,VERY STRONG,NEUTRAL,NEUTRAL,VERY STRONG,NEUTRAL,NEUTRAL,95.7,94.7
1118,BAKERSFIELD COLLEGE,1801 PANORAMA DRIVE,BAKERSFIELD,CA,93305,ABOVE AVERAGE,85,52,AVERAGE,EXCELLING,VERY STRONG,VERY STRONG,VERY STRONG,STRONG,NOT ENOUGH DATA,NOT ENOUGH DATA,95.3,96.2
1119,BARSTOW COMMUNITY COLLEGE,2700 BARSTOW ROAD,BARSTOW,CA,92311,ABOVE AVERAGE,54,98,AVERAGE,EXCELLING,VERY STRONG,STRONG,STRONG,STRONG,WEAK,STRONG,95.7,93.5
1122,BIOLA UNIVERSITY,13800 BIOLA AVE,LA MIRADA,CA,90639,ABOVE AVERAGE,54,89,AVERAGE,INCOMPLETE DATA,STRONG,NEUTRAL,STRONG,WEAK,WEAK,NEUTRAL,95.6,95.1
1124,CABRILLO COLLEGE,6500 SOQUEL DRIVE,APTOS,CA,95003,ABOVE AVERAGE,92,94,BELOW AVERAGE,INCOMPLETE DATA,VERY STRONG,NEUTRAL,NEUTRAL,NEUTRAL,NEUTRAL,NEUTRAL,93.3,95.4
1125,CALIFORNIA BAPTIST UNIVERSITY,8432 MAGNOLIA AVE,RIVERSIDE,CA,92504,FAR ABOVE AVERAGE,,,AVERAGE,INCOMPLETE DATA,VERY STRONG,WEAK,STRONG,WEAK,NOT ENOUGH DATA,NOT ENOUGH DATA,94.2,
1127,CALIFORNIA COLLEGE OF THE ARTS,1111 EIGHTH STREET,SAN FRANCISCO,CA,94107,FAR ABOVE AVERAGE,66,77,BELOW AVERAGE,EXCELLING,STRONG,NEUTRAL,NEUTRAL,WEAK,NEUTRAL,NEUTRAL,96.5,94.6
1131,CALIFORNIA INSTITUTE OF TECHNOLOGY,1201 E CALIFORNIA BLVD,PASADENA,CA,91125,ABOVE AVERAGE,81,73,AVERAGE,EXCELLING,VERY STRONG,NEUTRAL,NEUTRAL,VERY STRONG,NOT ENOUGH DATA,NOT ENOUGH DATA,95.4,97.8
1132,CALIFORNIA INSTITUTE OF THE ARTS,24700 MCBEAN PARKWAY,VALENCIA,CA,91355,ABOVE AVERAGE,76,45,AVERAGE,DEVELOPING,STRONG,NEUTRAL,NEUTRAL,WEAK,NEUTRAL,NEUTRAL,96.1,94.9
1133,CALIFORNIA LUTHERAN UNIVERSITY,60 WEST OLSEN ROAD,THOUSAND OAKS,CA,91360,ABOVE AVERAGE,99,97,AVERAGE,STRONG,VERY STRONG,NEUTRAL,STRONG,NEUTRAL,VERY STRONG,VERY STRONG,95.5,94.7
1134,CALIFORNIA MARITIME ACADEMY,POST OFFICE BOX 1392,VALLEJO,CA,94590,FAR ABOVE AVERAGE,75,50,AVERAGE,DEVELOPING,STRONG,NEUTRAL,STRONG,NEUTRAL,NOT ENOUGH DATA,NOT ENOUGH DATA,95.6,96.2
1137,CALIF STATE UNIV-FULLERTON,800 N STATE CLG BLVD FIN AID,FULLERTON,CA,92831,ABOVE AVERAGE,,,FAR ABOVE AVERAGE,STRONG,NOT ENOUGH DATA,NEUTRAL,WEAK,NOT ENOUGH DATA,NOT ENOUGH DATA,NOT ENOUGH DATA,92.5,
1138,"CALIFORNIA STATE UNIVERSITY, EAST BAY",25800 CARLOS BEE BLVD,HAYWARD,CA,94542,NO DATA AVAILABLE,,,FAR BELOW AVERAGE,INCOMPLETE DATA,STRONG,NOT ENOUGH DATA,NOT ENOUGH DATA,WEAK,VERY STRONG,WEAK,70.4,
1139,CALIF STATE UNIV-LONG BEACH,1250 BELLFLOWER BOULEVARD,LONG BEACH,CA,90840,NO DATA AVAILABLE,,,BELOW AVERAGE,STRONG,STRONG,STRONG,VERY STRONG,NEUTRAL,NOT ENOUGH DATA,NOT ENOUGH DATA,91.8,95.6
1140,CALIF STATE UNIV-LOS ANGELES,5151 STATE UNIV DR,LOS ANGELES,CA,90032,AVERAGE,,,BELOW AVERAGE,STRONG,VERY STRONG,STRONG,VERY STRONG,NEUTRAL,NEUTRAL,STRONG,94.5,95.7
1141,"CALIF STATE UNIV, DOMINGUEZ HILLS",1000 E VICTORIA STREET,CARSON,CA,90747,AVERAGE,,,AVERAGE,DEVELOPING,NOT ENOUGH DATA,NEUTRAL,STRONG,NOT ENOUGH DATA,NOT ENOUGH DATA,NOT ENOUGH DATA,89.9,
1142,CALIF STATE UNIV SAN BERNARDINO,5500 UNIVERSITY PKWY,SAN BERNARDINO,CA,92407,FAR ABOVE AVERAGE,,,FAR BELOW AVERAGE,INCOMPLETE DATA,STRONG,STRONG,STRONG,WEAK,NOT ENOUGH DATA,NOT ENOUGH DATA,,
1143,CAL POLY STATE UNIVERSITY,FINANCIAL AID OFFICE,SAN LUIS OBISPO,CA,93407,NO DATA AVAILABLE,93,93,AVERAGE,EXCELLING,VERY STRONG,VERY STRONG,VERY STRONG,VERY STRONG,STRONG,STRONG,95.8,95.2
1144,CALIF STATE POLYTECHNIC UNIV POMONA,3801 W TEMPLE AVE,POMONA,CA,91768,FAR ABOVE AVERAGE,58,30,FAR ABOVE AVERAGE,EXCELLING,STRONG,NEUTRAL,STRONG,VERY STRONG,VERY STRONG,VERY STRONG,95.8,96.3
1146,CALIF STATE UNIV - CHICO,400 WEST FIRST STREET,CHICO,CA,95929,AVERAGE,,,BELOW AVERAGE,EXCELLING,STRONG,STRONG,STRONG,WEAK,NOT ENOUGH DATA,NOT ENOUGH DATA,90.8,95.6
1147,CALIF STATE UNIV - FRESNO,5150 N MAPLE AVE MS JA64,FRESNO,CA,93740,BELOW AVERAGE,70,50,BELOW AVERAGE,DEVELOPING,NEUTRAL,NEUTRAL,STRONG,WEAK,NEUTRAL,NEUTRAL,95.3,95
1149,HUMBOLDT STATE UNIVERSITY,1 HARPST ST,ARCATA,CA,95521,ABOVE AVERAGE,,,BELOW AVERAGE,STRONG,VERY STRONG,STRONG,STRONG,NEUTRAL,NOT ENOUGH DATA,NOT ENOUGH DATA,96,96.2
1150,CALIF STATE UNIV-SACRAMENTO,6000 J ST,SACRAMENTO,CA,95819,AVERAGE,42,25,BELOW AVERAGE,EMERGING,VERY STRONG,NEUTRAL,STRONG,NEUTRAL,NOT ENOUGH DATA,NOT ENOUGH DATA,95.3,
1151,SAN DIEGO STATE UNIVERSITY,5500 CAMPANILE DRIVE,SAN DIEGO,CA,92182,AVERAGE,,,FAR BELOW AVERAGE,INCOMPLETE DATA,VERY STRONG,VERY STRONG,VERY STRONG,VERY STRONG,VERY STRONG,VERY STRONG,83.6,
1153,CALIF STATE UNIV-NORTHRIDGE,18111 NORDHOFF ST,NORTHRIDGE,CA,91330,NO DATA AVAILABLE,52,24,AVERAGE,STRONG,NEUTRAL,VERY WEAK,VERY WEAK,WEAK,WEAK,WEAK,94.6,94.4
1154,SAN FRANCISCO STATE UNIVERSITY,1600 HOLLOWAY AVE,SAN FRANCISCO,CA,94132,AVERAGE,82,75,AVERAGE,STRONG,NEUTRAL,WEAK,WEAK,WEAK,NOT ENOUGH DATA,NOT ENOUGH DATA,96.4,
1155,SAN JOSE STATE UNIVERSITY,ONE WASHINGTON SQUARE,SAN JOSE,CA,95192,ABOVE AVERAGE,83,53,FAR ABOVE AVERAGE,EXCELLING,STRONG,STRONG,STRONG,VERY STRONG,NOT ENOUGH DATA,NOT ENOUGH DATA,96.3,96.2
1156,SONOMA STATE UNIVERSITY,1801 E COTATI AVE,ROHNERT PARK,CA,94928,ABOVE AVERAGE,76,24,BELOW AVERAGE,DEVELOPING,NEUTRAL,NEUTRAL,NEUTRAL,WEAK,NEUTRAL,NEUTRAL,96,95.5
1157,CALIF STATE UNIV-STANISLAUS,ONE UNIVERSITY CIRCLE,TURLOCK,CA,95382,AVERAGE,14,25,BELOW AVERAGE,EXCELLING,NOT ENOUGH DATA,NEUTRAL,WEAK,NOT ENOUGH DATA,STRONG,VERY STRONG,95.3,
1161,CERRITOS COLLEGE,11110 ALONDRA BLVD,NORWALK,CA,90650,BELOW AVERAGE,99,48,NO DATA AVAILABLE,INCOMPLETE DATA,STRONG,STRONG,STRONG,NEUTRAL,STRONG,NEUTRAL,96.4,
1162,CHABOT COLLEGE,25555 HESPERIAN BOULEVARD,HAYWARD,CA,94545,NO DATA AVAILABLE,,,BELOW AVERAGE,STRONG,VERY STRONG,NEUTRAL,NEUTRAL,WEAK,NOT ENOUGH DATA,NOT ENOUGH DATA,90.2,95.1
1163,CHAFFEY COLLEGE,5885 HAVEN AVENUE,RANCHO CUCAMONGA,CA,91737,BELOW AVERAGE,64,40,FAR ABOVE AVERAGE,EXCELLING,STRONG,STRONG,VERY STRONG,STRONG,NOT ENOUGH DATA,NOT ENOUGH DATA,96.2,95.4
1164,CHAPMAN UNIVERSITY,ONE UNIVERSITY DRIVE,ORANGE,CA,92866,AVERAGE,75,57,AVERAGE,EXCELLING,STRONG,STRONG,STRONG,NEUTRAL,NOT ENOUGH DATA,NOT ENOUGH DATA,95.3,94.5
1166,CITRUS COLLEGE,1000 W FOOTHILL BLVD,GLENDORA,CA,91741,ABOVE AVERAGE,89,78,ABOVE AVERAGE,EXCELLING,STRONG,WEAK,NEUTRAL,STRONG,VERY WEAK,VERY WEAK,96.3,95.8
1170,CLAREMONT MCKENNA COLLEGE,890 COLUMBIA AVE,CLAREMONT,CA,91711,ABOVE AVERAGE,,,BELOW AVERAGE,STRONG,VERY STRONG,VERY STRONG,STRONG,WEAK,STRONG,NEUTRAL,88.5,96
1171,HARVEY MUDD COLLEGE,301 PLATT BOULEVARD,CLAREMONT,CA,91711,AVERAGE,58,9,AVERAGE,INCOMPLETE DATA,VERY STRONG,STRONG,STRONG,NEUTRAL,NOT ENOUGH DATA,NOT ENOUGH DATA,95.2,95.2
1172,PITZER COLLEGE,1050 N. MILLS AVE,CLAREMONT,CA,91711,BELOW AVERAGE,96,91,AVERAGE,DEVELOPING,VERY STRONG,NEUTRAL,STRONG,STRONG,STRONG,STRONG,95.8,94.5
1173,POMONA COLLEGE,550 N COLLEGE AVE,CLAREMONT,CA,91711,FAR ABOVE AVERAGE,48,24,AVERAGE,STRONG,VERY STRONG,STRONG,STRONG,NEUTRAL,NEUTRAL,NEUTRAL,94.7,96.5
1174,SCRIPPS COLLEGE,1030 COLUMBIA AVE,CLAREMONT,CA,91711,AVERAGE,3,25,BELOW AVERAGE,STRONG,STRONG,WEAK,WEAK,VERY WEAK,NOT ENOUGH DATA,NOT ENOUGH DATA,83.4,93.5
1176,WEST HILLS COMMUNITY COLLEGE,300 CHERRY LANE,COALINGA,CA,93210,BELOW AVERAGE,88,80,AVERAGE,EXCELLING,STRONG,NEUTRAL,NEUTRAL,NEUTRAL,STRONG,STRONG,96.3,95.3
1177,COGSWELL POLYTECHNICAL COLLEGE,1175 BORDEAUX DR,SUNNYVALE,CA,94089,ABOVE AVERAGE,58,31,AVERAGE,STRONG,STRONG,NEUTRAL,STRONG,WEAK,NOT ENOUGH DATA,NOT ENOUGH DATA,95.9,94.9
1178,COLLEGE OF MARIN,835 COLLEGE AVENUE,KENTFIELD,CA,94904,AVERAGE,64,73,ABOVE AVERAGE,STRONG,NEUTRAL,NEUTRAL,WEAK,NEUTRAL,NOT ENOUGH DATA,NOT ENOUGH DATA,97,
1179,NOTRE DAME DE NAMUR UNIVERSITY,1500 RALSTON AVE,BELMONT,CA,94002,ABOVE AVERAGE,,,BELOW AVERAGE,EMERGING,WEAK,NEUTRAL,WEAK,NEUTRAL,NOT ENOUGH DATA,NOT ENOUGH DATA,46,
1181,COLLEGE OF SAN MATEO,1700 W HILLSDALE BLVD,SAN MATEO,CA,94402,NO DATA AVAILABLE,78,70,FAR ABOVE AVERAGE,EXCELLING,VERY STRONG,NEUTRAL,NEUTRAL,STRONG,STRONG,STRONG,94.5,95.7
B07022,THE CHICAGO SCHOOL OF PROF PSYCHOLOGY,325 NORTH WELLS STREET,CHICAGO,IL,60610,ABOVE AVERAGE,29,88,BELOW AVERAGE,EMERGING,STRONG,STRONG,STRONG,WEAK,VERY STRONG,STRONG,94.9,94.3
E00377,UNIVERSITY OF CHICAGO GRADUATE,"970 EAST 58TH STREET, RM 411",CHICAGO,IL,60637,AVERAGE,87,58,BELOW AVERAGE,DEVELOPING,STRONG,STRONG,VERY STRONG,WEAK,NEUTRAL,STRONG,97.7,94
E00512,"UNIV OF CHICAGO, BOOTH SCH OF BUS",5807 S. WOODLAWN,CHICAGO,IL,60637,ABOVE AVERAGE,96,72,AVERAGE,EMERGING,VERY STRONG,STRONG,VERY STRONG,VERY STRONG,VERY STRONG,VERY STRONG,92.2,
E00606,SO IL UNIV-SCHL OF DENTAL MEDICINE,2800 COLLEGE AVENUE,ALTON,IL,62002,FAR ABOVE AVERAGE,,,BELOW AVERAGE,INCOMPLETE DATA,STRONG,VERY WEAK,WEAK,WEAK,STRONG,VERY STRONG,80.4,
E00773,CHICAGO KENT COLLEGE OF LAW,565 W ADAMS STREET,CHICAGO,IL,60661,NO DATA AVAILABLE,79,52,BELOW AVERAGE,STRONG,STRONG,NEUTRAL,STRONG,VERY WEAK,WEAK,NEUTRAL,95,94.6
E00784,EDUCATORS OF BEAUTY,128 S. 5TH STREET,ROCKFORD,IL,61104,ABOVE AVERAGE,94,88,ABOVE AVERAGE,EXCELLING,VERY STRONG,STRONG,STRONG,NEUTRAL,NOT ENOUGH DATA,NOT ENOUGH DATA,96,95.2
E00983,PACIFIC COLLEGE OF ORIENTAL MEDICINE - C,65 E. WACKER PLACE,CHICAGO,IL,60601,FAR ABOVE AVERAGE,81,39,ABOVE AVERAGE,DEVELOPING,VERY STRONG,NEUTRAL,STRONG,VERY STRONG,WEAK,STRONG,96.9,94.8
E01240,HAIR PROFESSIONALS ACADEMY OF COSMETOLOG,1100 NORTH SHERMAN,NAPERVILLE,IL,60563,AVERAGE,64,43,BELOW AVERAGE,EXCELLING,NEUTRAL,NEUTRAL,NEUTRAL,WEAK,NOT ENOUGH DATA,NOT ENOUGH DATA,92.6,94.7
E01244,RASMUSSEN COLLEGE - ROCKFORD,"6000 EAST STATE STREET, 4TH FLOOR",ROCKFORD,IL,61108,AVERAGE,,,BELOW AVERAGE,STRONG,STRONG,WEAK,NEUTRAL,VERY WEAK,WEAK,STRONG,91.5,95.9
E01510,RASMUSSEN COLLEGE - AURORA,"2363 SEQUOIA DRIVE, SUITE 131",AURORA,IL,60506,BELOW AVERAGE,62,39,BELOW AVERAGE,DEVELOPING,STRONG,STRONG,STRONG,VERY WEAK,NOT ENOUGH DATA,NOT ENOUGH DATA,94.1,96.1
E01649,RASMUSSEN COLLEGE - ROMEOVILLE,1400 WEST NORMANTOWN ROAD,ROMEOVILLE,IL,60446,AVERAGE,,,FAR BELOW AVERAGE,INCOMPLETE DATA,NEUTRAL,STRONG,STRONG,WEAK,NEUTRAL,WEAK,62,
E01717,CORTIVA INSTITUTE - CHICAGO,241 COMMERCE DRIVE,CRYSTAL LAKE,IL,60014,NO DATA AVAILABLE,,,NO DATA AVAILABLE,EXCELLING,NOT ENOUGH DATA,NOT ENOUGH DATA,NOT ENOUGH DATA,NOT ENOUGH DATA,STRONG,STRONG,77.9,95.3
E01865,RASMUSSEN COLLEGE - MOKENA,8650 WEST SPRING LAKE ROAD,MOKENA,IL,60448,NO DATA AVAILABLE,6,1,AVERAGE,DEVELOPING,VERY STRONG,STRONG,STRONG,NEUTRAL,NOT ENOUGH DATA,NOT ENOUGH DATA,96.8,94.4
E02023,VATTEROTT COLLEGE - FAIRVIEW HEIGHTS,110 COMMERCE LANE,FAIRVIEW HEIGHTS,IL,62208,FAR BELOW AVERAGE,,,NO DATA AVAILABLE,EMERGING,NOT ENOUGH DATA,STRONG,VERY STRONG,NOT ENOUGH DATA,VERY STRONG,VERY STRONG,94.4,
E02206,PAUL MITCHELL THE SCHOOL ESCANABA - PAUL,106 YORKTOWN CENTER,LOMBARD,IL,60148,NO DATA AVAILABLE,78,82,BELOW AVERAGE,EXCELLING,STRONG,STRONG,VERY STRONG,VERY WEAK,NEUTRAL,STRONG,92.7,95
E40390,PAUL MITCHELL THE SCHOOL TINLEY PARK,18454 WEST CREEK DRIVE,TINLEY PARK,IL,60477,ABOVE AVERAGE,,,BELOW AVERAGE,INCOMPLETE DATA,STRONG,NEUTRAL,NEUTRAL,WEAK,NOT ENOUGH DATA,NOT ENOUGH DATA,70.4,
G01661,CHICAGO THEOLOGICAL SEMINARY,5757 S. UNIVERSITY AVENUE,CHICAGO,IL,60637,NO DATA AVAILABLE,94,98,AVERAGE,INCOMPLETE DATA,VERY STRONG,STRONG,VERY STRONG,WEAK,NOT ENOUGH DATA,NOT ENOUGH DATA,95.1,
G01682,GARRETT-EVANGELICAL THEOLOGICAL SEM,2121 SHERIDAN RD,EVANSTON,IL,60201,FAR ABOVE AVERAGE,95,78,AVERAGE,EXCELLING,STRONG,NEUTRAL,NEUTRAL,NEUTRAL,NEUTRAL,STRONG,94.8,94.9
G01698,JOHN MARSHALL LAW SCHOOL,315 S PLYMOUTH CT,CHICAGO,IL,60604,FAR ABOVE AVERAGE,,,BELOW AVERAGE,EXCELLING,STRONG,NEUTRAL,STRONG,WEAK,NOT ENOUGH DATA,NOT ENOUGH DATA,88.8,94.2
G01712,LUTHERAN SCHOOL OF THEOL AT CHICAGO,1100 EAST 55TH STREET,CHICAGO,IL,60615,AVERAGE,,,NO DATA AVAILABLE,EXCELLING,NOT ENOUGH DATA,VERY STRONG,VERY STRONG,NOT ENOUGH DATA,VERY STRONG,VERY STRONG,92,95.1
G01721,MCCORMICK THEOLOGICAL SEMINARY,5460 S. UNIVERSITY AVENUE,CHICAGO,IL,60615,NO DATA AVAILABLE,,,BELOW AVERAGE,EXCELLING,NEUTRAL,WEAK,STRONG,WEAK,NEUTRAL,NEUTRAL,89.7,95.2
G01723,MEADVILLE LOMBARD THEOLOGICAL SCHOOL,5701 SOUTH WOODLAWN AVENUE,CHICAGO,IL,60637,BELOW AVERAGE,,,AVERAGE,EXCELLING,STRONG,STRONG,VERY STRONG,NEUTRAL,NOT ENOUGH DATA,NOT ENOUGH DATA,93.3,95.4
G01736,NORTHERN BAPTIST THEOL SEMINARY,660 E BUTTERFIELD RD,LOMBARD,IL,60148,ABOVE AVERAGE,96,48,ABOVE AVERAGE,EXCELLING,STRONG,STRONG,STRONG,VERY STRONG,NOT ENOUGH DATA,NOT ENOUGH DATA,96,96.4
G01765,UNIVERSITY OF ST MARY OF THE LAKE,1000 E MAPLE AVENUE,MUNDELEIN,IL,60060,ABOVE AVERAGE,40,32,BELOW AVERAGE,EXCELLING,NEUTRAL,STRONG,STRONG,VERY WEAK,NEUTRAL,NEUTRAL,95.2,94.7
G09232,CATHOLIC THEOLOGICAL UNION,5401 SOUTH CORNELL AVENUE,CHICAGO,IL,60615,AVERAGE,36,30,BELOW AVERAGE,EXCELLING,NOT ENOUGH DATA,NEUTRAL,NEUTRAL,NOT ENOUGH DATA,STRONG,STRONG,95.4,95.1
G10141,UNIV OF CHICAGO PRITZKER SCH OF MED,924 E 57TH ST SUITE 104,CHICAGO,IL,60637,BELOW AVERAGE,,,FAR BELOW AVERAGE,INCOMPLETE DATA,NEUTRAL,NEUTRAL,STRONG,WEAK,NEUTRAL,STRONG,59.6,
G20681,ADLER UNIVERSITY,17 N. DEARBORN,CHICAGO,IL,60602,NO DATA AVAILABLE,,,BELOW AVERAGE,EXCELLING,STRONG,NEUTRAL,STRONG,WEAK,NOT ENOUGH DATA,NOT ENOUGH DATA,88.1,94
G20754,DEVRY UNIVERSITY - DOWNERS,3005 HIGHLAND PARKWAY,DOWNERS GROVE,IL,60515,BELOW AVERAGE,,,NO DATA AVAILABLE,EMERGING,NOT ENOUGH DATA,STRONG,VERY STRONG,NOT ENOUGH DATA,VERY STRONG,VERY STRONG,,94.8
G23192,LAKE FOREST GRAD SCHL OF MGMT,1905 WEST FIELD COURT,LAKE FOREST,IL,60045,NO DATA AVAILABLE,,,FAR BELOW AVERAGE,DEVELOPING,VERY STRONG,STRONG,STRONG,NEUTRAL,VERY STRONG,VERY STRONG,86.5,94
G25737,INSTITUTE FOR CLINICAL SOCIAL WORK,401 SOUTH STATE STREET,CHICAGO,IL,60605,BELOW AVERAGE,87,80,BELOW AVERAGE,DEVELOPING,VERY STRONG,NEUTRAL,STRONG,NEUTRAL,WEAK,STRONG,96,95.1
G35103,ERIKSON INSTITUTE,451 NORTH LASALLE STREET,CHICAGO,IL,60654,ABOVE AVERAGE,79,79,ABOVE AVERAGE,DEVELOPING,NOT ENOUGH DATA,STRONG,STRONG,NOT ENOUGH DATA,STRONG,STRONG,96.2,96.9
G36843,NORTHSHORE UNIVERSITY HEALTHSYSTEM SCHOO,2650 RIDGE AVENUE,EVANSTON,IL,60201,ABOVE AVERAGE,82,63,BELOW AVERAGE,EXCELLING,VERY STRONG,NEUTRAL,NEUTRAL,NEUTRAL,NOT ENOUGH DATA,NOT ENOUGH DATA,95,94.9
1628,AMERICAN ACADEMY OF ART,332 S MICHIGAN AVE,CHICAGO,IL,60604,ABOVE AVERAGE,,,FAR ABOVE AVERAGE,EXCELLING,VERY STRONG,NEUTRAL,NEUTRAL,STRONG,NOT ENOUGH DATA,NOT ENOUGH DATA,93.2,95.5
1633,AUGUSTANA COLLEGE,639 38TH ST,ROCK ISLAND,IL,61201,FAR ABOVE AVERAGE,,,NO DATA AVAILABLE,EXCELLING,NOT ENOUGH DATA,NEUTRAL,NEUTRAL,NOT ENOUGH DATA,VERY STRONG,VERY STRONG,,94.6
1634,AURORA UNIVERSITY,347 S GLADSTONE AVE,AURORA,IL,60506,NO DATA AVAILABLE,92,55,AVERAGE,EXCELLING,NEUTRAL,STRONG,STRONG,WEAK,WEAK,NEUTRAL,95.1,94.5
1636,SOUTHWESTERN ILLINOIS COLLEGE,2500 CARLYLE AVE,BELLEVILLE,IL,62221,ABOVE AVERAGE,,,FAR BELOW AVERAGE,DEVELOPING,NEUTRAL,WEAK,NEUTRAL,VERY WEAK,NOT ENOUGH DATA,NOT ENOUGH DATA,77.9,93.4
1638,BLACK HAWK COLLEGE,6600 34TH AVENUE,MOLINE,IL,61265,FAR BELOW AVERAGE,,,NO DATA AVAILABLE,STRONG,VERY STRONG,NEUTRAL,STRONG,VERY STRONG,VERY STRONG,VERY STRONG,91.8,94.5
1639,BLACKBURN COLLEGE,700 COLLEGE AVENUE,CARLINVILLE,IL,62626,NO DATA AVAILABLE,,,NO DATA AVAILABLE,DEVELOPING,,NOT ENOUGH DATA,NOT ENOUGH DATA,WEAK,NOT ENOUGH DATA,NOT ENOUGH DATA,72.2,
1640,PRAIRIE STATE COLLEGE,202 SOUTH HALSTED,CHICAGO HEIGHTS,IL,60411,NO DATA AVAILABLE,,,BELOW AVERAGE,DEVELOPING,STRONG,NEUTRAL,NEUTRAL,WEAK,WEAK,NEUTRAL,88.6,95.5
1641,BRADLEY UNIVERSITY,1501 W BRADLEY AVE,PEORIA,IL,61625,BELOW AVERAGE,30,66,AVERAGE,EXCELLING,STRONG,STRONG,STRONG,STRONG,NOT ENOUGH DATA,NOT ENOUGH DATA,96.9,95.3
1643,SPOON RIVER COLLEGE,23235 N COUNTY 22,CANTON,IL,61520,AVERAGE,87,32,BELOW AVERAGE,INCOMPLETE DATA,STRONG,NEUTRAL,STRONG,VERY WEAK,VERY STRONG,STRONG,95.2,94.4
1647,CITY COLLEGES OF CHICAGO,226 W JACKSON BLVD 11TH FLOOR,CHICAGO,IL,60606,AVERAGE,30,39,AVERAGE,EXCELLING,STRONG,NEUTRAL,NEUTRAL,VERY WEAK,VERY WEAK,STRONG,94.9,
1648,TRUMAN COLLEGE,1145 W WILSON AVE,CHICAGO,IL,60640,BELOW AVERAGE,81,47,ABOVE AVERAGE,EXCELLING,STRONG,STRONG,STRONG,NEUTRAL,STRONG,STRONG,95.2,95.6
1649,RICHARD J DALEY COLLEGE,7500 S PULASKI RD,CHICAGO,IL,60652,ABOVE AVERAGE,,,FAR BELOW AVERAGE,EMERGING,WEAK,WEAK,WEAK,WEAK,NOT ENOUGH DATA,NOT ENOUGH DATA,46.9,
1650,CITY COLLEGES OF CHICAGO-MALCOLM X,1900 W VAN BUREN,CHICAGO,IL,60612,NO DATA AVAILABLE,73,73,ABOVE AVERAGE,EXCELLING,STRONG,NEUTRAL,WEAK,NEUTRAL,NEUTRAL,WEAK,95.1,94.3
1652,HAROLD WASHINGTON COLLEGE,30 E LAKE ST,CHICAGO,IL,60601,ABOVE AVERAGE,87,50,AVERAGE,DEVELOPING,VERY STRONG,STRONG,STRONG,VERY STRONG,VERY STRONG,VERY STRONG,97.2,94.9
1653,OLIVE-HARVEY COLLEGE,10001 SOUTH WOODLAWN AVE,CHICAGO,IL,60628,ABOVE AVERAGE,83,68,AVERAGE,STRONG,NOT ENOUGH DATA,NEUTRAL,NEUTRAL,NOT ENOUGH DATA,NOT ENOUGH DATA,NOT ENOUGH DATA,96.2,96.2
1654,KENNEDY KING COLLEGE,6800 S WENTWORTH AVE,CHICAGO,IL,60621,ABOVE AVERAGE,92,69,ABOVE AVERAGE,STRONG,NEUTRAL,WEAK,NEUTRAL,STRONG,NEUTRAL,WEAK,96.1,95.9
1655,WRIGHT COLLEGE,4300 N NARRAGANSETT AVE,CHICAGO,IL,60634,ABOVE AVERAGE,,,AVERAGE,DEVELOPING,NOT ENOUGH DATA,STRONG,STRONG,NOT ENOUGH DATA,VERY STRONG,STRONG,95.7,94.7
1657,MIDWESTERN UNIVERSITY,555 31ST ST,DOWNERS GROVE,IL,60515,NO DATA AVAILABLE,75,50,AVERAGE,DEVELOPING,VERY STRONG,WEAK,NEUTRAL,NEUTRAL,STRONG,VERY STRONG,93.3,95.6
1659,ROSALIND FRANKLIN UNIVERSITY OF MEDICINE,3333 GREEN BAY ROAD-FAO,NORTH CHICAGO,IL,60064,ABOVE AVERAGE,38,45,AVERAGE,DEVELOPING,STRONG,NEUTRAL,STRONG,WEAK,NEUTRAL,VERY STRONG,95.3,94.2
1663,SPERTUS COLLEGE,610 SOUTH MICHIGAN AVENUE,CHICAGO,IL,60605,AVERAGE,,,BELOW AVERAGE,STRONG,VERY STRONG,NEUTRAL,STRONG,WEAK,NOT ENOUGH DATA,NOT ENOUGH DATA,90.5,
1664,UNIVERSITY OF ST FRANCIS,500 N WILCOX STREET,JOLIET,IL,60435,ABOVE AVERAGE,81,55,ABOVE AVERAGE,DEVELOPING,STRONG,STRONG,STRONG,NEUTRAL,NOT ENOUGH DATA,NOT ENOUGH DATA,95.4,94.8
1665,COLUMBIA COLLEGE,600 S MICHIGAN AVE,CHICAGO,IL,60605,ABOVE AVERAGE,48,31,BELOW AVERAGE,EXCELLING,NEUTRAL,WEAK,WEAK,WEAK,WEAK,NEUTRAL,94.2,95.1
1666,CONCORDIA UNIVERSITY,7400 AUGUSTA STREET,RIVER FOREST,IL,60305,AVERAGE,82,58,FAR ABOVE AVERAGE,DEVELOPING,STRONG,WEAK,WEAK,NEUTRAL,WEAK,NEUTRAL,96.3,95.8
1669,DANVILLE AREA COMMUNITY COLLEGE,2000 EAST MAIN STREET,DANVILLE,IL,61832,ABOVE AVERAGE,,,ABOVE AVERAGE,STRONG,VERY STRONG,STRONG,VERY STRONG,NEUTRAL,NOT ENOUGH DATA,NOT ENOUGH DATA,96.9,
1671,DEPAUL UNIVERSITY,1 EAST JACKSON,CHICAGO,IL,60604,FAR ABOVE AVERAGE,78,61,FAR ABOVE AVERAGE,EXCELLING,STRONG,STRONG,STRONG,STRONG,NEUTRAL,NEUTRAL,97,96.3
1674,EASTERN ILLINOIS UNIVERSITY,600 LINCOLN AVENUE,CHARLESTON,IL,61920,ABOVE AVERAGE,36,70,BELOW AVERAGE,EXCELLING,STRONG,NEUTRAL,STRONG,WEAK,STRONG,STRONG,95,95.1
1675,ELGIN COMMUNITY COLLEGE,1700 SPARTAN DR,ELGIN,IL,60123,AVERAGE,58,45,ABOVE AVERAGE,DEVELOPING,STRONG,STRONG,STRONG,STRONG,NEUTRAL,NEUTRAL,95.4,95.9
1676,ELMHURST COLLEGE,190 PROSPECT AVENUE,ELMHURST,IL,60126,AVERAGE,44,23,ABOVE AVERAGE,EXCELLING,NEUTRAL,WEAK,WEAK,WEAK,NOT ENOUGH DATA,NOT ENOUGH DATA,95.4,94.4
1678,EUREKA COLLEGE,300 COLLEGE AVE,EUREKA,IL,61530,AVERAGE,89,87,FAR ABOVE AVERAGE,EXCELLING,VERY STRONG,STRONG,STRONG,STRONG,NOT ENOUGH DATA,NOT ENOUGH DATA,95,95.2
1681,HIGHLAND COMMUNITY COLLEGE,2998 W PEARL CITY RD,FREEPORT,IL,61032,FAR ABOVE AVERAGE,82,57,FAR ABOVE AVERAGE,EXCELLING,STRONG,WEAK,WEAK,STRONG,NOT ENOUGH DATA,NOT ENOUGH DATA,95,94.3
1684,GREENVILLE COLLEGE,P.O. BOX 159,GREENVILLE,IL,62246,ABOVE AVERAGE,91,34,ABOVE AVERAGE,STRONG,STRONG,VERY STRONG,VERY STRONG,WEAK,NEUTRAL,NEUTRAL,95.7,95.1
1685,HEBREW THEOLOGICAL COLLEGE,7135 NORTH CARPENTER ROAD,SKOKIE,IL,60077,ABOVE AVERAGE,78,60,ABOVE AVERAGE,STRONG,STRONG,STRONG,STRONG,STRONG,STRONG,NEUTRAL,94,95.4
1688,ILLINOIS COLLEGE,1101 WEST COLLEGE,JACKSONVILLE,IL,62650,ABOVE AVERAGE,,,FAR BELOW AVERAGE,EMERGING,STRONG,NEUTRAL,STRONG,WEAK,NOT ENOUGH DATA,NOT ENOUGH DATA,82.2,93.4
1689,ILLINOIS COLLEGE OF OPTOMETRY,3241 S MICHIGAN ST,CHICAGO,IL,60616,BELOW AVERAGE,,,FAR BELOW AVERAGE,EXCELLING,NOT ENOUGH DATA,STRONG,STRONG,NOT ENOUGH DATA,VERY STRONG,STRONG,65.9,
1691,ILLINOIS INSTITUTE OF TECHNOLOGY,3300 S FEDERAL ST,CHICAGO,IL,60616,BELOW AVERAGE,,,ABOVE AVERAGE,INCOMPLETE DATA,VERY STRONG,STRONG,STRONG,NEUTRAL,NOT ENOUGH DATA,NOT ENOUGH DATA,94.9,
1692,ILLINOIS STATE UNIVERSITY,302 HOVEY HALL CAMPUS BOX 1000,NORMAL,IL,61790,FAR ABOVE AVERAGE,83,57,FAR ABOVE AVERAGE,STRONG,STRONG,STRONG,STRONG,STRONG,NOT ENOUGH DATA,NOT ENOUGH DATA,96.1,95.5
1693,NORTHEASTERN ILLINOIS UNIV,5500 NO ST LOUIS,CHICAGO,IL,60625,ABOVE AVERAGE,75,78,FAR ABOVE AVERAGE,STRONG,STRONG,STRONG,STRONG,STRONG,NOT ENOUGH DATA,NOT ENOUGH DATA,97.7,94.7
1694,CHICAGO STATE UNIVERSITY,9501 SOUTH KING DR,CHICAGO,IL,60628,ABOVE AVERAGE,,,NO DATA AVAILABLE,INCOMPLETE DATA,NOT ENOUGH DATA,NOT ENOUGH DATA,NOT ENOUGH DATA,NOT ENOUGH DATA,NOT ENOUGH DATA,NOT ENOUGH DATA,94.4,
1696,ILLINOIS WESLEYAN UNIVERSITY,1312 N. PARK STREET,BLOOMINGTON,IL,61701,NO DATA AVAILABLE,70,37,BELOW AVERAGE,INCOMPLETE DATA,NEUTRAL,NEUTRAL,STRONG,WEAK,NOT ENOUGH DATA,NOT ENOUGH DATA,98.3,
1699,JOLIET JUNIOR COLLEGE,1215 HOUBOLT ROAD,JOLIET,IL,60431,AVERAGE,52,52,AVERAGE,STRONG,STRONG,WEAK,NEUTRAL,WEAK,NOT ENOUGH DATA,NOT ENOUGH DATA,93.9,94.5
1700,JUDSON UNIVERSITY,1151 NO STATE STREET,ELGIN,IL,60123,AVERAGE,79,45,BELOW AVERAGE,EXCELLING,VERY STRONG,STRONG,VERY STRONG,STRONG,NEUTRAL,STRONG,93.1,95.6
1701,KASKASKIA COLLEGE,27210 COLLEGE RD,CENTRALIA,IL,62801,ABOVE AVERAGE,88,91,ABOVE AVERAGE,EXCELLING,VERY STRONG,NEUTRAL,STRONG,VERY STRONG,NOT ENOUGH DATA,NOT ENOUGH DATA,95.6,95
1703,KENDALL COLLEGE,900 N. NORTH BRANCH STREET,CHICAGO,IL,60622,FAR ABOVE AVERAGE,98,61,AVERAGE,DEVELOPING,WEAK,WEAK,WEAK,VERY WEAK,NEUTRAL,NEUTRAL,93.1,
1704,KNOX COLLEGE,**,GALESBURG,IL,61401,ABOVE AVERAGE,91,81,AVERAGE,EXCELLING,NEUTRAL,STRONG,STRONG,NEUTRAL,NOT ENOUGH DATA,NOT ENOUGH DATA,95.1,94.7
1705,ILLINOIS VALLEY COMMUNITY COLLEGE,815 N ORLANDO SMITH AVENUE,OGLESBY,IL,61348,FAR ABOVE AVERAGE,38,19,BELOW AVERAGE,STRONG,STRONG,STRONG,NEUTRAL,VERY WEAK,NOT ENOUGH DATA,NOT ENOUGH DATA,92.8,94.6
1706,LAKE FOREST COLLEGE,555 N SHERIDAN RD,LAKE FOREST,IL,60045,BELOW AVERAGE,,,BELOW AVERAGE,DEVELOPING,STRONG,NEUTRAL,STRONG,WEAK,NOT ENOUGH DATA,NOT ENOUGH DATA,89.8,94.6
1707,LEWIS UNIVERSITY,ONE UNIVERSITY PARKWAY,ROMEOVILLE,IL,60446,BELOW AVERAGE,,,FAR BELOW AVERAGE,DEVELOPING,NEUTRAL,NEUTRAL,NEUTRAL,VERY WEAK,NOT ENOUGH DATA,NOT ENOUGH DATA,80.6,94
1708,LINCOLN CHRISTIAN UNIVERSITY,100 CAMPUS VIEW DRIVE,LINCOLN,IL,62656,FAR BELOW AVERAGE,,,BELOW AVERAGE,DEVELOPING,VERY STRONG,STRONG,STRONG,WEAK,NOT ENOUGH DATA,NOT ENOUGH DATA,90.6,
1709,LINCOLN COLLEGE,300 KEOKUK ST,LINCOLN,IL,62656,FAR ABOVE AVERAGE,48,75,NO DATA AVAILABLE,EXCELLING,VERY STRONG,NEUTRAL,STRONG,VERY WEAK,NOT ENOUGH DATA,NOT ENOUGH DATA,93.8,
1710,LOYOLA UNIVERSITY CHICAGO,1032 WEST SHERIDAN ROAD,CHICAGO,IL,60626,NO DATA AVAILABLE,68,55,AVERAGE,EXCELLING,NEUTRAL,NEUTRAL,NEUTRAL,WEAK,STRONG,STRONG,95.7,95.1
1716,MACCORMAC COLLEGE,29 EAST MADISON,CHICAGO,IL,60602,AVERAGE,91,70,AVERAGE,EXCELLING,NEUTRAL,NEUTRAL,STRONG,NEUTRAL,NEUTRAL,NEUTRAL,96.2,95.6
1717,MACMURRAY COLLEGE,447 E COLLEGE AVE,JACKSONVILLE,IL,62650,FAR ABOVE AVERAGE,,,BELOW AVERAGE,DEVELOPING,STRONG,VERY STRONG,VERY STRONG,WEAK,NOT ENOUGH DATA,NOT ENOUGH DATA,93.1,95
1722,MCKENDREE UNIVERSITY,701 COLLEGE ROAD,LEBANON,IL,62254,AVERAGE,,,FAR BELOW AVERAGE,DEVELOPING,NEUTRAL,VERY WEAK,WEAK,VERY WEAK,NOT ENOUGH DATA,NOT ENOUGH DATA,80.7,95.5
1724,MILLIKIN UNIVERSITY,1184 WEST MAIN,DECATUR,IL,62522,FAR BELOW AVERAGE,78,69,BELOW AVERAGE,EXCELLING,VERY STRONG,NEUTRAL,NEUTRAL,WEAK,NEUTRAL,STRONG,96.4,94.7
1725,MONMOUTH COLLEGE,700 EAST BROADWAY,MONMOUTH,IL,61462,ABOVE AVERAGE,81,69,BELOW AVERAGE,DEVELOPING,VERY STRONG,STRONG,STRONG,WEAK,WEAK,VERY STRONG,95.1,94.3
1727,MOODY BIBLE INSTITUTE,820 NORTH LASALLE BOULEVARD,CHICAGO,IL,60610,ABOVE AVERAGE,,,AVERAGE,EXCELLING,VERY STRONG,NEUTRAL,STRONG,NEUTRAL,NOT ENOUGH DATA,NOT ENOUGH DATA,97,
1728,MORTON COLLEGE,3801 SOUTH CENTRAL,CICERO,IL,60804,AVERAGE,99,99,ABOVE AVERAGE,EXCELLING,STRONG,STRONG,STRONG,NEUTRAL,STRONG,NEUTRAL,96.2,96
1732,NATIONAL UNIV OF HEALTH SCIENCES,200 E ROOSEVELT RD,LOMBARD,IL,60148,FAR ABOVE AVERAGE,,,NO DATA AVAILABLE,INCOMPLETE DATA,NOT ENOUGH DATA,STRONG,STRONG,NOT ENOUGH DATA,VERY STRONG,VERY STRONG,91.8,
1733,NATIONAL-LOUIS UNIVERSITY,122 SOUTH MICHIGAN AVENUE,CHICAGO,IL,60603,NO DATA AVAILABLE,68,18,ABOVE AVERAGE,EXCELLING,NEUTRAL,STRONG,STRONG,STRONG,NOT ENOUGH DATA,NOT ENOUGH DATA,94.9,95.4
1734,NORTH CENTRAL COLLEGE,30 N BRAINARD PO BOX 3063,NAPERVILLE,IL,60540,AVERAGE,86,47,AVERAGE,EXCELLING,STRONG,NEUTRAL,NEUTRAL,NEUTRAL,NOT ENOUGH DATA,NOT ENOUGH DATA,96,95.6
1735,NORTH PARK UNIVERSITY,FIN AID OFF-3225 W FOSTER AVE,CHICAGO,IL,60625,ABOVE AVERAGE,,,FAR BELOW AVERAGE,EXCELLING,STRONG,STRONG,VERY STRONG,WEAK,NOT ENOUGH DATA,NOT ENOUGH DATA,86,93.8
1737,NORTHERN ILLINOIS UNIVERSITY,ALTGELD HALL - ROOM 300A,DEKALB,IL,60115,BELOW AVERAGE,83,72,AVERAGE,STRONG,VERY STRONG,STRONG,VERY STRONG,NEUTRAL,STRONG,STRONG,96,94.6
1739,NORTHWESTERN UNIV,1801 HINMAN AVE 2ND FLOOR,EVANSTON,IL,60208,ABOVE AVERAGE,81,69,ABOVE AVERAGE,EXCELLING,STRONG,STRONG,VERY STRONG,NEUTRAL,NOT ENOUGH DATA,NOT ENOUGH DATA,94.8,95.4
1741,OLIVET NAZARENE UNIVERSITY,ONE UNIVERSITY AVENUE,BOURBONNAIS,IL,60914,ABOVE AVERAGE,73,70,FAR ABOVE AVERAGE,EXCELLING,NEUTRAL,VERY WEAK,NEUTRAL,STRONG,NOT ENOUGH DATA,NOT ENOUGH DATA,97.7,95.5
1742,IL EASTERN COMM COLGS-OLNEY CENTRAL,305 NORTH WEST STREET,OLNEY,IL,62450,ABOVE AVERAGE,78,82,AVERAGE,EXCELLING,STRONG,NEUTRAL,NEUTRAL,NEUTRAL,NOT ENOUGH DATA,NOT ENOUGH DATA,95,95.2
1745,QUINCY UNIVERSITY,1800 COLLEGE AVENUE,QUINCY,IL,62301,ABOVE AVERAGE,38,24,ABOVE AVERAGE,EXCELLING,NOT ENOUGH DATA,VERY STRONG,VERY STRONG,NOT ENOUGH DATA,VERY STRONG,STRONG,96.8,95.7
1746,ROBERT MORRIS UNIVERSITY ILLINOIS,401 SOUTH STATE STREET,CHICAGO,IL,60605,BELOW AVERAGE,64,88,BELOW AVERAGE,EXCELLING,VERY STRONG,STRONG,STRONG,WEAK,VERY STRONG,STRONG,93.7,94.4
1747,ROCK VALLEY COLLEGE,3301 N MULFORD RD,ROCKFORD,IL,61114,ABOVE AVERAGE,78,94,FAR ABOVE AVERAGE,EXCELLING,STRONG,NEUTRAL,STRONG,STRONG,NEUTRAL,NEUTRAL,97.2,95.4
1748,ROCKFORD UNIVERSITY,5050 E STATE ST,ROCKFORD,IL,61108,FAR ABOVE AVERAGE,93,68,ABOVE AVERAGE,EXCELLING,STRONG,STRONG,VERY STRONG,NEUTRAL,NOT ENOUGH DATA,NOT ENOUGH DATA,96,94.9
1749,ROOSEVELT UNIVERSITY,430 S MICHIGAN AVE,CHICAGO,IL,60605,ABOVE AVERAGE,,,FAR BELOW AVERAGE,EXCELLING,STRONG,STRONG,STRONG,WEAK,VERY STRONG,VERY STRONG,74.2,
1750,DOMINICAN UNIVERSITY,7900 WEST DIVISION STREET,RIVER FOREST,IL,60305,NO DATA AVAILABLE,50,47,BELOW AVERAGE,STRONG,STRONG,WEAK,WEAK,WEAK,NOT ENOUGH DATA,NOT ENOUGH DATA,93.1,94.6
1752,SAUK VALLEY COMMUNITY COLLEGE,173 ILLINOIS RT 2,DIXON,IL,61021,AVERAGE,,,FAR BELOW AVERAGE,INCOMPLETE DATA,VERY STRONG,STRONG,STRONG,NEUTRAL,NOT ENOUGH DATA,NOT ENOUGH DATA,77.8,
1753,SCHOOL OF ART INSTITUTE OF CHICAGO,36 S WABASH AVE,CHICAGO,IL,60603,NO DATA AVAILABLE,64,22,BELOW AVERAGE,DEVELOPING,STRONG,NEUTRAL,STRONG,VERY WEAK,NOT ENOUGH DATA,NOT ENOUGH DATA,91.8,94.1
1756,SHIMER COLLEGE,3424 SOUTH STATE STREET,CHICAGO,IL,60616,AVERAGE,79,45,BELOW AVERAGE,EXCELLING,STRONG,NEUTRAL,NEUTRAL,STRONG,STRONG,STRONG,96.1,93.8
1757,SOUTHEASTERN ILLINOIS COLLEGE,3575 COLLEGE ROAD,HARRISBURG,IL,62946,ABOVE AVERAGE,,,ABOVE AVERAGE,INCOMPLETE DATA,VERY STRONG,STRONG,STRONG,NEUTRAL,NOT ENOUGH DATA,NOT ENOUGH DATA,94.2,
E00505,ST JOSEPH'S COLLEGE-SUFFOLK CAMPUS,155 ROE BLVD,PATCHOGUE,NY,11772,FAR ABOVE AVERAGE,58,34,AVERAGE,EXCELLING,NEUTRAL,WEAK,VERY WEAK,WEAK,NOT ENOUGH DATA,NOT ENOUGH DATA,96,
E00546,NY INSTITUTE OF TECHNOLOGY-OSTEOPATHIC M,NORTHERN BOULEVARD,OLD WESTBURY,NY,11568,AVERAGE,76,70,BELOW AVERAGE,STRONG,STRONG,NEUTRAL,NEUTRAL,NEUTRAL,NOT ENOUGH DATA,NOT ENOUGH DATA,94.9,94.7
E00911,PACIFIC COLLEGE OF ORIENTAL MEDICINE - N,915 BROADWAY,NEW YORK,NY,10010,ABOVE AVERAGE,42,76,ABOVE AVERAGE,STRONG,STRONG,VERY STRONG,VERY STRONG,NEUTRAL,NOT ENOUGH DATA,NOT ENOUGH DATA,96.6,95.1
E00922,ITT TECHNICAL INSTITUTE,13 AIRLINE DRIVE,ALBANY,NY,12205,ABOVE AVERAGE,,,FAR BELOW AVERAGE,EMERGING,STRONG,STRONG,STRONG,WEAK,NOT ENOUGH DATA,NOT ENOUGH DATA,74.3,94.4
E01255,LINCOLN TECHNICAL INSTITUTE - WHITESTONE,15-30 PETRACCA PLACE,WHITESTONE,NY,11357,FAR BELOW AVERAGE,83,50,AVERAGE,EMERGING,STRONG,NEUTRAL,STRONG,WEAK,STRONG,STRONG,95.2,94.4
E01670,RIDLEY - LOWELL BUSINESS & TECHNICAL INS,26 SOUTH HAMILTON STREET,POUGHKEEPSIE,NY,12601,ABOVE AVERAGE,99,82,AVERAGE,STRONG,NEUTRAL,NEUTRAL,NEUTRAL,NEUTRAL,WEAK,NEUTRAL,96,94.5
E01719,CONTINENTAL SCHOOL OF BEAUTY CULTURE - B,326 KENMORE AVENUE,BUFFALO,NY,14223,FAR ABOVE AVERAGE,64,65,AVERAGE,DEVELOPING,STRONG,STRONG,STRONG,STRONG,VERY STRONG,VERY STRONG,95.7,95.4
E01739,MAKE-UP DESIGNORY -,375 W. BROADWAY,NEW YORK,NY,10012,AVERAGE,48,31,AVERAGE,EMERGING,WEAK,WEAK,NEUTRAL,NEUTRAL,NOT ENOUGH DATA,NOT ENOUGH DATA,95.9,
E01740,ALLEN SCHOOL - BROOKLYN,188 MONTAGUE STREET,BROOKLYN,NY,11201,AVERAGE,64,65,AVERAGE,EXCELLING,STRONG,NEUTRAL,STRONG,WEAK,NOT ENOUGH DATA,NOT ENOUGH DATA,91,94.8
E01868,FINGER LAKES SCHOOL OF MASSAGE (THE) -,272 NORTH BEDFORD ROAD,MOUNT KISCO,NY,10549,AVERAGE,98,97,BELOW AVERAGE,EXCELLING,NEUTRAL,WEAK,WEAK,VERY WEAK,NEUTRAL,STRONG,92.8,95.4
E01897,CONTINENTAL SCHOOL OF BEAUTY CULTURE - M,2803 BREWERTON ROAD,MATTYDALE,NY,13211,FAR ABOVE AVERAGE,,,NO DATA AVAILABLE,INCOMPLETE DATA,NOT ENOUGH DATA,WEAK,WEAK,NOT ENOUGH DATA,STRONG,STRONG,69.4,
E01999,CONTINENTAL SCHOOL OF BEAUTY CULTURE -,215 MAIN STREET,BATAVIA,NY,14020,NO DATA AVAILABLE,24,50,BELOW AVERAGE,STRONG,VERY STRONG,NEUTRAL,NEUTRAL,NEUTRAL,STRONG,STRONG,95.7,95.1
E02126,"JOHN PAOLO'S XTREME BEAUTY INSTITUTE, GO",4948 COMMERCIAL DRIVE,NEW YORK MILLS,NY,13417,AVERAGE,62,68,ABOVE AVERAGE,EXCELLING,STRONG,NEUTRAL,STRONG,NEUTRAL,NOT ENOUGH DATA,NOT ENOUGH DATA,95.8,95.8
E02188,NEW YORK MEDICAL CAREER TRAINING CENTER,500 8TH AVENUE,NEW YORK,NY,10018,AVERAGE,,,NO DATA AVAILABLE,INCOMPLETE DATA,NOT ENOUGH DATA,NOT ENOUGH DATA,NOT ENOUGH DATA,NOT ENOUGH DATA,NOT ENOUGH DATA,NOT ENOUGH DATA,,
G02669,BANK STREET COLLEGE OF EDUCATION,610 W 112TH ST,NEW YORK,NY,10025,NO DATA AVAILABLE,,,FAR BELOW AVERAGE,INCOMPLETE DATA,NEUTRAL,STRONG,STRONG,WEAK,STRONG,VERY STRONG,61.4,
G02674,NEW YORK THEOLOGICAL SEMINARY,475 RIVERSIDE DRIVE,NEW YORK,NY,10115,NO DATA AVAILABLE,88,80,FAR ABOVE AVERAGE,EXCELLING,NEUTRAL,WEAK,WEAK,STRONG,NOT ENOUGH DATA,NOT ENOUGH DATA,95.4,96.1
G02677,BROOKLYN LAW SCHOOL,250 JORALEMON STREET,BROOKLYN,NY,11201,ABOVE AVERAGE,,,BELOW AVERAGE,INCOMPLETE DATA,STRONG,NEUTRAL,NEUTRAL,VERY WEAK,NOT ENOUGH DATA,NOT ENOUGH DATA,92.1,
G02700,COLGATE ROCHESTER CROZER DIVINITY S,1100 S GOODMAN STREET,ROCHESTER,NY,14620,ABOVE AVERAGE,60,13,BELOW AVERAGE,EXCELLING,STRONG,NEUTRAL,STRONG,WEAK,WEAK,WEAK,94.8,95.3
G02726,GENERAL THEOLOGICAL SEMINARY,175 NINTH AVENUE,NEW YORK,NY,10011,AVERAGE,60,8,BELOW AVERAGE,STRONG,STRONG,STRONG,NEUTRAL,NEUTRAL,NOT ENOUGH DATA,NOT ENOUGH DATA,92.9,93.3
G02749,NEW YORK COLLEGE OF PODIATRIC MED,53 EAST 124TH STREET,NEW YORK,NY,10035,BELOW AVERAGE,,,FAR BELOW AVERAGE,INCOMPLETE DATA,STRONG,STRONG,STRONG,WEAK,NOT ENOUGH DATA,NOT ENOUGH DATA,75,
G02783,NEW YORK LAW SCHOOL,57 WORTH ST,NEW YORK,NY,10013,NO DATA AVAILABLE,,,AVERAGE,STRONG,VERY STRONG,VERY STRONG,VERY STRONG,NEUTRAL,NOT ENOUGH DATA,NOT ENOUGH DATA,94.3,
G02784,NEW YORK MEDICAL COLLEGE,ADMINISTRATION BLDG,VALHALLA,NY,10595,FAR ABOVE AVERAGE,,,BELOW AVERAGE,EMERGING,STRONG,WEAK,NEUTRAL,WEAK,NOT ENOUGH DATA,NOT ENOUGH DATA,91,
G02807,ROCKEFELLER UNIVERSITY,1230 YORK AVENUE,NEW YORK,NY,10021,FAR ABOVE AVERAGE,,,BELOW AVERAGE,INCOMPLETE DATA,NEUTRAL,NEUTRAL,NEUTRAL,WEAK,NEUTRAL,NEUTRAL,89.7,
G02822,CHRIST THE KING SEMINARY,711 KNOX ROAD,EAST AURORA,NY,14052,AVERAGE,,,NO DATA AVAILABLE,EXCELLING,STRONG,STRONG,STRONG,NEUTRAL,STRONG,STRONG,87.7,95.1
G02833,ST VLADIMIR ORTHODOX THEOL SEM,575 SCARSDALE RD,CRESTWOOD,NY,10707,NO DATA AVAILABLE,98,99,AVERAGE,EXCELLING,VERY STRONG,STRONG,STRONG,STRONG,STRONG,STRONG,95.4,92.9
G02886,ALBANY LAW SCHOOL,80 NEW SCOTLAND AVE,ALBANY,NY,12208,FAR ABOVE AVERAGE,,,AVERAGE,STRONG,STRONG,VERY WEAK,WEAK,NEUTRAL,NOT ENOUGH DATA,NOT ENOUGH DATA,93.2,95.7
G02887,ALBANY MEDICAL COLLEGE,47 NEW SCOTLAND ADM R214/MC-1,ALBANY,NY,12208,ABOVE AVERAGE,66,20,BELOW AVERAGE,EXCELLING,STRONG,STRONG,NEUTRAL,NEUTRAL,NEUTRAL,STRONG,95.2,95.4
G02890,UNION THEOLOGICAL SEMINARY,3041 BROADWAY,NEW YORK,NY,10027,AVERAGE,70,68,BELOW AVERAGE,EMERGING,STRONG,NEUTRAL,NEUTRAL,WEAK,NEUTRAL,VERY STRONG,94.6,94.2
G03979,COLUMBIA UNIV TEACHERS COLLEGE,525 WEST 120TH STREET BOX 309,NEW YORK,NY,10027,ABOVE AVERAGE,,,BELOW AVERAGE,EXCELLING,NEUTRAL,NEUTRAL,NEUTRAL,WEAK,NOT ENOUGH DATA,NOT ENOUGH DATA,92.7,95.7
G04054,HEBREW UNION COL-JEWISH INST OF REL,ONE WEST 4TH STREET,NEW YORK,NY,10012,BELOW AVERAGE,98,99,ABOVE AVERAGE,EXCELLING,VERY STRONG,NEUTRAL,STRONG,STRONG,STRONG,VERY STRONG,96.2,94.3
G04762,WEILL CORNELL MEDICAL COLLEGE AND GRADUA,1300 YORK AVENUE,NEW YORK,NY,10021,FAR ABOVE AVERAGE,,,BELOW AVERAGE,EXCELLING,STRONG,NEUTRAL,NEUTRAL,WEAK,NOT ENOUGH DATA,NOT ENOUGH DATA,85.2,94.8
G07026,MOUNT SINAI SCHOOL OF MEDICINE,ONE GUSTAVE L LEVY PLACE,NEW YORK,NY,10029,AVERAGE,,,NO DATA AVAILABLE,INCOMPLETE DATA,NOT ENOUGH DATA,NOT ENOUGH DATA,NOT ENOUGH DATA,NOT ENOUGH DATA,NOT ENOUGH DATA,NOT ENOUGH DATA,72.8,
G09895,YESHIVA UNIVERSITY - BRONX CAMPUS,1300 MORRIS PARK AVENUE,BRONX,NY,10461,NO DATA AVAILABLE,,,BELOW AVERAGE,DEVELOPING,STRONG,STRONG,VERY STRONG,WEAK,NOT ENOUGH DATA,NOT ENOUGH DATA,90.1,96
G24601,UNIV OF ROCHESTER SCHL OF MEDICINE,601 ELMWOOD AVE BOX 601,ROCHESTER,NY,14642,BELOW AVERAGE,38,52,BELOW AVERAGE,EXCELLING,NEUTRAL,WEAK,WEAK,WEAK,NOT ENOUGH DATA,NOT ENOUGH DATA,90.6,94.4
G31913,CUNY SCHOOL OF LAW @ QUEENS COLLEGE,65-21 MAIN STREET,FLUSHING,NY,11367,AVERAGE,,,BELOW AVERAGE,STRONG,STRONG,VERY STRONG,VERY STRONG,WEAK,NOT ENOUGH DATA,NOT ENOUGH DATA,89.3,95
G32163,UNIFICATION THEOLOGICAL SEMINARY,30 SEMINARY DRIVE,BARRYTOWN,NY,12507,AVERAGE,70,60,AVERAGE,DEVELOPING,STRONG,WEAK,WEAK,VERY WEAK,NEUTRAL,STRONG,94.9,94.5
G34194,NORTHEASTERN SEMINARY,2265 WESTSIDE DRIVE,ROCHESTER,NY,14624,ABOVE AVERAGE,71,39,AVERAGE,EXCELLING,STRONG,NEUTRAL,NEUTRAL,NEUTRAL,STRONG,STRONG,95.6,94.9
G34433,NEW YORK COLLEGE OF TRADITIONAL CHINESE,155 FIRST STREET,MINEOLA,NY,11501,AVERAGE,42,42,AVERAGE,STRONG,STRONG,NEUTRAL,NEUTRAL,VERY WEAK,NEUTRAL,NEUTRAL,95.9,
G38813,CLARKSON UNIVERSITY - CAPITAL REGION CAM,80 NOTT TERRACE,SCHENECTADY,NY,12308,AVERAGE,,,FAR BELOW AVERAGE,INCOMPLETE DATA,NEUTRAL,STRONG,STRONG,WEAK,NOT ENOUGH DATA,NOT ENOUGH DATA,72,
G41798,SOTHEBY'S INSTITUTE OF ART - NY,"570 LEXINGTON AVENUE, 6TH FLOOR",NEW YORK,NY,10022,NO DATA AVAILABLE,82,37,BELOW AVERAGE,DEVELOPING,NEUTRAL,WEAK,WEAK,WEAK,NOT ENOUGH DATA,NOT ENOUGH DATA,94.6,
G42076,AMERICAN ACADEMY OF PERSONAL TRAINING,138 WEST 14TH STREET,NEW YORK,NY,10011,BELOW AVERAGE,,,BELOW AVERAGE,DEVELOPING,NEUTRAL,WEAK,NEUTRAL,VERY WEAK,NOT ENOUGH DATA,NOT ENOUGH DATA,85.9,94.2
G42238,ELECTRICAL TRAINING CENTER (THE),65 ELM STREET,COPIAGUE,NY,11726,BELOW AVERAGE,75,35,AVERAGE,INCOMPLETE DATA,NOT ENOUGH DATA,NEUTRAL,NEUTRAL,NOT ENOUGH DATA,STRONG,STRONG,95.1,
2665,VAUGHN COLLEGE OF AERONAUTICS AND TECHNO,86-01 23RD AVENUE,EAST ELMHURST,NY,11369,AVERAGE,56,69,BELOW AVERAGE,STRONG,NEUTRAL,STRONG,STRONG,WEAK,NOT ENOUGH DATA,NOT ENOUGH DATA,82.1,93.8
2666,ADELPHI UNIVERSITY,SOUTH AVENUE,GARDEN CITY,NY,11530,BELOW AVERAGE,25,7,BELOW AVERAGE,STRONG,STRONG,NEUTRAL,STRONG,VERY WEAK,NOT ENOUGH DATA,NOT ENOUGH DATA,88.4,93.9
2668,ALFRED UNIVERSITY,STUDENT FIN AID OFC/SAXON DR,ALFRED,NY,14802,BELOW AVERAGE,76,53,AVERAGE,DEVELOPING,STRONG,NEUTRAL,NEUTRAL,NEUTRAL,NOT ENOUGH DATA,NOT ENOUGH DATA,96.2,94.5
2671,BARD COLLEGE,ANNANDALE RD,ANNANDALE-ON-HUDSON,NY,12504,ABOVE AVERAGE,71,68,AVERAGE,STRONG,VERY STRONG,STRONG,STRONG,NEUTRAL,NEUTRAL,NEUTRAL,95.1,95.7
2678,BRYANT & STRATTON COLLEGE,465 MAIN STREET SUITE 400,BUFFALO,NY,14203,ABOVE AVERAGE,83,95,BELOW AVERAGE,EXCELLING,VERY STRONG,STRONG,STRONG,WEAK,NEUTRAL,STRONG,92.8,95.1
2681,CANISIUS COLLEGE,2001 MAIN STREET,BUFFALO,NY,14208,FAR ABOVE AVERAGE,60,81,BELOW AVERAGE,EXCELLING,VERY STRONG,NEUTRAL,STRONG,NEUTRAL,NOT ENOUGH DATA,NOT ENOUGH DATA,94.9,96
2685,CAZENOVIA COLLEGE,22 SULLIVAN STREET,CAZENOVIA,NY,13035,ABOVE AVERAGE,,,BELOW AVERAGE,DEVELOPING,STRONG,NEUTRAL,NEUTRAL,WEAK,NOT ENOUGH DATA,NOT ENOUGH DATA,87,94.9
2686,CITY UNIV OF NEW YORK-CENTRAL,535 EAST 80TH ST,NEW YORK,NY,10021,AVERAGE,78,65,ABOVE AVERAGE,STRONG,STRONG,STRONG,STRONG,STRONG,NEUTRAL,STRONG,95.5,95.3
2687,CUNY-BROOKLYN COLLEGE,BEDFORD AVE AVE H,BROOKLYN,NY,11210,ABOVE AVERAGE,90,88,ABOVE AVERAGE,EXCELLING,VERY STRONG,STRONG,VERY STRONG,NEUTRAL,NOT ENOUGH DATA,NOT ENOUGH DATA,95.9,93.3
2688,CITY COLLEGE-CUNY,138TH ST & CONVENT AVE,NEW YORK,NY,10031,FAR ABOVE AVERAGE,85,93,ABOVE AVERAGE,STRONG,VERY STRONG,NEUTRAL,NEUTRAL,NEUTRAL,NOT ENOUGH DATA,NOT ENOUGH DATA,95.5,96
2689,CUNY-HUNTER COLLEGE,695 PARK AVE,NEW YORK,NY,10021,FAR ABOVE AVERAGE,89,82,AVERAGE,STRONG,VERY STRONG,STRONG,VERY STRONG,NEUTRAL,WEAK,VERY STRONG,94.7,94
2690,QUEENS COLLEGE-CUNY,65-30 KISSENA BLVD,FLUSHING,NY,11367,ABOVE AVERAGE,70,78,FAR ABOVE AVERAGE,EXCELLING,STRONG,NEUTRAL,STRONG,STRONG,NEUTRAL,VERY WEAK,96.4,95
2691,CUNY- BOROUGH OF MANHATTAN CMTY CLG,199 CHAMBERS STREET,NEW YORK,NY,10007,ABOVE AVERAGE,68,55,AVERAGE,STRONG,STRONG,NEUTRAL,STRONG,STRONG,NEUTRAL,NEUTRAL,96,95.1
2692,CUNY BRONX COMMUNITY COLLEGE,UNIVERSITY AVE & WEST 181 ST,BRONX,NY,10453,AVERAGE,97,72,ABOVE AVERAGE,DEVELOPING,VERY STRONG,STRONG,STRONG,NEUTRAL,STRONG,STRONG,96,94.7
2693,CUNY-JOHN JAY CLG CRIMINAL JUSTICE,445 WEST 59TH STREET,NEW YORK,NY,10019,FAR ABOVE AVERAGE,79,30,AVERAGE,EXCELLING,NEUTRAL,NEUTRAL,STRONG,WEAK,STRONG,WEAK,95.4,95.2
2694,KINGSBOROUGH COMMUNITY COLLEGE,2001 ORIENTAL BOULEVARD,BROOKLYN,NY,11235,AVERAGE,90,58,ABOVE AVERAGE,EXCELLING,NEUTRAL,STRONG,STRONG,STRONG,NEUTRAL,NEUTRAL,95.5,96.4
2696,NY CITY COLLEGE OF TECHNOLOGY-CUNY,300 JAY ST /RM NG-13/NAMM HALL,BROOKLYN,NY,11201,ABOVE AVERAGE,94,86,ABOVE AVERAGE,DEVELOPING,VERY STRONG,VERY STRONG,VERY STRONG,NEUTRAL,STRONG,STRONG,96.6,96
2697,QUEENSBOROUGH COMMUNITY COLLEGE,222-05 56TH AVENUE FIN AID OFF,BAYSIDE,NY,11364,FAR ABOVE AVERAGE,83,88,AVERAGE,EMERGING,STRONG,NEUTRAL,NEUTRAL,VERY WEAK,NOT ENOUGH DATA,NOT ENOUGH DATA,94.3,
2698,CUNY THE COLLEGE OF STATEN ISLAND,2800 VICTORY BLVD. 2A-104,STATEN ISLAND,NY,10314,ABOVE AVERAGE,70,35,AVERAGE,EXCELLING,NEUTRAL,WEAK,WEAK,NEUTRAL,NOT ENOUGH DATA,NOT ENOUGH DATA,96.1,
2699,CLARKSON UNIVERSITY,PO BOX 5615,POTSDAM,NY,13699,AVERAGE,85,60,AVERAGE,EXCELLING,VERY STRONG,NEUTRAL,NEUTRAL,VERY STRONG,VERY STRONG,STRONG,97.1,93
2701,COLGATE UNIVERSITY,13 OAK DRIVE,HAMILTON,NY,13346,ABOVE AVERAGE,,,FAR BELOW AVERAGE,INCOMPLETE DATA,STRONG,NEUTRAL,NEUTRAL,WEAK,NOT ENOUGH DATA,NOT ENOUGH DATA,68.5,
2703,COLLEGE OF MOUNT SAINT VINCENT,6301 RIVERDALE AVE,RIVERDALE,NY,10471,NO DATA AVAILABLE,99,81,BELOW AVERAGE,DEVELOPING,STRONG,NEUTRAL,WEAK,NEUTRAL,NEUTRAL,STRONG,95.5,94.8
2704,COLLEGE OF NEW ROCHELLE,CASTLE PLACE,NEW ROCHELLE,NY,10805,FAR ABOVE AVERAGE,93,70,FAR ABOVE AVERAGE,DEVELOPING,NEUTRAL,NEUTRAL,NEUTRAL,NEUTRAL,NOT ENOUGH DATA,NOT ENOUGH DATA,97.9,95.3
2705,COLLEGE OF SAINT ROSE,432 WESTERN AVE,ALBANY,NY,12203,FAR ABOVE AVERAGE,66,78,FAR ABOVE AVERAGE,STRONG,NEUTRAL,STRONG,STRONG,VERY STRONG,NOT ENOUGH DATA,NOT ENOUGH DATA,96.1,95.8
2707,COLUMBIA UNIVERSITY IN THE CITY OF NEW Y,210 KENT HALL,NEW YORK,NY,10027,ABOVE AVERAGE,66,73,FAR ABOVE AVERAGE,EXCELLING,STRONG,STRONG,STRONG,STRONG,NOT ENOUGH DATA,NOT ENOUGH DATA,95.8,96.1
2708,BARNARD COLLEGE-COLUMBIA UNIV,3009 BROADWAY,NEW YORK,NY,10027,ABOVE AVERAGE,,,FAR BELOW AVERAGE,INCOMPLETE DATA,NOT ENOUGH DATA,STRONG,NEUTRAL,NOT ENOUGH DATA,NOT ENOUGH DATA,NOT ENOUGH DATA,62.5,
2709,CONCORDIA COLLEGE,171 WHITE PLAINS ROAD,BRONXVILLE,NY,10708,NO DATA AVAILABLE,64,52,AVERAGE,EXCELLING,STRONG,NEUTRAL,STRONG,STRONG,NEUTRAL,VERY STRONG,95.6,95.3
2710,COOPER UNION,30 COOPER SQUARE,NEW YORK,NY,10003,AVERAGE,56,55,BELOW AVERAGE,STRONG,NOT ENOUGH DATA,STRONG,STRONG,NOT ENOUGH DATA,NEUTRAL,STRONG,94.4,
2711,CORNELL UNIVERSITY,203 DAY HALL,ITHACA,NY,14853,AVERAGE,86,81,ABOVE AVERAGE,DEVELOPING,STRONG,NEUTRAL,STRONG,NEUTRAL,NOT ENOUGH DATA,NOT ENOUGH DATA,95.1,96.8
2712,D'YOUVILLE COLLEGE,320 PORTER AVE,BUFFALO,NY,14201,ABOVE AVERAGE,,,NO DATA AVAILABLE,EMERGING,NOT ENOUGH DATA,NOT ENOUGH DATA,NOT ENOUGH DATA,NOT ENOUGH DATA,NOT ENOUGH DATA,NOT ENOUGH DATA,70.5,
2713,DOMINICAN COLLEGE,470 WESTERN HIGHWAY,ORANGEBURG,NY,10962,NO DATA AVAILABLE,92,52,AVERAGE,EXCELLING,STRONG,STRONG,STRONG,STRONG,NOT ENOUGH DATA,NOT ENOUGH DATA,96.1,96.1
2718,ELMIRA COLLEGE,1 PARK PLACE,ELMIRA,NY,14901,ABOVE AVERAGE,60,69,BELOW AVERAGE,EXCELLING,STRONG,NEUTRAL,NEUTRAL,VERY WEAK,NOT ENOUGH DATA,NOT ENOUGH DATA,93.7,94.7
2722,FORDHAM UNIVERSITY,441 E FORDHAM ROAD,BRONX,NY,10458,AVERAGE,,,ABOVE AVERAGE,EXCELLING,VERY STRONG,NEUTRAL,NEUTRAL,NEUTRAL,NOT ENOUGH DATA,NOT ENOUGH DATA,92.1,95
2727,PACE UNIVERSITY - WHITE PLAINS,78 N. BROADWAY,WHITE PLAINS,NY,10603,ABOVE AVERAGE,83,81,BELOW AVERAGE,EXCELLING,VERY STRONG,STRONG,STRONG,NEUTRAL,WEAK,STRONG,95.5,97.1
2728,HAMILTON COLLEGE,198 COLLEGE HILL ROAD,CLINTON,NY,13323,ABOVE AVERAGE,85,60,FAR ABOVE AVERAGE,EXCELLING,VERY STRONG,STRONG,STRONG,STRONG,VERY STRONG,VERY STRONG,95.5,96.3
2729,HARTWICK COLLEGE,**,ONEONTA,NY,13820,ABOVE AVERAGE,79,76,BELOW AVERAGE,DEVELOPING,VERY STRONG,VERY STRONG,VERY STRONG,NEUTRAL,NOT ENOUGH DATA,NOT ENOUGH DATA,95,95.3
2731,HOBART & WILLIAM SMITH COLLEGES,337 PULTENEY,GENEVA,NY,14456,AVERAGE,85,99,BELOW AVERAGE,INCOMPLETE DATA,STRONG,STRONG,VERY STRONG,WEAK,WEAK,STRONG,94.3,94.4
2732,HOFSTRA UNIVERSITY,126 HOFSTRA UNIVERSITY,HEMPSTEAD,NY,11549,FAR ABOVE AVERAGE,34,22,AVERAGE,EXCELLING,STRONG,STRONG,VERY STRONG,STRONG,NOT ENOUGH DATA,NOT ENOUGH DATA,95.8,94.5
2734,HOUGHTON COLLEGE,1 WILLARD AVE.,HOUGHTON,NY,14744,BELOW AVERAGE,64,55,AVERAGE,EXCELLING,NEUTRAL,NEUTRAL,NEUTRAL,WEAK,NEUTRAL,NEUTRAL,95.9,95.2
2735,HILBERT COLLEGE,5200 SO PARK AVE,HAMBURG,NY,14075,AVERAGE,64,39,AVERAGE,EXCELLING,STRONG,STRONG,STRONG,NEUTRAL,NEUTRAL,WEAK,97.2,94.4
2737,IONA COLLEGE,715 NORTH AVENUE,NEW ROCHELLE,NY,10801,AVERAGE,73,73,AVERAGE,EXCELLING,STRONG,NEUTRAL,NEUTRAL,NEUTRAL,WEAK,WEAK,95.6,93.4
2739,ITHACA COLLEGE,FINANCIAL AID- 330 EGBERT HALL,ITHACA,NY,14850,ABOVE AVERAGE,78,45,ABOVE AVERAGE,EXCELLING,NEUTRAL,VERY WEAK,VERY WEAK,NEUTRAL,NOT ENOUGH DATA,NOT ENOUGH DATA,95.1,
2740,JEWISH THEOLOGICAL SEMINARY OF AMER,3080 BROADWAY,NEW YORK,NY,10027,ABOVE AVERAGE,54,19,FAR ABOVE AVERAGE,EMERGING,VERY STRONG,STRONG,VERY STRONG,NEUTRAL,STRONG,STRONG,95.1,94.9
2742,THE JUILLIARD SCHOOL,60 LINCOLN CENTER PLAZA,NEW YORK,NY,10023,AVERAGE,78,77,BELOW AVERAGE,DEVELOPING,VERY STRONG,STRONG,STRONG,VERY WEAK,NOT ENOUGH DATA,NOT ENOUGH DATA,93.6,
2744,KEUKA COLLEGE,141 CENTRAL AVENUE,KEUKA PARK,NY,14478,ABOVE AVERAGE,82,50,AVERAGE,STRONG,VERY STRONG,STRONG,STRONG,NEUTRAL,NEUTRAL,VERY STRONG,95.5,95.7
2748,LEMOYNE COLLEGE,1419 SALT SPRING ROAD,SYRACUSE,NY,13214,ABOVE AVERAGE,66,58,AVERAGE,EXCELLING,STRONG,STRONG,STRONG,WEAK,NOT ENOUGH DATA,NOT ENOUGH DATA,95.4,95
2751,LONG ISLAND UNIVERSITY,UNIVERSITY CENTER,BROOKVILLE,NY,11548,AVERAGE,99,92,AVERAGE,EXCELLING,VERY STRONG,STRONG,VERY STRONG,WEAK,VERY STRONG,VERY STRONG,96,95.2
2758,MANHATTAN COLLEGE,4513 MANHATTAN COLLEGE PKWY,RIVERDALE,NY,10471,FAR ABOVE AVERAGE,75,84,ABOVE AVERAGE,STRONG,STRONG,WEAK,NEUTRAL,NEUTRAL,NOT ENOUGH DATA,NOT ENOUGH DATA,96.5,94.7
2759,MANHATTAN SCHOOL OF MUSIC,120 CLAREMONT AVE,NEW YORK,NY,10027,ABOVE AVERAGE,73,27,ABOVE AVERAGE,EXCELLING,STRONG,STRONG,STRONG,VERY STRONG,NOT ENOUGH DATA,NOT ENOUGH DATA,95.8,96.2
2760,MANHATTANVILLE COLLEGE,2900 PURCHASE STREET,PURCHASE,NY,10577,AVERAGE,79,70,BELOW AVERAGE,DEVELOPING,STRONG,NEUTRAL,NEUTRAL,VERY WEAK,STRONG,STRONG,93.9,94.2
2763,MARIA COLLEGE,700 NEW SCOTLAND AVENUE,ALBANY,NY,12208,ABOVE AVERAGE,,,AVERAGE,INCOMPLETE DATA,VERY STRONG,NEUTRAL,STRONG,NEUTRAL,NOT ENOUGH DATA,NOT ENOUGH DATA,94.2,
2765,MARIST COLLEGE,3399 NORTH ROAD,POUGHKEEPSIE,NY,12601,FAR ABOVE AVERAGE,79,60,FAR ABOVE AVERAGE,EXCELLING,NEUTRAL,WEAK,NEUTRAL,VERY STRONG,NOT ENOUGH DATA,NOT ENOUGH DATA,95.9,95.9
2769,MARYMOUNT MANHATTAN COLLEGE,221 EAST 71 STREET,NEW YORK,NY,10021,ABOVE AVERAGE,,,BELOW AVERAGE,STRONG,STRONG,STRONG,STRONG,VERY WEAK,NOT ENOUGH DATA,NOT ENOUGH DATA,87.3,94.1
2772,MERCY COLLEGE,555 BROADWAY,DOBBS FERRY,NY,10522,AVERAGE,,,FAR BELOW AVERAGE,EMERGING,STRONG,STRONG,VERY STRONG,WEAK,NOT ENOUGH DATA,NOT ENOUGH DATA,78.9,93.8
2775,MOLLOY COLLEGE,1000 HEMPSTEAD AVE,ROCKVILLE CENTRE,NY,11570,FAR BELOW AVERAGE,78,61,AVERAGE,STRONG,STRONG,STRONG,STRONG,WEAK,STRONG,STRONG,95.6,95.3
2777,MEDAILLE COLLEGE,18 AGASSIZ CIRCLE,BUFFALO,NY,14214,ABOVE AVERAGE,,,FAR BELOW AVERAGE,DEVELOPING,STRONG,STRONG,STRONG,WEAK,STRONG,STRONG,80.8,95.6
2778,MOUNT SAINT MARY COLLEGE,FIN AID OFF-330 POWELL AVE,NEWBURGH,NY,12550,BELOW AVERAGE,,,FAR BELOW AVERAGE,DEVELOPING,NEUTRAL,WEAK,NEUTRAL,VERY WEAK,NOT ENOUGH DATA,NOT ENOUGH DATA,80.5,94.1
2779,NAZARETH COLLEGE OF ROCHESTER,4245 EAST AVE,ROCHESTER,NY,14618,BELOW AVERAGE,73,31,BELOW AVERAGE,DEVELOPING,STRONG,NEUTRAL,NEUTRAL,WEAK,NOT ENOUGH DATA,NOT ENOUGH DATA,94,93.9
2780,THE NEW SCHOOL,66 W 12TH STREET,NEW YORK,NY,10011,AVERAGE,78,55,AVERAGE,EXCELLING,STRONG,NEUTRAL,STRONG,NEUTRAL,STRONG,NEUTRAL,95.1,95
2782,NEW YORK INSTITUTE OF TECHNOLOGY,2 NORTHERN BOULEVARD,OLD WESTBURY,NY,11568,ABOVE AVERAGE,,,FAR BELOW AVERAGE,INCOMPLETE DATA,STRONG,WEAK,NEUTRAL,WEAK,NOT ENOUGH DATA,NOT ENOUGH DATA,67.7,
2785,NEW YORK UNIVERSITY,70 WASHINGTON SQUARE SOUTH,NEW YORK,NY,10012,NO DATA AVAILABLE,,,BELOW AVERAGE,EXCELLING,NEUTRAL,NEUTRAL,NEUTRAL,WEAK,NOT ENOUGH DATA,NOT ENOUGH DATA,89.9,94.8
2788,NIAGARA UNIVERSITY,**,NIAGARA UNIVERSITY,NY,14109,AVERAGE,91,81,FAR ABOVE AVERAGE,EXCELLING,STRONG,NEUTRAL,NEUTRAL,STRONG,NEUTRAL,STRONG,96,96.2
2790,NYACK COLLEGE,1 SOUTH BLVD,NYACK,NY,10960,FAR ABOVE AVERAGE,56,22,BELOW AVERAGE,STRONG,STRONG,VERY STRONG,VERY STRONG,STRONG,STRONG,NEUTRAL,95.3,95.7
2791,PACE UNIVERSITY - NEW YORK,ONE PACE PLAZA,NEW YORK,NY,10038,AVERAGE,12,8,AVERAGE,INCOMPLETE DATA,NEUTRAL,STRONG,STRONG,WEAK,NOT ENOUGH DATA,NOT ENOUGH DATA,96.7,
B42154,GRACE SCHOOL OF THEOLOGY,3705 COLLEGE PARK DR,CONROE,TX,77384,BELOW AVERAGE,52,22,BELOW AVERAGE,STRONG,VERY STRONG,NEUTRAL,NEUTRAL,NEUTRAL,STRONG,STRONG,93.7,
E00673,REMINGTON COLLEGE - FT. WORTH CAMPUS,300 EAST LOOP 820,FT. WORTH,TX,76112,AVERAGE,,,ABOVE AVERAGE,EXCELLING,VERY STRONG,VERY STRONG,VERY STRONG,NEUTRAL,NOT ENOUGH DATA,NOT ENOUGH DATA,94.5,
E00711,INTERACTIVE LEARNING SYSTEMS,6200 HILLCROFT AVENUE SUITE 200,HOUSTON,TX,77081,FAR ABOVE AVERAGE,50,52,AVERAGE,EXCELLING,VERY STRONG,NEUTRAL,NEUTRAL,NEUTRAL,WEAK,NEUTRAL,94.8,96.2
E00819,SOUTHERN CAREERS INSTITUTE-PHARR,1414 NORTH JACKSON ROAD,PHARR,TX,78577,AVERAGE,78,66,FAR ABOVE AVERAGE,DEVELOPING,STRONG,STRONG,STRONG,NEUTRAL,WEAK,NEUTRAL,95.6,95.1
E00820,SOUTHERN CAREERS INSTITUTE - CORPUS CHRI,2422 AIRLINE ROAD,CORPUS CHRISTI,TX,78414,ABOVE AVERAGE,,,BELOW AVERAGE,INCOMPLETE DATA,STRONG,NEUTRAL,NEUTRAL,VERY WEAK,NEUTRAL,NEUTRAL,91.2,
E00821,SOUTHERN CAREERS INSTITUTE - SAN ANTONIO,238 SOUTHWEST MILITARY DRIVE,SAN ANTONIO,TX,78221,AVERAGE,83,66,AVERAGE,STRONG,NEUTRAL,NEUTRAL,NEUTRAL,NEUTRAL,WEAK,STRONG,95.9,94.8
E00978,KAPLAN COLLEGE - BEAUMONT,PARKDALE MALL,BEAUMONT,TX,77706,ABOVE AVERAGE,78,43,ABOVE AVERAGE,EXCELLING,VERY STRONG,VERY STRONG,VERY STRONG,VERY STRONG,WEAK,WEAK,95.5,95.7
E01008,VIRGINIA COLLEGE - VIRGINIA COLLEGE AT A,6301 EAST HIGHWAY 290,AUSTIN,TX,78723,ABOVE AVERAGE,99,98,FAR ABOVE AVERAGE,DEVELOPING,VERY STRONG,STRONG,STRONG,NEUTRAL,STRONG,VERY STRONG,95.9,93.6
E01009,KAPLAN COLLEGE - LAREDO,6410 MCPHERSON ROAD,LAREDO,TX,78041,FAR ABOVE AVERAGE,,,FAR ABOVE AVERAGE,EXCELLING,VERY STRONG,STRONG,STRONG,STRONG,NOT ENOUGH DATA,NOT ENOUGH DATA,92.9,95.4
E01021,KAPLAN COLLEGE - CAREER CENTERS OF TEXAS,1620 SOUTH PADRE ISLAND DRIVE,CORPUS CHRISTI,TX,78416,FAR ABOVE AVERAGE,79,98,ABOVE AVERAGE,DEVELOPING,NEUTRAL,NEUTRAL,STRONG,NEUTRAL,NOT ENOUGH DATA,NOT ENOUGH DATA,96,95.2
E01023,KAPLAN COLLEGE - BROWNSVILLE,1900 N. EXPRESSWAY,BROWNSVILLE,TX,78521,FAR ABOVE AVERAGE,,,BELOW AVERAGE,DEVELOPING,STRONG,WEAK,NEUTRAL,VERY WEAK,NOT ENOUGH DATA,NOT ENOUGH DATA,87.5,94
E01027,KAPLAN COLLEGE - MCALLEN,1500 SOUTH JACKSON ROAD,MCALLEN,TX,78503,BELOW AVERAGE,70,39,AVERAGE,EXCELLING,STRONG,STRONG,STRONG,STRONG,NEUTRAL,STRONG,95,95.5
E01030,INTERACTIVE LEARNING SYSTEMS,256 NORTH SAM HOUSTON PARKWAY,HOUSTON,TX,77060,AVERAGE,1,20,AVERAGE,EXCELLING,NOT ENOUGH DATA,VERY STRONG,VERY STRONG,NOT ENOUGH DATA,VERY STRONG,STRONG,96.1,
E01051,AMERICAN INTERCONTINENTAL UNIV - HOUSTON,9999 RICHMOND ROAD,HOUSTON,TX,77042,BELOW AVERAGE,54,55,FAR ABOVE AVERAGE,EXCELLING,NEUTRAL,WEAK,WEAK,NEUTRAL,NOT ENOUGH DATA,NOT ENOUGH DATA,95.4,94.3
E01057,KAPLAN COLLEGE - LUBBOCK,1421 9TH STREET,LUBBOCK,TX,79401,AVERAGE,25,63,AVERAGE,INCOMPLETE DATA,NOT ENOUGH DATA,NEUTRAL,NEUTRAL,NOT ENOUGH DATA,NOT ENOUGH DATA,NOT ENOUGH DATA,96.3,
E01104,KAPLAN COLLEGE - CAREER CENTERS OF TEXAS,2001 BEACH STREET,FORT WORTH,TX,76103,AVERAGE,98,93,ABOVE AVERAGE,DEVELOPING,STRONG,STRONG,VERY STRONG,NEUTRAL,STRONG,VERY STRONG,96.3,95.8
E01173,REMINGTON COLLEGE - NORTH HOUSTON CAMPUS,11310 GREENS CROSSING BOULEVARD,HOUSTON,TX,77067,FAR ABOVE AVERAGE,68,60,BELOW AVERAGE,EMERGING,NEUTRAL,WEAK,VERY WEAK,WEAK,NOT ENOUGH DATA,NOT ENOUGH DATA,93.6,95.6
E01195,TEXAS SCHOOL OF BUSINESS - FRIENDSWOOD C,BAYWOOD PLAZA,FRIENDSWOOD,TX,77546,AVERAGE,8,4,BELOW AVERAGE,STRONG,WEAK,WEAK,NEUTRAL,WEAK,STRONG,NEUTRAL,94.8,96.7
E01258,INTERNATIONAL ACADEMY OF DESIGN & TECHNO,4511 HORIZON HILL BOULEVARD,SAN ANTONIO,TX,78229,FAR BELOW AVERAGE,83,92,AVERAGE,EXCELLING,VERY STRONG,STRONG,VERY STRONG,NEUTRAL,NEUTRAL,NEUTRAL,95.2,94.9
E01300,SOUTH TEXAS VOCATIONAL TECHNICAL INSTITU,2144 CENTRAL BOULEVARD,BROWNSVILLE,TX,78520,FAR ABOVE AVERAGE,82,85,ABOVE AVERAGE,EXCELLING,STRONG,STRONG,STRONG,NEUTRAL,NOT ENOUGH DATA,NOT ENOUGH DATA,95.5,95.2
E01301,SOUTHWEST SCHOOL OF BUSINESS AND TECHNIC,3900 NORTH 23RD STREET,MCALLEN,TX,78501,ABOVE AVERAGE,64,42,AVERAGE,EXCELLING,NEUTRAL,NEUTRAL,NEUTRAL,WEAK,NEUTRAL,NEUTRAL,95.6,
E01320,EVEREST COLLEGE - DALLAS,6080 NORTH CENTRAL EXPRESSWAY,DALLAS,TX,75206,AVERAGE,85,35,AVERAGE,STRONG,NEUTRAL,WEAK,WEAK,WEAK,WEAK,WEAK,94.5,95.6
E01322,EVEREST INSTITUTE - BISSONNET,9700 BISSONNET STREET,HOUSTON,TX,77036,AVERAGE,64,23,FAR BELOW AVERAGE,DEVELOPING,WEAK,WEAK,WEAK,VERY WEAK,NOT ENOUGH DATA,NOT ENOUGH DATA,91.4,94.2
E01338,EVEREST COLLEGE - ARLINGTON,"300 SIX FLAGS DRIVE, SUITE 100",ARLINGTON,TX,76011,AVERAGE,,,BELOW AVERAGE,INCOMPLETE DATA,VERY WEAK,WEAK,NEUTRAL,STRONG,NOT ENOUGH DATA,NOT ENOUGH DATA,43.6,
E01340,EVEREST INSTITUTE - HOUSTON GREENSPOINT,255 NORTHPOINT DRIVE,HOUSTON,TX,77060,NO DATA AVAILABLE,46,65,BELOW AVERAGE,INCOMPLETE DATA,NOT ENOUGH DATA,NOT ENOUGH DATA,NOT ENOUGH DATA,NOT ENOUGH DATA,NOT ENOUGH DATA,NOT ENOUGH DATA,93.8,
E01341,EVEREST INSTITUTE - HOUSTON HOBBY,7151 OFFICE CITY DRIVE,HOUSTON,TX,77087,ABOVE AVERAGE,71,55,AVERAGE,EXCELLING,NEUTRAL,NEUTRAL,NEUTRAL,NEUTRAL,NOT ENOUGH DATA,NOT ENOUGH DATA,96.3,
E01343,EVEREST INSTITUTE- AUSTIN,9100 US HIGHWAY 290 EAST,AUSTIN,TX,78754,ABOVE AVERAGE,75,61,BELOW AVERAGE,DEVELOPING,VERY STRONG,STRONG,NEUTRAL,STRONG,NEUTRAL,NEUTRAL,94.7,93.4
E01378,INSTITUTE FOR BUSINESS & TECHNOLOGY - LA,5819 NORTHWEST LOOP 410,SAN ANTONIO,TX,78230,ABOVE AVERAGE,89,61,AVERAGE,STRONG,STRONG,NEUTRAL,STRONG,WEAK,NOT ENOUGH DATA,NOT ENOUGH DATA,93.9,
E01598,MEDIATECH INSTITUTE - AUSTIN,200 ACADEMY SUITE A,AUSTIN,TX,78704,ABOVE AVERAGE,96,96,ABOVE AVERAGE,EMERGING,VERY STRONG,STRONG,STRONG,NEUTRAL,VERY STRONG,STRONG,95.1,95.2
E01599,MEDIATECH INSTITUTE - HOUSTON,3324 WALNUT BEND LANE,HOUSTON,TX,77042,FAR ABOVE AVERAGE,,,BELOW AVERAGE,DEVELOPING,STRONG,WEAK,NEUTRAL,VERY WEAK,STRONG,VERY STRONG,95.9,
E01600,FORTIS COLLEGE - FORTIS INSTITUTE,401 EAST PALACE PARKWAY,GRAND PRAIRIE,TX,75050,BELOW AVERAGE,62,35,BELOW AVERAGE,EMERGING,NOT ENOUGH DATA,NOT ENOUGH DATA,NOT ENOUGH DATA,NOT ENOUGH DATA,WEAK,NEUTRAL,96.1,
E01618,COMPUTER CAREER CENTER - AMARILLO CAMPUS,701 SOUTH TAYLOR STREET B-190,AMARILLO,TX,79101,AVERAGE,54,57,ABOVE AVERAGE,EXCELLING,STRONG,VERY STRONG,VERY STRONG,STRONG,NOT ENOUGH DATA,NOT ENOUGH DATA,96.4,96.6
E01648,COMPUTER CAREER CENTER - LUBBOCK CAMPUS,"4620 50TH STREET, SUITE 9",LUBBOCK,TX,79414,AVERAGE,58,61,BELOW AVERAGE,STRONG,NEUTRAL,NEUTRAL,NEUTRAL,WEAK,NOT ENOUGH DATA,NOT ENOUGH DATA,95.3,95.4
E01653,SOUTH TEXAS VOCATIONAL TECHNICAL INSTITU,2000 S. PADRE ISLAND DRIVE,CORPUS CHRISTI,TX,78416,AVERAGE,87,97,FAR ABOVE AVERAGE,EXCELLING,VERY STRONG,NEUTRAL,NEUTRAL,NEUTRAL,NOT ENOUGH DATA,NOT ENOUGH DATA,94.1,95.3
E01688,SOUTHERN CAREERS INSTITUTE - BROWNSVILLE,"1424 W. PRICE ROAD, STE. K",BROWNSVILLE,TX,78520,ABOVE AVERAGE,96,93,ABOVE AVERAGE,EXCELLING,VERY STRONG,STRONG,VERY STRONG,NEUTRAL,NOT ENOUGH DATA,NOT ENOUGH DATA,95.1,96.1
E01689,SOUTHERN CAREERS INSTITUTE - HARLINGEN,603 ED CAREY DRIVE,HARLINGEN,TX,78550,FAR ABOVE AVERAGE,92,91,AVERAGE,STRONG,NEUTRAL,NEUTRAL,NEUTRAL,NEUTRAL,NOT ENOUGH DATA,NOT ENOUGH DATA,94.9,94.7
E01845,KAPLAN COLLEGE - ARLINGTON,2241 S. WATSON ROAD,ARLINGTON,TX,76010,FAR ABOVE AVERAGE,95,72,BELOW AVERAGE,DEVELOPING,STRONG,STRONG,STRONG,WEAK,NEUTRAL,NEUTRAL,94.3,94.9
E01874,EVEREST COLLEGE - FORT WORTH SOUTH,"4200 SOUTH FREEWAY, SUITE 1940",FORT WORTH,TX,76115,FAR ABOVE AVERAGE,,,ABOVE AVERAGE,EXCELLING,STRONG,NOT ENOUGH DATA,NOT ENOUGH DATA,WEAK,NOT ENOUGH DATA,NOT ENOUGH DATA,90.5,95
E02074,UTAH COLLEGE OF MASSAGE THERAPY - TEXAS,1055 S. SHERMAN STREET,RICHARDSON,TX,75801,ABOVE AVERAGE,91,70,AVERAGE,EXCELLING,NEUTRAL,VERY WEAK,WEAK,WEAK,NEUTRAL,NEUTRAL,96.5,96.9
E02094,VISTA COLLEGE - BEAUMONT,"3871 STAGG DRIVE, SUITE 186",BEAUMONT,TX,77701,FAR ABOVE AVERAGE,98,80,ABOVE AVERAGE,EXCELLING,VERY STRONG,STRONG,VERY STRONG,STRONG,VERY STRONG,VERY STRONG,94.5,95.8
E02095,VISTA COLLEGE - LONGVIEW,1905 WEST LOOP 281,LONGVIEW,TX,75604,FAR ABOVE AVERAGE,75,60,FAR ABOVE AVERAGE,EXCELLING,STRONG,STRONG,STRONG,STRONG,STRONG,STRONG,97.1,95.5
E02098,TEXAS BARBER COLLEGES & HAIRSTYLING SCHO,9888 FERGUSON,DALLAS,TX,75228,ABOVE AVERAGE,81,66,AVERAGE,DEVELOPING,VERY STRONG,VERY STRONG,VERY STRONG,STRONG,STRONG,STRONG,96.2,94.6
E02099,TEXAS BARBER COLLEGES & HAIRSTYLING SCHO,5148 SOUTH LANCASTER,DALLAS,TX,75241,ABOVE AVERAGE,,,NO DATA AVAILABLE,DEVELOPING,VERY STRONG,VERY STRONG,STRONG,NEUTRAL,VERY STRONG,VERY STRONG,89.2,93.3
E02100,TEXAS BARBER COLLEGES & HAIRSTYLING SCHO,610 C WEST CAVALCADE,HOUSTON,TX,77009,NO DATA AVAILABLE,,,NO DATA AVAILABLE,EMERGING,WEAK,WEAK,WEAK,WEAK,NOT ENOUGH DATA,NOT ENOUGH DATA,98,92.5
E02134,UTAH COLLEGE OF MASSAGE THERAPY - TEXAS,13163 NORTHWEST FREEWAY STE. A,HOUSTON,TX,77040,NO DATA AVAILABLE,,,BELOW AVERAGE,INCOMPLETE DATA,WEAK,NOT ENOUGH DATA,NOT ENOUGH DATA,WEAK,NOT ENOUGH DATA,NOT ENOUGH DATA,,
E02135,SOUTH UNIVERSITY - AUSTIN,7700 WEST PARMER LANE,AUSTIN,TX,78729,NO DATA AVAILABLE,56,47,AVERAGE,EXCELLING,NOT ENOUGH DATA,STRONG,STRONG,NOT ENOUGH DATA,VERY STRONG,NEUTRAL,95.3,96.2
E02158,VISTA COLLEGE - KILLEEN,1001 SOUTH FORT HOOD STREET,KILLEEN,TX,76541,AVERAGE,99,99,FAR ABOVE AVERAGE,EXCELLING,VERY STRONG,STRONG,STRONG,NEUTRAL,WEAK,NEUTRAL,95.4,94.9
E02174,SOUTHERN CAREERS INSTITUTE - SAN ANTONIO,6963 NW LOOP 410,SAN ANTONIO,TX,78238,FAR ABOVE AVERAGE,73,25,BELOW AVERAGE,INCOMPLETE DATA,STRONG,NEUTRAL,STRONG,WEAK,NOT ENOUGH DATA,NOT ENOUGH DATA,92.5,
E02177,PCI HEALTH TRAINING CENTER - RICHARDSON,1300 INTERNATIONAL PARKWAY,RICHARDSON,TX,75081,ABOVE AVERAGE,38,34,AVERAGE,EMERGING,WEAK,VERY WEAK,VERY WEAK,WEAK,NOT ENOUGH DATA,NOT ENOUGH DATA,96,
E02191,MYCOMPUTERCAREER.COM - DALLAS,545 EAST JOHN CARPENTER FREEWAY,IRVING,TX,75062,BELOW AVERAGE,85,84,FAR ABOVE AVERAGE,EMERGING,STRONG,NEUTRAL,STRONG,NEUTRAL,VERY STRONG,NEUTRAL,96.8,94.8
E02192,MYCOMPUTERCAREER.COM - HOUSTON,5177 RICHMOND AVENUE,HOUSTON,TX,77056,ABOVE AVERAGE,98,94,AVERAGE,EXCELLING,VERY STRONG,STRONG,STRONG,NEUTRAL,STRONG,STRONG,97.4,93.7
E40388,VISTA COLLEGE - COLLEGE STATION,2704 TEXAS AVENUE SOUTH,COLLEGE STATION,TX,77840,FAR ABOVE AVERAGE,25,20,FAR BELOW AVERAGE,EXCELLING,VERY STRONG,NEUTRAL,NEUTRAL,NEUTRAL,STRONG,STRONG,95.1,94.5
E40436,FLORIDA CAREER COLLEGE - UEI COLLEGE - H,70-A FARM TO MARKET ROAD 1960 WEST,HOUSTON,TX,77090,BELOW AVERAGE,,,BELOW AVERAGE,STRONG,VERY STRONG,STRONG,VERY STRONG,WEAK,NEUTRAL,NEUTRAL,90.6,95.3
G03544,AUSTIN PRESBYTERIAN THEOLOGICAL SEM,100 E 27TH ST,AUSTIN,TX,78705,BELOW AVERAGE,79,35,AVERAGE,EXCELLING,NEUTRAL,STRONG,STRONG,WEAK,NOT ENOUGH DATA,NOT ENOUGH DATA,94,95.1
G03562,DALLAS THEOLOGICAL SEM,3909 SWISS AVENUE,DALLAS,TX,75204,AVERAGE,86,65,BELOW AVERAGE,EXCELLING,STRONG,WEAK,NEUTRAL,NEUTRAL,NEUTRAL,NEUTRAL,94.1,94.1
G03566,EPISCOPAL THEOLOGICAL SEMINARY OF THE SO,501 E 32ND STREET,AUSTIN,TX,78705,ABOVE AVERAGE,70,77,BELOW AVERAGE,STRONG,VERY STRONG,NEUTRAL,STRONG,WEAK,NOT ENOUGH DATA,NOT ENOUGH DATA,94.3,93.3
G03595,OBLATE SCHOOL OF THEOLOGY,285 OBLATE DR,SAN ANTONIO,TX,78216,ABOVE AVERAGE,,,FAR BELOW AVERAGE,INCOMPLETE DATA,NEUTRAL,NEUTRAL,WEAK,WEAK,VERY STRONG,VERY STRONG,61.1,
G04977,SOUTH TEXAS COLLEGE OF LAW,1303 SAN JACINTO STREET,HOUSTON,TX,77002,NO DATA AVAILABLE,70,55,ABOVE AVERAGE,EXCELLING,STRONG,NEUTRAL,NEUTRAL,NEUTRAL,NEUTRAL,VERY WEAK,95.4,94.8
G23202,HOUSTON GRADUATE SCHOOL OF THEOLOGY,4300-C WEST BELLFORT STREET,HOUSTON,TX,77035,ABOVE AVERAGE,73,72,AVERAGE,STRONG,STRONG,STRONG,STRONG,NEUTRAL,NEUTRAL,NEUTRAL,96.1,95
G41527,ASTRODOME CAREER CENTERS,"2646 SOUTH LOOP WEST, SUITE 415",HOUSTON,TX,77054,ABOVE AVERAGE,,,NO DATA AVAILABLE,INCOMPLETE DATA,NEUTRAL,NEUTRAL,STRONG,NEUTRAL,NOT ENOUGH DATA,NOT ENOUGH DATA,71.9,
3537,ABILENE CHRISTIAN UNIVERSITY,1600 CAMPUS COURT,ABILENE,TX,79699,NO DATA AVAILABLE,25,47,BELOW AVERAGE,STRONG,VERY STRONG,NEUTRAL,STRONG,WEAK,NEUTRAL,NEUTRAL,90.4,93.5
3539,ALVIN COMMUNITY COLLEGE,3110 MUSTANG RD,ALVIN,TX,77511,AVERAGE,78,82,AVERAGE,EXCELLING,NOT ENOUGH DATA,VERY STRONG,VERY STRONG,NOT ENOUGH DATA,STRONG,STRONG,95.9,94.5
3540,AMARILLO COLLEGE,2201 SOUTH WASHINGTON,AMARILLO,TX,79109,ABOVE AVERAGE,88,22,AVERAGE,DEVELOPING,VERY STRONG,STRONG,VERY STRONG,NEUTRAL,STRONG,STRONG,93.5,94
3541,ANGELO STATE UNIVERSITY,2601 WEST AVENUE N,SAN ANGELO,TX,76909,AVERAGE,93,75,AVERAGE,EXCELLING,STRONG,STRONG,VERY STRONG,NEUTRAL,NOT ENOUGH DATA,NOT ENOUGH DATA,96.5,95.9
3543,AUSTIN COLLEGE,900 NORTH GRAND,SHERMAN,TX,75090,FAR ABOVE AVERAGE,83,86,BELOW AVERAGE,EXCELLING,VERY STRONG,STRONG,STRONG,STRONG,NEUTRAL,VERY STRONG,96.2,96.7
3545,BAYLOR UNIVERSITY,PO BOX 97028,WACO,TX,76798,ABOVE AVERAGE,93,77,AVERAGE,DEVELOPING,STRONG,NEUTRAL,STRONG,STRONG,NEUTRAL,NEUTRAL,95.5,94.6
3546,COASTAL BEND COLLEGE,3800 CHARCO ROAD,BEEVILLE,TX,78102,FAR ABOVE AVERAGE,,,BELOW AVERAGE,DEVELOPING,STRONG,VERY STRONG,VERY STRONG,NEUTRAL,NOT ENOUGH DATA,NOT ENOUGH DATA,91.5,
3549,BLINN COLLEGE,902 COLLEGE AVE,BRENHAM,TX,77833,BELOW AVERAGE,82,68,AVERAGE,DEVELOPING,VERY STRONG,NEUTRAL,NEUTRAL,STRONG,STRONG,NEUTRAL,96.3,94.9
3553,CISCO JUNIOR COLLEGE,101 COLLEGE HEIGHTS,CISCO,TX,76437,ABOVE AVERAGE,,,NO DATA AVAILABLE,INCOMPLETE DATA,STRONG,NEUTRAL,NEUTRAL,NEUTRAL,VERY STRONG,VERY STRONG,91.9,
3554,CLARENDON COLLEGE,1122 COLLEGE DRIVE,CLARENDON,TX,79226,NO DATA AVAILABLE,71,57,AVERAGE,STRONG,NEUTRAL,NEUTRAL,STRONG,NEUTRAL,STRONG,STRONG,96.4,95.6
3556,COMMONWEALTH INST OF FUNERAL SVC,415 BARREN SPRINGS DRIVE,HOUSTON,TX,77090,ABOVE AVERAGE,88,40,AVERAGE,DEVELOPING,VERY STRONG,STRONG,VERY STRONG,NEUTRAL,STRONG,VERY STRONG,93.9,95.5
3557,CONCORDIA UNIVERSITY TEXAS,11400 CONCORDIA UNIVERSITY DRIVE,AUSTIN,TX,78726,ABOVE AVERAGE,82,81,FAR ABOVE AVERAGE,EXCELLING,NEUTRAL,NEUTRAL,NEUTRAL,NEUTRAL,WEAK,WEAK,96.1,95.1
3558,NORTH CENTRAL TEXAS COLLEGE,1525 W CALIFORNIA STREET,GAINESVILLE,TX,76240,ABOVE AVERAGE,64,48,AVERAGE,INCOMPLETE DATA,WEAK,WEAK,WEAK,VERY WEAK,NOT ENOUGH DATA,NOT ENOUGH DATA,94,
3560,DALLAS BAPTIST UNIVERSITY,3000 MOUNTAIN CREEK PARKWAY,DALLAS,TX,75211,AVERAGE,76,65,AVERAGE,EXCELLING,NOT ENOUGH DATA,STRONG,VERY STRONG,NOT ENOUGH DATA,STRONG,NEUTRAL,94.9,94.7
3563,DEL MAR COLLEGE,101 BALDWIN,CORPUS CHRISTI,TX,78404,ABOVE AVERAGE,32,40,BELOW AVERAGE,DEVELOPING,NEUTRAL,STRONG,VERY STRONG,VERY WEAK,NOT ENOUGH DATA,NOT ENOUGH DATA,94.8,93.5
3564,EAST TEXAS BAPTIST UNIVERSITY,1209 NORTH GROVE STREET,MARSHALL,TX,75670,AVERAGE,88,6,BELOW AVERAGE,EMERGING,NEUTRAL,NEUTRAL,NEUTRAL,WEAK,NOT ENOUGH DATA,NOT ENOUGH DATA,94.7,
3565,TEXAS A&M UNIVERSITY - COMMERCE,EAST TEXAS STATION,COMMERCE,TX,75429,ABOVE AVERAGE,52,50,BELOW AVERAGE,STRONG,VERY STRONG,NEUTRAL,NEUTRAL,STRONG,WEAK,STRONG,95.7,95.5
3568,FRANK PHILLIPS COLLEGE,BOX 5118,BORGER,TX,79008,AVERAGE,68,35,AVERAGE,EXCELLING,STRONG,NEUTRAL,NEUTRAL,NEUTRAL,STRONG,STRONG,95,94.9
3570,GRAYSON COUNTY COLLEGE,6101 GRAYSON DRIVE,DENISON,TX,75020,AVERAGE,76,27,AVERAGE,STRONG,VERY STRONG,STRONG,VERY STRONG,STRONG,NEUTRAL,NEUTRAL,96.2,94.6
3571,HARDIN-SIMMONS UNIVERSITY,BOX 16050,ABILENE,TX,79698,AVERAGE,68,34,ABOVE AVERAGE,EXCELLING,VERY STRONG,STRONG,VERY STRONG,VERY STRONG,STRONG,STRONG,95.1,
3572,TRINITY VALLEY COMMUNITY COLLEGE,100 CARDINAL DRIVE,ATHENS,TX,75751,AVERAGE,88,60,BELOW AVERAGE,EXCELLING,NEUTRAL,STRONG,STRONG,VERY WEAK,NEUTRAL,STRONG,93,95.3
3573,HILL COLLEGE,112 LAMAR DRIVE,HILLSBORO,TX,76645,ABOVE AVERAGE,52,12,ABOVE AVERAGE,EXCELLING,STRONG,NEUTRAL,WEAK,WEAK,NEUTRAL,NEUTRAL,96.6,93.1
3574,HOWARD COUNTY JUNIOR COLLEGE DISTRICT,1001 BIRDWELL LANE,BIG SPRING,TX,79720,AVERAGE,62,47,AVERAGE,EXCELLING,VERY STRONG,STRONG,STRONG,VERY STRONG,VERY STRONG,VERY STRONG,96.1,94.2
3575,HOWARD PAYNE UNIVERSITY,1000 FISK AVENUE,BROWNWOOD,TX,76801,AVERAGE,56,28,AVERAGE,EXCELLING,STRONG,NEUTRAL,NEUTRAL,VERY WEAK,VERY STRONG,NEUTRAL,95.2,95.4
3576,HOUSTON BAPTIST UNIVERSITY,7502 FONDREN ROAD,HOUSTON,TX,77074,AVERAGE,,,AVERAGE,DEVELOPING,STRONG,STRONG,STRONG,NEUTRAL,WEAK,STRONG,93.3,93.6
3577,HUSTON - TILLOTSON UNIVERSITY,900 CHICON,AUSTIN,TX,78702,ABOVE AVERAGE,,,FAR BELOW AVERAGE,INCOMPLETE DATA,WEAK,STRONG,STRONG,VERY WEAK,NOT ENOUGH DATA,NOT ENOUGH DATA,,
3578,UNIVERSITY OF THE INCARNATE WORD,4301 BROADWAY,SAN ANTONIO,TX,78209,NO DATA AVAILABLE,83,60,ABOVE AVERAGE,EXCELLING,VERY STRONG,STRONG,STRONG,VERY STRONG,WEAK,NEUTRAL,95,95
3579,JACKSONVILLE COLLEGE,105 B.J. ALBRITTON DRIVE,JACKSONVILLE,TX,75766,ABOVE AVERAGE,,,BELOW AVERAGE,EXCELLING,STRONG,NEUTRAL,NEUTRAL,WEAK,NOT ENOUGH DATA,NOT ENOUGH DATA,81.1,94.5
3580,KILGORE COLLEGE,1100 BROADWAY ST,KILGORE,TX,75662,BELOW AVERAGE,,,FAR BELOW AVERAGE,DEVELOPING,VERY STRONG,STRONG,STRONG,WEAK,STRONG,NEUTRAL,87,95.5
3581,LAMAR UNIVERSITY-BEAUMONT,4400 MARTIN LUTHER KING PARKWAY,BEAUMONT,TX,77710,BELOW AVERAGE,92,83,AVERAGE,EXCELLING,NEUTRAL,VERY WEAK,WEAK,WEAK,NOT ENOUGH DATA,NOT ENOUGH DATA,96.1,93.3
3582,LAREDO COMMUNITY COLLEGE,WEST END WASHINGTON ST,LAREDO,TX,78040,FAR ABOVE AVERAGE,83,73,BELOW AVERAGE,STRONG,STRONG,NEUTRAL,NEUTRAL,VERY WEAK,NOT ENOUGH DATA,NOT ENOUGH DATA,93.5,95.9
3583,LEE COLLEGE,511 S WHITING,BAYTOWN,TX,77520,ABOVE AVERAGE,,,BELOW AVERAGE,DEVELOPING,VERY STRONG,NEUTRAL,STRONG,NEUTRAL,STRONG,STRONG,89.3,94
3584,LETOURNEAU UNIVERSITY,2100 S MOBBERLY AVE POB 7001,LONGVIEW,TX,75607,AVERAGE,70,58,BELOW AVERAGE,EXCELLING,NEUTRAL,WEAK,WEAK,NEUTRAL,NEUTRAL,STRONG,86.4,93.7
3586,LUBBOCK CHRISTIAN UNIVERSITY,5601 19TH STREET,LUBBOCK,TX,79407,ABOVE AVERAGE,64,30,AVERAGE,DEVELOPING,VERY STRONG,STRONG,VERY STRONG,NEUTRAL,STRONG,NEUTRAL,95.1,94.9
3588,UNIVERSITY OF MARY HARDIN-BAYLOR,900 COLLEGE STREET,BELTON,TX,76513,AVERAGE,92,95,FAR ABOVE AVERAGE,EXCELLING,NEUTRAL,NEUTRAL,NEUTRAL,NEUTRAL,VERY WEAK,VERY WEAK,95.9,96.2
3590,MCLENNAN COMMUNITY COLLEGE,1400 COLLEGE DRIVE,WACO,TX,76708,FAR ABOVE AVERAGE,,,BELOW AVERAGE,DEVELOPING,STRONG,NEUTRAL,STRONG,WEAK,NOT ENOUGH DATA,NOT ENOUGH DATA,88.4,
3591,MCMURRY UNIVERSITY,S 14TH & SAYLES BLVD,ABILENE,TX,79697,BELOW AVERAGE,,,BELOW AVERAGE,EXCELLING,VERY STRONG,WEAK,NEUTRAL,VERY WEAK,NOT ENOUGH DATA,NOT ENOUGH DATA,91.4,
3592,MIDWESTERN STATE UNIVERSITY,3410 TAFT BLVD,WICHITA FALLS,TX,76308,FAR ABOVE AVERAGE,,,FAR BELOW AVERAGE,DEVELOPING,STRONG,STRONG,VERY STRONG,WEAK,STRONG,STRONG,83.1,93
3593,NAVARRO COLLEGE,3200 W 7TH AVE,CORSICANA,TX,75110,BELOW AVERAGE,78,78,AVERAGE,EXCELLING,VERY STRONG,VERY STRONG,VERY STRONG,WEAK,WEAK,NEUTRAL,95.5,94.7
3594,UNIVERSITY OF NORTH TEXAS,1147 UNION CIRCLE,DENTON,TX,76203,ABOVE AVERAGE,,,BELOW AVERAGE,EMERGING,STRONG,NEUTRAL,NEUTRAL,WEAK,NOT ENOUGH DATA,NOT ENOUGH DATA,92.4,95.2
3596,ODESSA COLLEGE,201 W UNIVERSITY,ODESSA,TX,79764,BELOW AVERAGE,81,66,AVERAGE,STRONG,NEUTRAL,STRONG,STRONG,VERY WEAK,NEUTRAL,NEUTRAL,95.1,95.5
3598,OUR LADY OF THE LAKE UNIVERSITY,411 SW 24TH STREET,SAN ANTONIO,TX,78207,ABOVE AVERAGE,,,FAR BELOW AVERAGE,INCOMPLETE DATA,STRONG,STRONG,NEUTRAL,WEAK,NEUTRAL,VERY STRONG,59.4,
3599,UNIVERSITY OF TEXAS - RIO GRANDE VALLEY,1201 WEST UNIVERSITY DRIVE,EDINBURG,TX,78539,NO DATA AVAILABLE,,,BELOW AVERAGE,EXCELLING,STRONG,STRONG,STRONG,WEAK,NOT ENOUGH DATA,NOT ENOUGH DATA,88.9,93.8
3600,PANOLA COLLEGE,1109 WEST PANOLA AVE,CARTHAGE,TX,75633,BELOW AVERAGE,,,BELOW AVERAGE,INCOMPLETE DATA,STRONG,NEUTRAL,NEUTRAL,NEUTRAL,NEUTRAL,NEUTRAL,94.1,95.5
3601,PARIS JR COLLEGE,2400 CLARKSVILLE,PARIS,TX,75460,AVERAGE,,,NO DATA AVAILABLE,EMERGING,NOT ENOUGH DATA,NOT ENOUGH DATA,NOT ENOUGH DATA,NOT ENOUGH DATA,VERY STRONG,NEUTRAL,71.2,
3602,PAUL QUINN COLLEGE,3837 SIMPSON STUART RD,DALLAS,TX,75241,NO DATA AVAILABLE,89,23,AVERAGE,EXCELLING,STRONG,NEUTRAL,STRONG,WEAK,NOT ENOUGH DATA,NOT ENOUGH DATA,95.8,95.7
3603,RANGER COLLEGE,COLLEGE CIRCLE,RANGER,TX,76470,AVERAGE,73,65,AVERAGE,STRONG,STRONG,STRONG,STRONG,NEUTRAL,NOT ENOUGH DATA,NOT ENOUGH DATA,95.5,95.1
E00555,ANTIOCH UNIV/SEATTLE,2626 SIXTH AVENUE,SEATTLE,WA,98121,ABOVE AVERAGE,88,68,ABOVE AVERAGE,DEVELOPING,NEUTRAL,NEUTRAL,STRONG,NEUTRAL,NOT ENOUGH DATA,NOT ENOUGH DATA,95.9,94.3
E01257,INTERNATIONAL ACADEMY OF DESIGN & TECH,645 ANDOVER PARK WEST,SEATTLE,WA,98188,ABOVE AVERAGE,95,87,ABOVE AVERAGE,STRONG,STRONG,STRONG,VERY STRONG,NEUTRAL,NOT ENOUGH DATA,NOT ENOUGH DATA,96,95.4
E01311,EVEREST COLLEGE - EVERETT,906 SE EVERETT MALL PARKWAY,EVERETT,WA,98208,FAR ABOVE AVERAGE,19,5,BELOW AVERAGE,EXCELLING,VERY STRONG,NEUTRAL,NEUTRAL,NEUTRAL,VERY WEAK,STRONG,94.8,94.3
E01312,EVEREST COLLEGE - TACOMA,2156 PACIFIC AVENUE,TACOMA,WA,98402,BELOW AVERAGE,,,BELOW AVERAGE,INCOMPLETE DATA,STRONG,STRONG,STRONG,WEAK,NOT ENOUGH DATA,NOT ENOUGH DATA,91,
E40419,BEAUTY INSTITUTE SCHWARZKOPF PROFESSIONA,1411 RAILROAD AVENUE,BELLINGHAM,WA,98225,AVERAGE,,,NO DATA AVAILABLE,INCOMPLETE DATA,NOT ENOUGH DATA,NOT ENOUGH DATA,NOT ENOUGH DATA,NOT ENOUGH DATA,NOT ENOUGH DATA,NOT ENOUGH DATA,100,
G31108,BAKKE GRADUATE UNIVERSITY,1013 EIGHTH AVENUE,SEATTLE,WA,98104,NO DATA AVAILABLE,62,66,ABOVE AVERAGE,EXCELLING,NEUTRAL,STRONG,STRONG,STRONG,NOT ENOUGH DATA,NOT ENOUGH DATA,96.6,
G32803,SEATTLE INST OF ORIENTAL MEDICINE,916 NE 65TH STREET SUITE B,SEATTLE,WA,98115,AVERAGE,,,AVERAGE,EXCELLING,VERY STRONG,VERY STRONG,VERY STRONG,NEUTRAL,NEUTRAL,STRONG,92.6,95.2
G34664,SEATTLE SCHOOL OF THEOLOGY AND PSYCHOLOG,2501 ELLIOT AVENUE,SEATTLE,WA,98121,ABOVE AVERAGE,91,86,FAR ABOVE AVERAGE,EXCELLING,STRONG,STRONG,STRONG,VERY STRONG,NEUTRAL,STRONG,95.4,95.3
G41305,PACIFIC NORTHWEST UNIV OF HEALTH SCIENCE,111 UNIVERSITY PARKWAY,YAKIMA,WA,98901,FAR ABOVE AVERAGE,,,FAR ABOVE AVERAGE,INCOMPLETE DATA,VERY STRONG,STRONG,VERY STRONG,STRONG,NOT ENOUGH DATA,NOT ENOUGH DATA,93.5,96
G41612,PINCHOT UNIVERSITY,220 SECOND AVENUE SOUTH,SEATTLE,WA,98104,FAR ABOVE AVERAGE,79,66,FAR ABOVE AVERAGE,EXCELLING,STRONG,STRONG,STRONG,NEUTRAL,NOT ENOUGH DATA,NOT ENOUGH DATA,96.9,95.9
3769,BELLEVUE COLLEGE,3000 LANDERHOLM CIRCLE SE,BELLEVUE,WA,98007,ABOVE AVERAGE,90,75,ABOVE AVERAGE,STRONG,STRONG,STRONG,STRONG,NEUTRAL,STRONG,VERY STRONG,96.1,96
3770,BIG BEND COMMUNITY COLLEGE,7662 CHANUTE ST,MOSES LAKE,WA,98837,FAR ABOVE AVERAGE,,,AVERAGE,INCOMPLETE DATA,VERY STRONG,NEUTRAL,NEUTRAL,NEUTRAL,NOT ENOUGH DATA,NOT ENOUGH DATA,92.9,
3771,CENTRAL WASHINGTON UNIVERSITY,400 E UNIVERSITY WAY,ELLENSBURG,WA,98926,FAR ABOVE AVERAGE,68,58,BELOW AVERAGE,DEVELOPING,NEUTRAL,NEUTRAL,NEUTRAL,VERY WEAK,NEUTRAL,NEUTRAL,92.2,
3772,CENTRALIA COLLEGE,600 CENTRALIA COLLEGE BOULEVARD,CENTRALIA,WA,98531,AVERAGE,76,69,AVERAGE,EXCELLING,STRONG,STRONG,STRONG,NEUTRAL,NOT ENOUGH DATA,NOT ENOUGH DATA,95.3,95.1
3773,CLARK COLLEGE,1800 EAST MCLOUGHLIN,VANCOUVER,WA,98663,ABOVE AVERAGE,92,10,ABOVE AVERAGE,INCOMPLETE DATA,STRONG,STRONG,STRONG,NEUTRAL,NOT ENOUGH DATA,NOT ENOUGH DATA,95.8,97.3
3774,COLUMBIA BASIN COLLEGE,2600 N 20TH AVENUE,PASCO,WA,99301,ABOVE AVERAGE,,,BELOW AVERAGE,DEVELOPING,VERY STRONG,STRONG,VERY STRONG,VERY WEAK,NOT ENOUGH DATA,NOT ENOUGH DATA,87.6,
3775,EASTERN WASHINGTON UNIVERSITY,102 SUTTON HALL,CHENEY,WA,99004,BELOW AVERAGE,70,75,FAR ABOVE AVERAGE,EXCELLING,STRONG,STRONG,VERY STRONG,STRONG,WEAK,WEAK,96,95.6
3776,EVERETT COMMUNITY COLLEGE,2000 TOWER STREET,EVERETT,WA,98201,ABOVE AVERAGE,81,34,FAR ABOVE AVERAGE,EXCELLING,NOT ENOUGH DATA,WEAK,WEAK,NOT ENOUGH DATA,NOT ENOUGH DATA,NOT ENOUGH DATA,95,95.8
3777,HERITAGE UNIVERSITY,3240 FORT ROAD,TOPPENISH,WA,98948,AVERAGE,95,48,BELOW AVERAGE,EXCELLING,STRONG,VERY STRONG,VERY STRONG,STRONG,STRONG,NEUTRAL,94,93.9
3778,GONZAGA UNIVERSITY,502 EAST BOONE AVENUE,SPOKANE,WA,99258,ABOVE AVERAGE,99,97,AVERAGE,EXCELLING,VERY STRONG,NEUTRAL,STRONG,NEUTRAL,WEAK,NEUTRAL,96,94
3779,GRAYS HARBOR COLLEGE,1620 EDWARD P. SMITH DR.,ABERDEEN,WA,98520,FAR ABOVE AVERAGE,88,27,BELOW AVERAGE,EXCELLING,STRONG,STRONG,STRONG,WEAK,STRONG,STRONG,94.7,95.6
3780,GREEN RIVER COMMUNITY COLLEGE,12401 SO EAST 320TH STREET,AUBURN,WA,98092,AVERAGE,36,23,BELOW AVERAGE,EXCELLING,STRONG,NEUTRAL,NEUTRAL,VERY WEAK,WEAK,NEUTRAL,94.8,96.1
3781,HIGHLINE COMMUNITY COLLEGE,2400 S 240TH ST PO BOX 98000,DES MOINES,WA,98198,BELOW AVERAGE,97,89,BELOW AVERAGE,DEVELOPING,NOT ENOUGH DATA,WEAK,WEAK,NOT ENOUGH DATA,NOT ENOUGH DATA,NOT ENOUGH DATA,95,
3782,LOWER COLUMBIA COLLEGE,1600 MAPLE ST/PO BOX 3010,LONGVIEW,WA,98632,FAR ABOVE AVERAGE,58,72,ABOVE AVERAGE,DEVELOPING,NEUTRAL,NEUTRAL,NEUTRAL,STRONG,NOT ENOUGH DATA,NOT ENOUGH DATA,97,
3783,NORTHWEST UNIVERSITY,PO BOX 579,KIRKLAND,WA,98083,ABOVE AVERAGE,88,88,AVERAGE,STRONG,STRONG,NEUTRAL,STRONG,NEUTRAL,NOT ENOUGH DATA,NOT ENOUGH DATA,96.9,
3784,OLYMPIC COLLEGE,1600 CHESTER AVE,BREMERTON,WA,98337,ABOVE AVERAGE,85,75,FAR ABOVE AVERAGE,STRONG,STRONG,STRONG,NEUTRAL,STRONG,NEUTRAL,NEUTRAL,95,94.9
3785,PACIFIC LUTHERAN UNIVERSITY,**,TACOMA,WA,98447,ABOVE AVERAGE,92,68,ABOVE AVERAGE,EXCELLING,VERY STRONG,STRONG,STRONG,STRONG,NEUTRAL,STRONG,95.1,94.9
3786,PENINSULA COLLEGE,1502 E LAURIDSEN,PORT ANGELES,WA,98362,ABOVE AVERAGE,83,72,ABOVE AVERAGE,STRONG,NEUTRAL,STRONG,STRONG,NEUTRAL,NOT ENOUGH DATA,NOT ENOUGH DATA,95.8,93.7
3787,SEATTLE CENTRAL COMMUNITY COLLEGE,1701 BROADWAY,SEATTLE,WA,98122,ABOVE AVERAGE,60,60,AVERAGE,INCOMPLETE DATA,NEUTRAL,WEAK,WEAK,NEUTRAL,WEAK,WEAK,94.9,
3788,SEATTLE PACIFIC UNIVERSITY,3307 THIRD AVE WEST,SEATTLE,WA,98119,AVERAGE,88,57,AVERAGE,STRONG,STRONG,VERY STRONG,VERY STRONG,WEAK,NEUTRAL,NEUTRAL,95.3,94.9
3790,SEATTLE UNIVERSITY,900 BROADWAY,SEATTLE,WA,98122,ABOVE AVERAGE,58,25,AVERAGE,STRONG,NEUTRAL,VERY STRONG,VERY STRONG,WEAK,WEAK,STRONG,95.7,95.2
3791,SHORELINE COMMUNITY COLLEGE,16101 GREENWOOD AVE NORTH,SEATTLE,WA,98133,AVERAGE,86,53,BELOW AVERAGE,EXCELLING,STRONG,NEUTRAL,STRONG,WEAK,NOT ENOUGH DATA,NOT ENOUGH DATA,95.8,94.9
3792,SKAGIT VALLEY COLLEGE,2405 COLLEGE WAY,MOUNT VERNON,WA,98273,ABOVE AVERAGE,78,90,AVERAGE,STRONG,STRONG,NEUTRAL,STRONG,STRONG,NOT ENOUGH DATA,NOT ENOUGH DATA,96.1,94.8
3793,SPOKANE COMMUNITY COLLEGE,1810 NORTH GREEN STREET,SPOKANE,WA,99207,FAR ABOVE AVERAGE,,,FAR BELOW AVERAGE,STRONG,VERY STRONG,STRONG,STRONG,NEUTRAL,NOT ENOUGH DATA,NOT ENOUGH DATA,76.8,93
3794,ST MARTIN'S UNIVERSITY,5300 PACIFIC AVE SE,LACEY,WA,98503,FAR BELOW AVERAGE,44,32,AVERAGE,STRONG,STRONG,NEUTRAL,NEUTRAL,STRONG,STRONG,NEUTRAL,94.7,94.5
3796,TACOMA COMMUNITY COLLEGE,6501 S. 19TH ST. BLDG 18,TACOMA,WA,98466,AVERAGE,81,48,AVERAGE,STRONG,VERY STRONG,STRONG,STRONG,STRONG,STRONG,STRONG,95.1,95.3
3797,UNIVERSITY OF PUGET SOUND,1500 NORTH WARNER,TACOMA,WA,98416,ABOVE AVERAGE,,,BELOW AVERAGE,EXCELLING,NEUTRAL,NEUTRAL,NEUTRAL,VERY WEAK,NOT ENOUGH DATA,NOT ENOUGH DATA,90.4,94.3
3798,UNIVERSITY OF WASHINGTON,3917 UNIVERSITY WAY NE,SEATTLE,WA,98195,AVERAGE,91,97,BELOW AVERAGE,EXCELLING,NOT ENOUGH DATA,STRONG,STRONG,NOT ENOUGH DATA,NOT ENOUGH DATA,NOT ENOUGH DATA,95.9,95.5
3799,WALLA WALLA UNIVERSITY,204 S. COLLEGE AVE,COLLEGE PLACE,WA,99324,FAR ABOVE AVERAGE,50,28,ABOVE AVERAGE,EXCELLING,VERY STRONG,VERY STRONG,VERY STRONG,VERY STRONG,NOT ENOUGH DATA,NOT ENOUGH DATA,94,94.2
3800,WASHINGTON STATE UNIVERSITY,1 SOUTHEAST STADIUM WAY,PULLMAN,WA,99164,AVERAGE,79,45,AVERAGE,STRONG,STRONG,NEUTRAL,NEUTRAL,NEUTRAL,NOT ENOUGH DATA,NOT ENOUGH DATA,95.6,95.2
3801,WENATCHEE VALLEY COLLEGE,1300 FIFTH ST,WENATCHEE,WA,98801,ABOVE AVERAGE,68,50,AVERAGE,STRONG,NOT ENOUGH DATA,STRONG,STRONG,NOT ENOUGH DATA,STRONG,STRONG,95.1,96.5
3802,WESTERN WASHINGTON UNIVERSITY,516 HIGH STREET,BELLINGHAM,WA,98225,AVERAGE,99,50,AVERAGE,INCOMPLETE DATA,STRONG,NEUTRAL,VERY STRONG,WEAK,STRONG,STRONG,95.6,93.6
3803,WHITMAN COLLEGE,345 BOYER,WALLA WALLA,WA,99362,ABOVE AVERAGE,76,58,ABOVE AVERAGE,EXCELLING,STRONG,STRONG,VERY STRONG,STRONG,NOT ENOUGH DATA,NOT ENOUGH DATA,95.8,96.1
3804,WHITWORTH UNIVERSITY,300 W. HAWTHORNE BLVD,SPOKANE,WA,99251,ABOVE AVERAGE,88,81,ABOVE AVERAGE,STRONG,STRONG,STRONG,VERY STRONG,STRONG,VERY STRONG,NEUTRAL,96.1,97
3805,YAKIMA VALLEY COMMUNITY COLLEGE,16TH AVE & NOB HILL BOULEVARD,YAKIMA,WA,98907,ABOVE AVERAGE,95,91,ABOVE AVERAGE,INCOMPLETE DATA,NEUTRAL,STRONG,STRONG,NEUTRAL,NEUTRAL,NEUTRAL,95,95.2
5000,PIERCE COLLEGE,9401 FARWEST DRIVE S.W.,LAKEWOOD,WA,98498,FAR ABOVE AVERAGE,83,95,FAR ABOVE AVERAGE,STRONG,VERY STRONG,STRONG,VERY STRONG,VERY STRONG,STRONG,STRONG,96.4,97.1
5001,EDMONDS COMMUNITY COLLEGE,20000 68TH AVE WEST,LYNNWOOD,WA,98036,FAR ABOVE AVERAGE,78,39,AVERAGE,STRONG,NOT ENOUGH DATA,NEUTRAL,NEUTRAL,NOT ENOUGH DATA,NOT ENOUGH DATA,NOT ENOUGH DATA,96.4,93.2
5006,WALLA WALLA COMMUNITY COLLEGE,500 TAUSICK WAY,WALLA WALLA,WA,99362,AVERAGE,62,34,AVERAGE,STRONG,NEUTRAL,NEUTRAL,NEUTRAL,STRONG,NOT ENOUGH DATA,NOT ENOUGH DATA,95.1,
5372,SOUTH PUGET SOUND COMMUNITY COLLEGE,2011 MOTTMAN RD SW,OLYMPIA,WA,98512,NO DATA AVAILABLE,83,81,AVERAGE,DEVELOPING,VERY STRONG,NEUTRAL,STRONG,NEUTRAL,NEUTRAL,STRONG,94.2,95.8
5373,LAKE WASHINGTON TECHNICAL COLLEGE,11605-132 AVENUE NE,KIRKLAND,WA,98034,ABOVE AVERAGE,85,95,FAR ABOVE AVERAGE,DEVELOPING,VERY STRONG,VERY STRONG,VERY STRONG,VERY STRONG,STRONG,VERY STRONG,97.2,95.2
8155,EVERGREEN STATE COLLEGE (THE),2700 EVERGREEN PARKWAY NW,OLYMPIA,WA,98505,FAR ABOVE AVERAGE,58,58,ABOVE AVERAGE,STRONG,STRONG,STRONG,STRONG,NEUTRAL,NOT ENOUGH DATA,NOT ENOUGH DATA,95,94.9
8443,ITT TECHNICAL INSTITUTE - SEATTLE,12720 GATEWAY DRIVE,SEATTLE,WA,98168,AVERAGE,91,78,BELOW AVERAGE,STRONG,STRONG,STRONG,STRONG,VERY WEAK,STRONG,NEUTRAL,92.7,
9387,PERRY TECHNICAL INSTITUTE,2011 W WASHINGTON AVE,YAKIMA,WA,98903,ABOVE AVERAGE,,,NO DATA AVAILABLE,DEVELOPING,NEUTRAL,VERY WEAK,WEAK,NEUTRAL,NOT ENOUGH DATA,NOT ENOUGH DATA,72.2,
9544,SPOKANE FALLS COMMUNITY COLLEGE,3410 W. FT.G.WRIGHT DR MS 3172,SPOKANE,WA,99224,NO DATA AVAILABLE,96,83,AVERAGE,DEVELOPING,STRONG,NEUTRAL,STRONG,WEAK,NOT ENOUGH DATA,NOT ENOUGH DATA,95.6,94.4
9704,NORTH SEATTLE COMMUNITY COLLEGE,9600 COLLEGE WAY NORTH,SEATTLE,WA,98103,FAR ABOVE AVERAGE,94,86,BELOW AVERAGE,INCOMPLETE DATA,VERY STRONG,WEAK,NEUTRAL,STRONG,STRONG,WEAK,93.1,95.4
9706,SOUTH SEATTLE COMMUNITY COLLEGE,6000 16 AVE SW,SEATTLE,WA,98106,FAR ABOVE AVERAGE,52,48,BELOW AVERAGE,STRONG,NOT ENOUGH DATA,NEUTRAL,NEUTRAL,NOT ENOUGH DATA,NEUTRAL,NEUTRAL,96.3,95.1
9739,GLEN DOW ACAD OF HAIR DESIGN,WEST 309 RIVERSIDE AVENUE,SPOKANE,WA,99201,AVERAGE,,,NO DATA AVAILABLE,INCOMPLETE DATA,VERY STRONG,WEAK,STRONG,NEUTRAL,NOT ENOUGH DATA,NOT ENOUGH DATA,82.5,
10364,WHATCOM COMMUNITY COLLEGE,237 W KELLOGG RD,BELLINGHAM,WA,98226,NO DATA AVAILABLE,95,76,AVERAGE,DEVELOPING,STRONG,NEUTRAL,NEUTRAL,NEUTRAL,VERY STRONG,VERY STRONG,95,93.6
11481,DIVERS INSTITUTE OF TECHNOLOGY,4315 11TH AVE NW PO BOX 70667,SEATTLE,WA,98107,FAR ABOVE AVERAGE,,,FAR BELOW AVERAGE,STRONG,STRONG,NEUTRAL,NEUTRAL,WEAK,STRONG,NEUTRAL,91.6,
12259,BATES TECHNICAL COLLEGE,1101 SOUTH YAKIMA AVENUE,TACOMA,WA,98405,FAR BELOW AVERAGE,,,BELOW AVERAGE,EXCELLING,VERY STRONG,STRONG,VERY STRONG,WEAK,NOT ENOUGH DATA,NOT ENOUGH DATA,89.7,95.3
12315,CORNISH COLLEGE OF THE ARTS,1000 LENORA STREET,SEATTLE,WA,98121,AVERAGE,76,81,AVERAGE,STRONG,STRONG,NEUTRAL,NEUTRAL,NEUTRAL,NEUTRAL,STRONG,96.5,95.1
13022,CITY UNIVERSITY OF SEATTLE,521 WALL STREET,SEATTLE,WA,98121,ABOVE AVERAGE,62,80,BELOW AVERAGE,INCOMPLETE DATA,VERY STRONG,VERY STRONG,VERY STRONG,STRONG,NEUTRAL,STRONG,92.9,93.7
13822,TONI & GUY HAIRDRESSING ACADEMY,18336 AURORA AVENUE NORTH,SHORELINE,WA,98133,ABOVE AVERAGE,58,52,AVERAGE,EXCELLING,STRONG,NEUTRAL,STRONG,NEUTRAL,NOT ENOUGH DATA,NOT ENOUGH DATA,96.1,96.7
13926,GENE JUAREZ BEAUTY SCHOOLS,6007-A 244TH STREET SOUTHWEST,MOUNTLAKE TERRACE,WA,98043,AVERAGE,99,92,ABOVE AVERAGE,DEVELOPING,VERY STRONG,STRONG,STRONG,STRONG,STRONG,STRONG,96.1,94.4
14001,RENTON TECHNICAL COLLEGE,3000 NORTHEAST FOURTH ST,RENTON,WA,98056,FAR ABOVE AVERAGE,46,11,BELOW AVERAGE,EMERGING,VERY STRONG,STRONG,STRONG,NEUTRAL,NOT ENOUGH DATA,NOT ENOUGH DATA,92.8,95.3
14396,PAROBA COLLEGE OF COSMETOLOGY,607 SE EVERETT MALL WAY STE 5,EVERETT,WA,98208,AVERAGE,89,37,AVERAGE,STRONG,STRONG,STRONG,STRONG,STRONG,NOT ENOUGH DATA,NOT ENOUGH DATA,95.5,94.9
14618,EVERGREEN BEAUTY AND BARBER COLLEGE,14045 NORTHEAST 20TH STREET,BELLEVUE,WA,98007,AVERAGE,78,45,ABOVE AVERAGE,EXCELLING,VERY STRONG,STRONG,VERY STRONG,VERY STRONG,STRONG,STRONG,96.4,
15040,EVEREST COLLEGE - EVERETT WA,906 SE EVERETT MALL WAY,EVERETT,WA,98208,ABOVE AVERAGE,,,AVERAGE,DEVELOPING,NEUTRAL,NEUTRAL,NEUTRAL,WEAK,NEUTRAL,NEUTRAL,91.4,94.9
15562,STYLEMASTERS COLLEGE OF HAIR DESIGN,1224 COMMERCE,LONGVIEW,WA,98632,ABOVE AVERAGE,83,91,AVERAGE,DEVELOPING,VERY STRONG,STRONG,STRONG,NEUTRAL,NOT ENOUGH DATA,NOT ENOUGH DATA,93.9,
15817,PROFESSIONAL BEAUTY SCHOOL,2105 WEST LINCOLN AVENUE,YAKIMA,WA,98902,ABOVE AVERAGE,32,24,BELOW AVERAGE,EMERGING,NEUTRAL,NEUTRAL,NEUTRAL,NEUTRAL,NOT ENOUGH DATA,NOT ENOUGH DATA,96.6,95.5
15984,CLOVER PARK TECHNICAL COLLEGE,4500 STEILACOOM BLVD SW,LAKEWOOD,WA,98499,BELOW AVERAGE,,,BELOW AVERAGE,INCOMPLETE DATA,NEUTRAL,VERY WEAK,WEAK,STRONG,NOT ENOUGH DATA,NOT ENOUGH DATA,35.4,
16059,BASTYR UNIVERSITY,14500 JUANITA DRIVE NE,KENMORE,WA,98028,NO DATA AVAILABLE,40,18,BELOW AVERAGE,DEVELOPING,STRONG,WEAK,WEAK,WEAK,STRONG,STRONG,93.8,95.3
16210,ART INSTITUTE OF SEATTLE,2323 ELLIOTT AVE,SEATTLE,WA,98121,AVERAGE,83,58,ABOVE AVERAGE,STRONG,STRONG,NEUTRAL,NEUTRAL,WEAK,NOT ENOUGH DATA,NOT ENOUGH DATA,95.6,94.7
16227,BELLINGHAM TECHNICAL COLLEGE,3028 LINDBERGH AVENUE,BELLINGHAM,WA,98225,ABOVE AVERAGE,98,99,AVERAGE,DEVELOPING,STRONG,STRONG,STRONG,WEAK,WEAK,VERY STRONG,94.3,96.7
16856,ACADEMY OF HAIR DESIGN (THE),208 S WENATCHEE AVE,WENATCHEE,WA,98801,FAR ABOVE AVERAGE,,,NO DATA AVAILABLE,STRONG,NOT ENOUGH DATA,NOT ENOUGH DATA,NOT ENOUGH DATA,NOT ENOUGH DATA,NOT ENOUGH DATA,NOT ENOUGH DATA,72.3,
17065,BJ'S BEAUTY AND BARBER COLLEGE,5239 S TACOMA WAY,TACOMA,WA,98409,NO DATA AVAILABLE,68,91,BELOW AVERAGE,EXCELLING,VERY STRONG,NEUTRAL,NEUTRAL,VERY STRONG,STRONG,VERY STRONG,95,95.2
21800,NORTHWEST INDIAN COLLEGE,2522 KWINA RD,BELLINGHAM,WA,98226,ABOVE AVERAGE,79,48,AVERAGE,EXCELLING,NEUTRAL,NEUTRAL,NEUTRAL,WEAK,NOT ENOUGH DATA,NOT ENOUGH DATA,94.2,94.9
22229,INTERNATIONAL AIR & HOSPITALITY ACADEMY,2901 E MILL PLAIN BLVD,VANCOUVER,WA,98661,ABOVE AVERAGE,,,BELOW AVERAGE,DEVELOPING,STRONG,WEAK,WEAK,WEAK,NOT ENOUGH DATA,NOT ENOUGH DATA,95.1,97.7
26021,NORTHWEST COLLEGE OF ART & DESIGN,16301 CREATIVE DRIVE N.E.,POULSBO,WA,98370,AVERAGE,78,50,AVERAGE,EXCELLING,NEUTRAL,STRONG,STRONG,WEAK,NOT ENOUGH DATA,NOT ENOUGH DATA,97.8,96.8
30521,SEATTLE VOCATIONAL INSTITUTE,220 S. JACKSON,SEATTLE,WA,98144,ABOVE AVERAGE,97,94,ABOVE AVERAGE,STRONG,STRONG,NEUTRAL,STRONG,NEUTRAL,NEUTRAL,STRONG,96,95.6
30650,LUCAS MARC ACADEMY,71 GAGE BOULEVARD,RICHLAND,WA,99352,FAR ABOVE AVERAGE,79,68,BELOW AVERAGE,EXCELLING,VERY STRONG,STRONG,STRONG,NEUTRAL,NEUTRAL,NEUTRAL,92.8,95
30718,ITT TECHNICAL INSTITUTE,13518 EAST INDIANA AVENUE,SPOKANE VALLEY,WA,99216,ABOVE AVERAGE,62,42,AVERAGE,STRONG,STRONG,WEAK,WEAK,VERY WEAK,NOT ENOUGH DATA,NOT ENOUGH DATA,94.2,94.7
30990,CORTIVA INSTITUTE - SEATTLE,425 PONTIUS AVE N #100,SEATTLE,WA,98109,AVERAGE,81,57,AVERAGE,EXCELLING,VERY STRONG,STRONG,STRONG,NEUTRAL,NOT ENOUGH DATA,NOT ENOUGH DATA,93.2,95.5
31395,MONTESSORI SCHOOLS OF WASHINGTON,1804 PUGET DR,EVERETT,WA,98203,ABOVE AVERAGE,76,47,AVERAGE,STRONG,STRONG,STRONG,VERY STRONG,NEUTRAL,STRONG,VERY STRONG,94.7,95.4
32833,NORTHWEST HVAC/R ASSOCIATION & TRAINING,204 EAST NORA AVE,SPOKANE,WA,99207,ABOVE AVERAGE,86,88,ABOVE AVERAGE,DEVELOPING,STRONG,STRONG,STRONG,STRONG,VERY STRONG,STRONG,96,95.6
34835,CASCADIA COMMUNITY COLLEGE,18345 CAMPUS WAY NORTHEAST,BOTHELL,WA,98011,ABOVE AVERAGE,79,69,AVERAGE,DEVELOPING,VERY STRONG,NEUTRAL,NEUTRAL,NEUTRAL,NOT ENOUGH DATA,NOT ENOUGH DATA,96.1,94.9
34904,EMIL FRIES PIANO HOSPITAL & TRAININ,2510 EAST EVERGREEN BLVD,VANCOUVER,WA,98661,ABOVE AVERAGE,99,77,BELOW AVERAGE,DEVELOPING,STRONG,WEAK,VERY WEAK,VERY WEAK,STRONG,STRONG,92.3,93.3
36894,FAITH EVANGELICAL COLLEGE & SEMINARY,3504 N. PEARL STREET,TACOMA,WA,98407,FAR ABOVE AVERAGE,88,57,AVERAGE,STRONG,NOT ENOUGH DATA,NOT ENOUGH DATA,NOT ENOUGH DATA,NOT ENOUGH DATA,WEAK,NEUTRAL,96.6,
37243,DIGIPEN INSTITUTE OF TECHNOLOGY,9931 WILLOWS ROAD NORTH EAST,REDMOND,WA,98052,ABOVE AVERAGE,95,88,AVERAGE,EXCELLING,STRONG,STRONG,VERY STRONG,WEAK,VERY STRONG,VERY STRONG,96.5,97.1
39173,EVERGREEN BEAUTY AND BARBER COLLEGE,802 SE EVERETT MALL WAY - SUITE A,EVERETT,WA,98208,FAR ABOVE AVERAGE,70,75,FAR ABOVE AVERAGE,STRONG,STRONG,NEUTRAL,NEUTRAL,STRONG,NOT ENOUGH DATA,NOT ENOUGH DATA,95.6,95.5
41200,SUNNYSIDE BEAUTY ACADEMY,440 BARNARD BOULEVARD,SUNNYSIDE,WA,98944,ABOVE AVERAGE,66,53,AVERAGE,STRONG,STRONG,WEAK,NEUTRAL,WEAK,NOT ENOUGH DATA,NOT ENOUGH DATA,91.2,
41272,VICTORIA'S ACADEMY OF COSMETOLOGY,23 WEST 1ST AVENUE,KENNEWICK,WA,99336,AVERAGE,90,88,BELOW AVERAGE,EXCELLING,STRONG,STRONG,STRONG,NEUTRAL,NEUTRAL,STRONG,95.1,96
41308,CASCADE BEAUTY COLLEGE,435 EAST MAIN STREET,AUBURN,WA,98002,FAR ABOVE AVERAGE,78,75,BELOW AVERAGE,EXCELLING,VERY STRONG,VERY STRONG,STRONG,VERY WEAK,NOT ENOUGH DATA,NOT ENOUGH DATA,93.8,94.2
41328,INLAND MASSAGE INSTITUTE,775 EAST HOLLAND AVENUE SUITE 110,SPOKANE,WA,99218,ABOVE AVERAGE,98,57,ABOVE AVERAGE,DEVELOPING,VERY STRONG,STRONG,STRONG,STRONG,NEUTRAL,VERY STRONG,96,94.5
41494,GARY MANUEL AVEDA INSTITUTE,1514 10TH AVENUE,SEATTLE,WA,98122,ABOVE AVERAGE,,,AVERAGE,INCOMPLETE DATA,VERY STRONG,STRONG,STRONG,WEAK,NOT ENOUGH DATA,NOT ENOUGH DATA,91.4,
41550,NORTHWEST SCHOOL OF WOODEN BOAT BUILDING,42 NORTH WATER STREET,PORT HADLOCK,WA,98339,FAR ABOVE AVERAGE,62,66,AVERAGE,STRONG,STRONG,STRONG,VERY STRONG,STRONG,NOT ENOUGH DATA,NOT ENOUGH DATA,94.2,94
41701,SUMMIT SALON ACADEMY,3702 SOUTH FIFE STREET,TACOMA,WA,98409,AVERAGE,,,NO DATA AVAILABLE,DEVELOPING,STRONG,NEUTRAL,STRONG,WEAK,NOT ENOUGH DATA,NOT ENOUGH DATA,92.2,94.1
41919,PAUL MITCHELL THE SCHOOL SPOKANE,15303 EAST SPRAGUE AVENUE,SPOKANE VALLEY,WA,99037,NO DATA AVAILABLE,60,45,ABOVE AVERAGE,EXCELLING,STRONG,STRONG,STRONG,STRONG,NEUTRAL,STRONG,96.2,95.1
42236,ACADEMY OF INTERACTIVE ENTERTAINMENT,305 HARRISON STREET SUITE 405,SEATTLE,WA,98109,AVERAGE,73,48,ABOVE AVERAGE,EXCELLING,VERY STRONG,STRONG,VERY STRONG,VERY STRONG,VERY STRONG,STRONG,96.3,95.9
42310,STUDIO BEAUTY SCHOOL,2824 N MONROE,SPOKANE,WA,99205,ABOVE AVERAGE,,,FAR BELOW AVERAGE,EMERGING,STRONG,STRONG,STRONG,WEAK,NOT ENOUGH DATA,NOT ENOUGH DATA,85.9,94.9
42504,FOSBRE ACADEMY OF HAIR DESIGN,111 CAPITOL WAY N,OLYMPIA,WA,98501,BELOW AVERAGE,72,87,AVERAGE,EXCELLING,NOT ENOUGH DATA,WEAK,WEAK,NOT ENOUGH DATA,VERY STRONG,STRONG,96.1,95.7
42529,INTERNATIONAL BEAUTY EDUCATION CENTER,12832 WEST SUNSET HIGHWAY,AIRWAY HEIGHTS,WA,99001,ABOVE AVERAGE,70,57,BELOW AVERAGE,EXCELLING,VERY STRONG,STRONG,STRONG,STRONG,NOT ENOUGH DATA,NOT ENOUGH DATA,96.2,94
42580,SEATTLE FILM INSTITUTE,3210 16TH AVENUE W,SEATTLE,WA,98119,ABOVE AVERAGE,94,91,ABOVE AVERAGE,INCOMPLETE DATA,STRONG,WEAK,NEUTRAL,NEUTRAL,NOT ENOUGH DATA,NOT ENOUGH DATA,95.7,94.6
